iso3,category,indicator,value,unit,year,source
LTU,energy,renewable_share,23.4,%,2024,Our World in Data / Energy Institute
MEX,energy,renewable_share,8.3,%,2024,Our World in Data / Energy Institute
ITA,energy,renewable_share,20.9,%,2024,Our World in Data / Energy Institute
PRT,energy,renewable_share,39.7,%,2024,Our World in Data / Energy Institute
JPN,energy,renewable_share,12.7,%,2024,Our World in Data / Energy Institute
PHL,energy,renewable_share,12.8,%,2024,Our World in Data / Energy Institute
SGP,energy,renewable_share,0.5,%,2024,Our World in Data / Energy Institute
MKD,energy,renewable_share,16.0,%,2024,Our World in Data / Energy Institute
PAK,energy,renewable_share,12.5,%,2024,Our World in Data / Energy Institute
MYS,energy,renewable_share,8.3,%,2024,Our World in Data / Energy Institute
MAR,energy,renewable_share,8.7,%,2024,Our World in Data / Energy Institute
QAT,energy,renewable_share,0.8,%,2024,Our World in Data / Energy Institute
NLD,energy,renewable_share,18.1,%,2024,Our World in Data / Energy Institute
RUS,energy,renewable_share,6.0,%,2024,Our World in Data / Energy Institute
KWT,energy,renewable_share,0.1,%,2024,Our World in Data / Energy Institute
LVA,energy,renewable_share,29.7,%,2024,Our World in Data / Energy Institute
SAU,energy,renewable_share,0.7,%,2024,Our World in Data / Energy Institute
ROU,energy,renewable_share,19.1,%,2024,Our World in Data / Energy Institute
LUX,energy,renewable_share,14.3,%,2024,Our World in Data / Energy Institute
POL,energy,renewable_share,13.0,%,2024,Our World in Data / Energy Institute
NZL,energy,renewable_share,42.6,%,2024,Our World in Data / Energy Institute
NOR,energy,renewable_share,71.8,%,2024,Our World in Data / Energy Institute
DZA,energy,renewable_share,0.2,%,2024,Our World in Data / Energy Institute
OMN,energy,renewable_share,1.1,%,2024,Our World in Data / Energy Institute
KAZ,energy,renewable_share,5.1,%,2024,Our World in Data / Energy Institute
AZE,energy,renewable_share,4.3,%,2024,Our World in Data / Energy Institute
ISR,energy,renewable_share,9.8,%,2024,Our World in Data / Energy Institute
DNK,energy,renewable_share,41.7,%,2024,Our World in Data / Energy Institute
THA,energy,renewable_share,7.4,%,2024,Our World in Data / Energy Institute
CZE,energy,renewable_share,9.7,%,2024,Our World in Data / Energy Institute
CYP,energy,renewable_share,10.8,%,2024,Our World in Data / Energy Institute
TTO,energy,renewable_share,0.0,%,2024,Our World in Data / Energy Institute
HRV,energy,renewable_share,27.8,%,2024,Our World in Data / Energy Institute
AUT,energy,renewable_share,43.3,%,2024,Our World in Data / Energy Institute
COL,energy,renewable_share,26.1,%,2024,Our World in Data / Energy Institute
UZB,energy,renewable_share,4.6,%,2024,Our World in Data / Energy Institute
TUR,energy,renewable_share,19.8,%,2024,Our World in Data / Energy Institute
CHN,energy,renewable_share,17.5,%,2024,Our World in Data / Energy Institute
TKM,energy,renewable_share,0.0,%,2024,Our World in Data / Energy Institute
CHL,energy,renewable_share,32.3,%,2024,Our World in Data / Energy Institute
UKR,energy,renewable_share,8.3,%,2024,Our World in Data / Energy Institute
CAN,energy,renewable_share,27.2,%,2024,Our World in Data / Energy Institute
BGR,energy,renewable_share,16.4,%,2024,Our World in Data / Energy Institute
ARE,energy,renewable_share,2.5,%,2024,Our World in Data / Energy Institute
BRA,energy,renewable_share,49.6,%,2024,Our World in Data / Energy Institute
BEL,energy,renewable_share,11.5,%,2024,Our World in Data / Energy Institute
GBR,energy,renewable_share,21.3,%,2024,Our World in Data / Energy Institute
BLR,energy,renewable_share,1.0,%,2024,Our World in Data / Energy Institute
BGD,energy,renewable_share,1.1,%,2024,Our World in Data / Energy Institute
USA,energy,renewable_share,12.1,%,2024,Our World in Data / Energy Institute
ECU,energy,renewable_share,25.4,%,2024,Our World in Data / Energy Institute
SVK,energy,renewable_share,11.3,%,2024,Our World in Data / Energy Institute
TWN,energy,renewable_share,6.3,%,2024,Our World in Data / Energy Institute
EST,energy,renewable_share,17.9,%,2024,Our World in Data / Energy Institute
SVN,energy,renewable_share,24.7,%,2024,Our World in Data / Energy Institute
ARG,energy,renewable_share,14.8,%,2024,Our World in Data / Energy Institute
IRL,energy,renewable_share,22.2,%,2024,Our World in Data / Energy Institute
VEN,energy,renewable_share,25.8,%,2024,Our World in Data / Energy Institute
IRQ,energy,renewable_share,0.6,%,2024,Our World in Data / Energy Institute
ZAF,energy,renewable_share,3.6,%,2024,Our World in Data / Energy Institute
IRN,energy,renewable_share,1.4,%,2024,Our World in Data / Energy Institute
IDN,energy,renewable_share,11.0,%,2024,Our World in Data / Energy Institute
KOR,energy,renewable_share,4.7,%,2024,Our World in Data / Energy Institute
IND,energy,renewable_share,9.1,%,2024,Our World in Data / Energy Institute
ISL,energy,renewable_share,80.5,%,2024,Our World in Data / Energy Institute
ESP,energy,renewable_share,25.9,%,2024,Our World in Data / Energy Institute
HUN,energy,renewable_share,12.7,%,2024,Our World in Data / Energy Institute
HKG,energy,renewable_share,1.0,%,2024,Our World in Data / Energy Institute
LKA,energy,renewable_share,23.2,%,2024,Our World in Data / Energy Institute
PER,energy,renewable_share,26.7,%,2024,Our World in Data / Energy Institute
GRC,energy,renewable_share,21.1,%,2024,Our World in Data / Energy Institute
DEU,energy,renewable_share,24.0,%,2024,Our World in Data / Energy Institute
SWE,energy,renewable_share,51.3,%,2024,Our World in Data / Energy Institute
FRA,energy,renewable_share,16.5,%,2024,Our World in Data / Energy Institute
FIN,energy,renewable_share,38.9,%,2024,Our World in Data / Energy Institute
CHE,energy,renewable_share,39.9,%,2024,Our World in Data / Energy Institute
AUS,energy,renewable_share,14.7,%,2024,Our World in Data / Energy Institute
EGY,energy,renewable_share,5.8,%,2024,Our World in Data / Energy Institute
VNM,energy,renewable_share,21.5,%,2024,Our World in Data / Energy Institute
SOM,agriculture,agriculture_share_gdp,55.8,% of GDP,1990,World Bank via Our World in Data
ERI,agriculture,agriculture_share_gdp,14.1,% of GDP,2009,World Bank via Our World in Data
VEN,agriculture,agriculture_share_gdp,5.0,% of GDP,2011,World Bank via Our World in Data
SXM,agriculture,agriculture_share_gdp,0.1,% of GDP,2013,World Bank via Our World in Data
SSD,agriculture,agriculture_share_gdp,10.4,% of GDP,2015,World Bank via Our World in Data
TUV,agriculture,agriculture_share_gdp,15.9,% of GDP,2015,World Bank via Our World in Data
YEM,agriculture,agriculture_share_gdp,28.7,% of GDP,2018,World Bank via Our World in Data
NCL,agriculture,agriculture_share_gdp,1.8,% of GDP,2019,World Bank via Our World in Data
PYF,agriculture,agriculture_share_gdp,2.2,% of GDP,2020,World Bank via Our World in Data
CAN,agriculture,agriculture_share_gdp,1.6,% of GDP,2021,World Bank via Our World in Data
USA,agriculture,agriculture_share_gdp,1.0,% of GDP,2021,World Bank via Our World in Data
VUT,agriculture,agriculture_share_gdp,24.3,% of GDP,2022,World Bank via Our World in Data
ABW,agriculture,agriculture_share_gdp,0.0,% of GDP,2022,World Bank via Our World in Data
NZL,agriculture,agriculture_share_gdp,4.6,% of GDP,2022,World Bank via Our World in Data
IMN,agriculture,agriculture_share_gdp,0.4,% of GDP,2022,World Bank via Our World in Data
SYR,agriculture,agriculture_share_gdp,43.1,% of GDP,2022,World Bank via Our World in Data
KIR,agriculture,agriculture_share_gdp,27.2,% of GDP,2023,World Bank via Our World in Data
PLW,agriculture,agriculture_share_gdp,3.0,% of GDP,2023,World Bank via Our World in Data
PSE,agriculture,agriculture_share_gdp,5.7,% of GDP,2023,World Bank via Our World in Data
LIE,agriculture,agriculture_share_gdp,0.2,% of GDP,2023,World Bank via Our World in Data
PNG,agriculture,agriculture_share_gdp,17.0,% of GDP,2023,World Bank via Our World in Data
ATG,agriculture,agriculture_share_gdp,1.9,% of GDP,2023,World Bank via Our World in Data
AFG,agriculture,agriculture_share_gdp,34.7,% of GDP,2023,World Bank via Our World in Data
GRL,agriculture,agriculture_share_gdp,16.6,% of GDP,2023,World Bank via Our World in Data
JPN,agriculture,agriculture_share_gdp,0.9,% of GDP,2023,World Bank via Our World in Data
BTN,agriculture,agriculture_share_gdp,15.0,% of GDP,2023,World Bank via Our World in Data
TON,agriculture,agriculture_share_gdp,19.0,% of GDP,2023,World Bank via Our World in Data
BMU,agriculture,agriculture_share_gdp,0.2,% of GDP,2023,World Bank via Our World in Data
CYM,agriculture,agriculture_share_gdp,0.4,% of GDP,2023,World Bank via Our World in Data
TJK,agriculture,agriculture_share_gdp,22.9,% of GDP,2023,World Bank via Our World in Data
LBN,agriculture,agriculture_share_gdp,1.0,% of GDP,2023,World Bank via Our World in Data
SMR,agriculture,agriculture_share_gdp,0.0,% of GDP,2023,World Bank via Our World in Data
TCA,agriculture,agriculture_share_gdp,0.4,% of GDP,2024,World Bank via Our World in Data
TUR,agriculture,agriculture_share_gdp,5.8,% of GDP,2024,World Bank via Our World in Data
SDN,agriculture,agriculture_share_gdp,22.2,% of GDP,2024,World Bank via Our World in Data
BGR,agriculture,agriculture_share_gdp,2.4,% of GDP,2024,World Bank via Our World in Data
CHE,agriculture,agriculture_share_gdp,0.6,% of GDP,2024,World Bank via Our World in Data
LVA,agriculture,agriculture_share_gdp,4.0,% of GDP,2024,World Bank via Our World in Data
IRN,agriculture,agriculture_share_gdp,10.8,% of GDP,2024,World Bank via Our World in Data
FSM,agriculture,agriculture_share_gdp,22.8,% of GDP,2024,World Bank via Our World in Data
MUS,agriculture,agriculture_share_gdp,4.2,% of GDP,2024,World Bank via Our World in Data
MDA,agriculture,agriculture_share_gdp,7.1,% of GDP,2024,World Bank via Our World in Data
LBY,agriculture,agriculture_share_gdp,2.4,% of GDP,2024,World Bank via Our World in Data
LSO,agriculture,agriculture_share_gdp,6.5,% of GDP,2024,World Bank via Our World in Data
IRL,agriculture,agriculture_share_gdp,1.0,% of GDP,2024,World Bank via Our World in Data
BFA,agriculture,agriculture_share_gdp,20.9,% of GDP,2024,World Bank via Our World in Data
CMR,agriculture,agriculture_share_gdp,18.5,% of GDP,2024,World Bank via Our World in Data
ALB,agriculture,agriculture_share_gdp,15.5,% of GDP,2024,World Bank via Our World in Data
SUR,agriculture,agriculture_share_gdp,6.8,% of GDP,2024,World Bank via Our World in Data
BHR,agriculture,agriculture_share_gdp,0.2,% of GDP,2024,World Bank via Our World in Data
KHM,agriculture,agriculture_share_gdp,16.6,% of GDP,2024,World Bank via Our World in Data
BHS,agriculture,agriculture_share_gdp,0.5,% of GDP,2024,World Bank via Our World in Data
SWE,agriculture,agriculture_share_gdp,1.4,% of GDP,2024,World Bank via Our World in Data
BGD,agriculture,agriculture_share_gdp,11.2,% of GDP,2024,World Bank via Our World in Data
LBR,agriculture,agriculture_share_gdp,33.8,% of GDP,2024,World Bank via Our World in Data
MEX,agriculture,agriculture_share_gdp,3.7,% of GDP,2024,World Bank via Our World in Data
BDI,agriculture,agriculture_share_gdp,34.9,% of GDP,2024,World Bank via Our World in Data
TKM,agriculture,agriculture_share_gdp,12.2,% of GDP,2024,World Bank via Our World in Data
IRQ,agriculture,agriculture_share_gdp,3.4,% of GDP,2024,World Bank via Our World in Data
TTO,agriculture,agriculture_share_gdp,0.8,% of GDP,2024,World Bank via Our World in Data
MRT,agriculture,agriculture_share_gdp,19.3,% of GDP,2024,World Bank via Our World in Data
JOR,agriculture,agriculture_share_gdp,5.1,% of GDP,2024,World Bank via Our World in Data
MLI,agriculture,agriculture_share_gdp,33.3,% of GDP,2024,World Bank via Our World in Data
AZE,agriculture,agriculture_share_gdp,5.7,% of GDP,2024,World Bank via Our World in Data
MDG,agriculture,agriculture_share_gdp,22.5,% of GDP,2024,World Bank via Our World in Data
BIH,agriculture,agriculture_share_gdp,4.5,% of GDP,2024,World Bank via Our World in Data
BOL,agriculture,agriculture_share_gdp,8.8,% of GDP,2024,World Bank via Our World in Data
KAZ,agriculture,agriculture_share_gdp,3.9,% of GDP,2024,World Bank via Our World in Data
UKR,agriculture,agriculture_share_gdp,7.1,% of GDP,2024,World Bank via Our World in Data
KWT,agriculture,agriculture_share_gdp,0.5,% of GDP,2024,World Bank via Our World in Data
KEN,agriculture,agriculture_share_gdp,22.5,% of GDP,2024,World Bank via Our World in Data
MDV,agriculture,agriculture_share_gdp,3.8,% of GDP,2024,World Bank via Our World in Data
BEL,agriculture,agriculture_share_gdp,0.8,% of GDP,2024,World Bank via Our World in Data
MYS,agriculture,agriculture_share_gdp,8.1,% of GDP,2024,World Bank via Our World in Data
BEN,agriculture,agriculture_share_gdp,24.2,% of GDP,2024,World Bank via Our World in Data
MWI,agriculture,agriculture_share_gdp,31.8,% of GDP,2024,World Bank via Our World in Data
BLZ,agriculture,agriculture_share_gdp,7.9,% of GDP,2024,World Bank via Our World in Data
TGO,agriculture,agriculture_share_gdp,21.3,% of GDP,2024,World Bank via Our World in Data
ISR,agriculture,agriculture_share_gdp,1.3,% of GDP,2024,World Bank via Our World in Data
TUN,agriculture,agriculture_share_gdp,9.7,% of GDP,2024,World Bank via Our World in Data
ZMB,agriculture,agriculture_share_gdp,2.8,% of GDP,2024,World Bank via Our World in Data
BRN,agriculture,agriculture_share_gdp,1.2,% of GDP,2024,World Bank via Our World in Data
LTU,agriculture,agriculture_share_gdp,2.6,% of GDP,2024,World Bank via Our World in Data
AUT,agriculture,agriculture_share_gdp,1.2,% of GDP,2024,World Bank via Our World in Data
ITA,agriculture,agriculture_share_gdp,2.0,% of GDP,2024,World Bank via Our World in Data
LAO,agriculture,agriculture_share_gdp,16.8,% of GDP,2024,World Bank via Our World in Data
UGA,agriculture,agriculture_share_gdp,24.6,% of GDP,2024,World Bank via Our World in Data
BRB,agriculture,agriculture_share_gdp,1.6,% of GDP,2024,World Bank via Our World in Data
THA,agriculture,agriculture_share_gdp,8.7,% of GDP,2024,World Bank via Our World in Data
JAM,agriculture,agriculture_share_gdp,8.0,% of GDP,2024,World Bank via Our World in Data
TZA,agriculture,agriculture_share_gdp,23.3,% of GDP,2024,World Bank via Our World in Data
BRA,agriculture,agriculture_share_gdp,5.8,% of GDP,2024,World Bank via Our World in Data
BWA,agriculture,agriculture_share_gdp,1.7,% of GDP,2024,World Bank via Our World in Data
MLT,agriculture,agriculture_share_gdp,0.2,% of GDP,2024,World Bank via Our World in Data
BLR,agriculture,agriculture_share_gdp,6.9,% of GDP,2024,World Bank via Our World in Data
LUX,agriculture,agriculture_share_gdp,0.2,% of GDP,2024,World Bank via Our World in Data
KGZ,agriculture,agriculture_share_gdp,8.6,% of GDP,2024,World Bank via Our World in Data
MHL,agriculture,agriculture_share_gdp,19.6,% of GDP,2024,World Bank via Our World in Data
SLV,agriculture,agriculture_share_gdp,4.4,% of GDP,2024,World Bank via Our World in Data
CHL,agriculture,agriculture_share_gdp,3.9,% of GDP,2024,World Bank via Our World in Data
MNG,agriculture,agriculture_share_gdp,7.3,% of GDP,2024,World Bank via Our World in Data
DMA,agriculture,agriculture_share_gdp,12.2,% of GDP,2024,World Bank via Our World in Data
FRA,agriculture,agriculture_share_gdp,1.3,% of GDP,2024,World Bank via Our World in Data
PAN,agriculture,agriculture_share_gdp,2.7,% of GDP,2024,World Bank via Our World in Data
VCT,agriculture,agriculture_share_gdp,3.5,% of GDP,2024,World Bank via Our World in Data
GAB,agriculture,agriculture_share_gdp,6.6,% of GDP,2024,World Bank via Our World in Data
WSM,agriculture,agriculture_share_gdp,9.8,% of GDP,2024,World Bank via Our World in Data
URY,agriculture,agriculture_share_gdp,6.4,% of GDP,2024,World Bank via Our World in Data
GMB,agriculture,agriculture_share_gdp,20.4,% of GDP,2024,World Bank via Our World in Data
STP,agriculture,agriculture_share_gdp,12.5,% of GDP,2024,World Bank via Our World in Data
PAK,agriculture,agriculture_share_gdp,23.7,% of GDP,2024,World Bank via Our World in Data
LCA,agriculture,agriculture_share_gdp,1.1,% of GDP,2024,World Bank via Our World in Data
DJI,agriculture,agriculture_share_gdp,2.5,% of GDP,2024,World Bank via Our World in Data
AGO,agriculture,agriculture_share_gdp,22.1,% of GDP,2024,World Bank via Our World in Data
GEO,agriculture,agriculture_share_gdp,5.5,% of GDP,2024,World Bank via Our World in Data
SAU,agriculture,agriculture_share_gdp,2.5,% of GDP,2024,World Bank via Our World in Data
COD,agriculture,agriculture_share_gdp,9.6,% of GDP,2024,World Bank via Our World in Data
DEU,agriculture,agriculture_share_gdp,0.9,% of GDP,2024,World Bank via Our World in Data
OMN,agriculture,agriculture_share_gdp,2.6,% of GDP,2024,World Bank via Our World in Data
CZE,agriculture,agriculture_share_gdp,1.9,% of GDP,2024,World Bank via Our World in Data
GHA,agriculture,agriculture_share_gdp,20.9,% of GDP,2024,World Bank via Our World in Data
SEN,agriculture,agriculture_share_gdp,16.6,% of GDP,2024,World Bank via Our World in Data
GRC,agriculture,agriculture_share_gdp,3.8,% of GDP,2024,World Bank via Our World in Data
DNK,agriculture,agriculture_share_gdp,0.9,% of GDP,2024,World Bank via Our World in Data
NOR,agriculture,agriculture_share_gdp,2.1,% of GDP,2024,World Bank via Our World in Data
ARM,agriculture,agriculture_share_gdp,7.8,% of GDP,2024,World Bank via Our World in Data
FIN,agriculture,agriculture_share_gdp,2.5,% of GDP,2024,World Bank via Our World in Data
ARG,agriculture,agriculture_share_gdp,5.8,% of GDP,2024,World Bank via Our World in Data
GNQ,agriculture,agriculture_share_gdp,3.1,% of GDP,2024,World Bank via Our World in Data
PRT,agriculture,agriculture_share_gdp,2.0,% of GDP,2024,World Bank via Our World in Data
PRI,agriculture,agriculture_share_gdp,0.7,% of GDP,2024,World Bank via Our World in Data
POL,agriculture,agriculture_share_gdp,2.5,% of GDP,2024,World Bank via Our World in Data
QAT,agriculture,agriculture_share_gdp,0.3,% of GDP,2024,World Bank via Our World in Data
ROU,agriculture,agriculture_share_gdp,2.8,% of GDP,2024,World Bank via Our World in Data
EGY,agriculture,agriculture_share_gdp,13.7,% of GDP,2024,World Bank via Our World in Data
EST,agriculture,agriculture_share_gdp,1.8,% of GDP,2024,World Bank via Our World in Data
PHL,agriculture,agriculture_share_gdp,9.1,% of GDP,2024,World Bank via Our World in Data
KNA,agriculture,agriculture_share_gdp,1.3,% of GDP,2024,World Bank via Our World in Data
UZB,agriculture,agriculture_share_gdp,18.3,% of GDP,2024,World Bank via Our World in Data
RUS,agriculture,agriculture_share_gdp,2.7,% of GDP,2024,World Bank via Our World in Data
ETH,agriculture,agriculture_share_gdp,34.8,% of GDP,2024,World Bank via Our World in Data
PER,agriculture,agriculture_share_gdp,7.3,% of GDP,2024,World Bank via Our World in Data
ECU,agriculture,agriculture_share_gdp,9.5,% of GDP,2024,World Bank via Our World in Data
TLS,agriculture,agriculture_share_gdp,20.2,% of GDP,2024,World Bank via Our World in Data
FRO,agriculture,agriculture_share_gdp,16.1,% of GDP,2024,World Bank via Our World in Data
PRY,agriculture,agriculture_share_gdp,10.7,% of GDP,2024,World Bank via Our World in Data
RWA,agriculture,agriculture_share_gdp,24.6,% of GDP,2024,World Bank via Our World in Data
DOM,agriculture,agriculture_share_gdp,4.5,% of GDP,2024,World Bank via Our World in Data
FJI,agriculture,agriculture_share_gdp,13.2,% of GDP,2024,World Bank via Our World in Data
SWZ,agriculture,agriculture_share_gdp,6.5,% of GDP,2024,World Bank via Our World in Data
SRB,agriculture,agriculture_share_gdp,3.2,% of GDP,2024,World Bank via Our World in Data
CYP,agriculture,agriculture_share_gdp,1.2,% of GDP,2024,World Bank via Our World in Data
CUW,agriculture,agriculture_share_gdp,0.3,% of GDP,2024,World Bank via Our World in Data
NPL,agriculture,agriculture_share_gdp,21.9,% of GDP,2024,World Bank via Our World in Data
COL,agriculture,agriculture_share_gdp,9.3,% of GDP,2024,World Bank via Our World in Data
CHN,agriculture,agriculture_share_gdp,6.8,% of GDP,2024,World Bank via Our World in Data
HKG,agriculture,agriculture_share_gdp,0.0,% of GDP,2024,World Bank via Our World in Data
ZAF,agriculture,agriculture_share_gdp,2.8,% of GDP,2024,World Bank via Our World in Data
HUN,agriculture,agriculture_share_gdp,2.7,% of GDP,2024,World Bank via Our World in Data
NAM,agriculture,agriculture_share_gdp,7.3,% of GDP,2024,World Bank via Our World in Data
TCD,agriculture,agriculture_share_gdp,37.7,% of GDP,2024,World Bank via Our World in Data
ISL,agriculture,agriculture_share_gdp,4.0,% of GDP,2024,World Bank via Our World in Data
MMR,agriculture,agriculture_share_gdp,20.8,% of GDP,2024,World Bank via Our World in Data
HND,agriculture,agriculture_share_gdp,11.2,% of GDP,2024,World Bank via Our World in Data
KOR,agriculture,agriculture_share_gdp,1.5,% of GDP,2024,World Bank via Our World in Data
ESP,agriculture,agriculture_share_gdp,2.8,% of GDP,2024,World Bank via Our World in Data
AUS,agriculture,agriculture_share_gdp,2.0,% of GDP,2024,World Bank via Our World in Data
IND,agriculture,agriculture_share_gdp,16.3,% of GDP,2024,World Bank via Our World in Data
MAR,agriculture,agriculture_share_gdp,10.6,% of GDP,2024,World Bank via Our World in Data
CAF,agriculture,agriculture_share_gdp,27.9,% of GDP,2024,World Bank via Our World in Data
IDN,agriculture,agriculture_share_gdp,12.6,% of GDP,2024,World Bank via Our World in Data
MNE,agriculture,agriculture_share_gdp,3.5,% of GDP,2024,World Bank via Our World in Data
LKA,agriculture,agriculture_share_gdp,8.3,% of GDP,2024,World Bank via Our World in Data
DZA,agriculture,agriculture_share_gdp,14.0,% of GDP,2024,World Bank via Our World in Data
CPV,agriculture,agriculture_share_gdp,4.9,% of GDP,2024,World Bank via Our World in Data
MOZ,agriculture,agriculture_share_gdp,25.2,% of GDP,2024,World Bank via Our World in Data
GBR,agriculture,agriculture_share_gdp,0.6,% of GDP,2024,World Bank via Our World in Data
COM,agriculture,agriculture_share_gdp,36.6,% of GDP,2024,World Bank via Our World in Data
AND,agriculture,agriculture_share_gdp,0.5,% of GDP,2024,World Bank via Our World in Data
MKD,agriculture,agriculture_share_gdp,6.1,% of GDP,2024,World Bank via Our World in Data
SYC,agriculture,agriculture_share_gdp,2.5,% of GDP,2024,World Bank via Our World in Data
CUB,agriculture,agriculture_share_gdp,1.2,% of GDP,2024,World Bank via Our World in Data
GRD,agriculture,agriculture_share_gdp,2.9,% of GDP,2024,World Bank via Our World in Data
NGA,agriculture,agriculture_share_gdp,25.9,% of GDP,2024,World Bank via Our World in Data
SLE,agriculture,agriculture_share_gdp,29.2,% of GDP,2024,World Bank via Our World in Data
HRV,agriculture,agriculture_share_gdp,2.9,% of GDP,2024,World Bank via Our World in Data
GTM,agriculture,agriculture_share_gdp,9.8,% of GDP,2024,World Bank via Our World in Data
NER,agriculture,agriculture_share_gdp,34.5,% of GDP,2024,World Bank via Our World in Data
CIV,agriculture,agriculture_share_gdp,15.9,% of GDP,2024,World Bank via Our World in Data
GIN,agriculture,agriculture_share_gdp,31.0,% of GDP,2024,World Bank via Our World in Data
SGP,agriculture,agriculture_share_gdp,0.0,% of GDP,2024,World Bank via Our World in Data
NIC,agriculture,agriculture_share_gdp,14.4,% of GDP,2024,World Bank via Our World in Data
CRI,agriculture,agriculture_share_gdp,3.6,% of GDP,2024,World Bank via Our World in Data
SVK,agriculture,agriculture_share_gdp,1.6,% of GDP,2024,World Bank via Our World in Data
GNB,agriculture,agriculture_share_gdp,42.2,% of GDP,2024,World Bank via Our World in Data
SVN,agriculture,agriculture_share_gdp,1.5,% of GDP,2024,World Bank via Our World in Data
GUY,agriculture,agriculture_share_gdp,7.6,% of GDP,2024,World Bank via Our World in Data
VNM,agriculture,agriculture_share_gdp,11.9,% of GDP,2024,World Bank via Our World in Data
SLB,agriculture,agriculture_share_gdp,29.7,% of GDP,2024,World Bank via Our World in Data
COG,agriculture,agriculture_share_gdp,9.4,% of GDP,2024,World Bank via Our World in Data
HTI,agriculture,agriculture_share_gdp,15.9,% of GDP,2024,World Bank via Our World in Data
NLD,agriculture,agriculture_share_gdp,1.7,% of GDP,2024,World Bank via Our World in Data
ARE,agriculture,agriculture_share_gdp,0.8,% of GDP,2024,World Bank via Our World in Data
ZWE,agriculture,agriculture_share_gdp,8.7,% of GDP,2024,World Bank via Our World in Data
BRN,agriculture,agriculture_employment_share,1.9,% of workforce,2019,World Bank/ILO via Our World in Data
CHE,agriculture,agriculture_employment_share,2.6,% of workforce,2019,World Bank/ILO via Our World in Data
BEL,agriculture,agriculture_employment_share,0.9,% of workforce,2019,World Bank/ILO via Our World in Data
MAR,agriculture,agriculture_employment_share,33.2,% of workforce,2019,World Bank/ILO via Our World in Data
MMR,agriculture,agriculture_employment_share,48.9,% of workforce,2019,World Bank/ILO via Our World in Data
MOZ,agriculture,agriculture_employment_share,70.2,% of workforce,2019,World Bank/ILO via Our World in Data
BLR,agriculture,agriculture_employment_share,11.1,% of workforce,2019,World Bank/ILO via Our World in Data
BWA,agriculture,agriculture_employment_share,19.9,% of workforce,2019,World Bank/ILO via Our World in Data
SEN,agriculture,agriculture_employment_share,30.1,% of workforce,2019,World Bank/ILO via Our World in Data
CAN,agriculture,agriculture_employment_share,1.5,% of workforce,2019,World Bank/ILO via Our World in Data
WSM,agriculture,agriculture_employment_share,30.2,% of workforce,2019,World Bank/ILO via Our World in Data
MUS,agriculture,agriculture_employment_share,6.0,% of workforce,2019,World Bank/ILO via Our World in Data
SDN,agriculture,agriculture_employment_share,38.4,% of workforce,2019,World Bank/ILO via Our World in Data
SGP,agriculture,agriculture_employment_share,0.0,% of workforce,2019,World Bank/ILO via Our World in Data
BRA,agriculture,agriculture_employment_share,9.1,% of workforce,2019,World Bank/ILO via Our World in Data
MRT,agriculture,agriculture_employment_share,30.8,% of workforce,2019,World Bank/ILO via Our World in Data
MWI,agriculture,agriculture_employment_share,76.4,% of workforce,2019,World Bank/ILO via Our World in Data
NAM,agriculture,agriculture_employment_share,21.9,% of workforce,2019,World Bank/ILO via Our World in Data
SVK,agriculture,agriculture_employment_share,2.8,% of workforce,2019,World Bank/ILO via Our World in Data
MYS,agriculture,agriculture_employment_share,10.3,% of workforce,2019,World Bank/ILO via Our World in Data
ARM,agriculture,agriculture_employment_share,24.1,% of workforce,2019,World Bank/ILO via Our World in Data
SUR,agriculture,agriculture_employment_share,8.1,% of workforce,2019,World Bank/ILO via Our World in Data
DZA,agriculture,agriculture_employment_share,9.6,% of workforce,2019,World Bank/ILO via Our World in Data
BFA,agriculture,agriculture_employment_share,26.2,% of workforce,2019,World Bank/ILO via Our World in Data
BTN,agriculture,agriculture_employment_share,55.8,% of workforce,2019,World Bank/ILO via Our World in Data
BOL,agriculture,agriculture_employment_share,30.5,% of workforce,2019,World Bank/ILO via Our World in Data
SRB,agriculture,agriculture_employment_share,15.6,% of workforce,2019,World Bank/ILO via Our World in Data
SAU,agriculture,agriculture_employment_share,2.4,% of workforce,2019,World Bank/ILO via Our World in Data
MDA,agriculture,agriculture_employment_share,21.0,% of workforce,2019,World Bank/ILO via Our World in Data
MLT,agriculture,agriculture_employment_share,1.0,% of workforce,2019,World Bank/ILO via Our World in Data
NPL,agriculture,agriculture_employment_share,64.4,% of workforce,2019,World Bank/ILO via Our World in Data
BDI,agriculture,agriculture_employment_share,86.2,% of workforce,2019,World Bank/ILO via Our World in Data
MNG,agriculture,agriculture_employment_share,25.3,% of workforce,2019,World Bank/ILO via Our World in Data
MDV,agriculture,agriculture_employment_share,8.3,% of workforce,2019,World Bank/ILO via Our World in Data
VNM,agriculture,agriculture_employment_share,37.2,% of workforce,2019,World Bank/ILO via Our World in Data
YEM,agriculture,agriculture_employment_share,27.6,% of workforce,2019,World Bank/ILO via Our World in Data
ZMB,agriculture,agriculture_employment_share,49.6,% of workforce,2019,World Bank/ILO via Our World in Data
BGR,agriculture,agriculture_employment_share,6.6,% of workforce,2019,World Bank/ILO via Our World in Data
BEN,agriculture,agriculture_employment_share,38.3,% of workforce,2019,World Bank/ILO via Our World in Data
KHM,agriculture,agriculture_employment_share,34.5,% of workforce,2019,World Bank/ILO via Our World in Data
BRB,agriculture,agriculture_employment_share,2.6,% of workforce,2019,World Bank/ILO via Our World in Data
MEX,agriculture,agriculture_employment_share,12.5,% of workforce,2019,World Bank/ILO via Our World in Data
STP,agriculture,agriculture_employment_share,19.1,% of workforce,2019,World Bank/ILO via Our World in Data
ALB,agriculture,agriculture_employment_share,36.4,% of workforce,2019,World Bank/ILO via Our World in Data
SLE,agriculture,agriculture_employment_share,54.5,% of workforce,2019,World Bank/ILO via Our World in Data
BLZ,agriculture,agriculture_employment_share,16.8,% of workforce,2019,World Bank/ILO via Our World in Data
LKA,agriculture,agriculture_employment_share,25.0,% of workforce,2019,World Bank/ILO via Our World in Data
SWE,agriculture,agriculture_employment_share,1.7,% of workforce,2019,World Bank/ILO via Our World in Data
CMR,agriculture,agriculture_employment_share,43.5,% of workforce,2019,World Bank/ILO via Our World in Data
VEN,agriculture,agriculture_employment_share,7.9,% of workforce,2019,World Bank/ILO via Our World in Data
MNE,agriculture,agriculture_employment_share,7.2,% of workforce,2019,World Bank/ILO via Our World in Data
BIH,agriculture,agriculture_employment_share,18.0,% of workforce,2019,World Bank/ILO via Our World in Data
MLI,agriculture,agriculture_employment_share,62.4,% of workforce,2019,World Bank/ILO via Our World in Data
PSE,agriculture,agriculture_employment_share,6.0,% of workforce,2019,World Bank/ILO via Our World in Data
NLD,agriculture,agriculture_employment_share,2.1,% of workforce,2019,World Bank/ILO via Our World in Data
NOR,agriculture,agriculture_employment_share,2.0,% of workforce,2019,World Bank/ILO via Our World in Data
BHS,agriculture,agriculture_employment_share,2.2,% of workforce,2019,World Bank/ILO via Our World in Data
FRA,agriculture,agriculture_employment_share,2.5,% of workforce,2019,World Bank/ILO via Our World in Data
IRN,agriculture,agriculture_employment_share,17.4,% of workforce,2019,World Bank/ILO via Our World in Data
IRQ,agriculture,agriculture_employment_share,18.3,% of workforce,2019,World Bank/ILO via Our World in Data
UKR,agriculture,agriculture_employment_share,13.8,% of workforce,2019,World Bank/ILO via Our World in Data
PHL,agriculture,agriculture_employment_share,22.9,% of workforce,2019,World Bank/ILO via Our World in Data
FIN,agriculture,agriculture_employment_share,3.8,% of workforce,2019,World Bank/ILO via Our World in Data
TON,agriculture,agriculture_employment_share,19.4,% of workforce,2019,World Bank/ILO via Our World in Data
AGO,agriculture,agriculture_employment_share,50.7,% of workforce,2019,World Bank/ILO via Our World in Data
FJI,agriculture,agriculture_employment_share,17.6,% of workforce,2019,World Bank/ILO via Our World in Data
IRL,agriculture,agriculture_employment_share,4.4,% of workforce,2019,World Bank/ILO via Our World in Data
ETH,agriculture,agriculture_employment_share,66.6,% of workforce,2019,World Bank/ILO via Our World in Data
MKD,agriculture,agriculture_employment_share,13.9,% of workforce,2019,World Bank/ILO via Our World in Data
SWZ,agriculture,agriculture_employment_share,12.2,% of workforce,2019,World Bank/ILO via Our World in Data
ISR,agriculture,agriculture_employment_share,0.9,% of workforce,2019,World Bank/ILO via Our World in Data
POL,agriculture,agriculture_employment_share,9.2,% of workforce,2019,World Bank/ILO via Our World in Data
ITA,agriculture,agriculture_employment_share,3.9,% of workforce,2019,World Bank/ILO via Our World in Data
ARE,agriculture,agriculture_employment_share,1.4,% of workforce,2019,World Bank/ILO via Our World in Data
AFG,agriculture,agriculture_employment_share,42.5,% of workforce,2019,World Bank/ILO via Our World in Data
AUT,agriculture,agriculture_employment_share,3.7,% of workforce,2019,World Bank/ILO via Our World in Data
SSD,agriculture,agriculture_employment_share,60.4,% of workforce,2019,World Bank/ILO via Our World in Data
EST,agriculture,agriculture_employment_share,3.2,% of workforce,2019,World Bank/ILO via Our World in Data
TGO,agriculture,agriculture_employment_share,32.4,% of workforce,2019,World Bank/ILO via Our World in Data
ERI,agriculture,agriculture_employment_share,63.1,% of workforce,2019,World Bank/ILO via Our World in Data
SOM,agriculture,agriculture_employment_share,80.3,% of workforce,2019,World Bank/ILO via Our World in Data
GNQ,agriculture,agriculture_employment_share,39.5,% of workforce,2019,World Bank/ILO via Our World in Data
JAM,agriculture,agriculture_employment_share,15.2,% of workforce,2019,World Bank/ILO via Our World in Data
SLV,agriculture,agriculture_employment_share,16.3,% of workforce,2019,World Bank/ILO via Our World in Data
PYF,agriculture,agriculture_employment_share,6.8,% of workforce,2019,World Bank/ILO via Our World in Data
JPN,agriculture,agriculture_employment_share,3.4,% of workforce,2019,World Bank/ILO via Our World in Data
IDN,agriculture,agriculture_employment_share,28.5,% of workforce,2019,World Bank/ILO via Our World in Data
IND,agriculture,agriculture_employment_share,42.6,% of workforce,2019,World Bank/ILO via Our World in Data
GNB,agriculture,agriculture_employment_share,60.5,% of workforce,2019,World Bank/ILO via Our World in Data
GUY,agriculture,agriculture_employment_share,15.4,% of workforce,2019,World Bank/ILO via Our World in Data
TUR,agriculture,agriculture_employment_share,18.1,% of workforce,2019,World Bank/ILO via Our World in Data
HTI,agriculture,agriculture_employment_share,29.0,% of workforce,2019,World Bank/ILO via Our World in Data
GIN,agriculture,agriculture_employment_share,60.6,% of workforce,2019,World Bank/ILO via Our World in Data
PAN,agriculture,agriculture_employment_share,14.4,% of workforce,2019,World Bank/ILO via Our World in Data
GTM,agriculture,agriculture_employment_share,31.3,% of workforce,2019,World Bank/ILO via Our World in Data
HND,agriculture,agriculture_employment_share,29.5,% of workforce,2019,World Bank/ILO via Our World in Data
AZE,agriculture,agriculture_employment_share,36.0,% of workforce,2019,World Bank/ILO via Our World in Data
TUN,agriculture,agriculture_employment_share,13.8,% of workforce,2019,World Bank/ILO via Our World in Data
GUM,agriculture,agriculture_employment_share,0.2,% of workforce,2019,World Bank/ILO via Our World in Data
GRC,agriculture,agriculture_employment_share,11.6,% of workforce,2019,World Bank/ILO via Our World in Data
KOR,agriculture,agriculture_employment_share,5.1,% of workforce,2019,World Bank/ILO via Our World in Data
PNG,agriculture,agriculture_employment_share,56.1,% of workforce,2019,World Bank/ILO via Our World in Data
HKG,agriculture,agriculture_employment_share,0.2,% of workforce,2019,World Bank/ILO via Our World in Data
TKM,agriculture,agriculture_employment_share,20.7,% of workforce,2019,World Bank/ILO via Our World in Data
GHA,agriculture,agriculture_employment_share,29.8,% of workforce,2019,World Bank/ILO via Our World in Data
PAK,agriculture,agriculture_employment_share,36.9,% of workforce,2019,World Bank/ILO via Our World in Data
DEU,agriculture,agriculture_employment_share,1.2,% of workforce,2019,World Bank/ILO via Our World in Data
HUN,agriculture,agriculture_employment_share,4.7,% of workforce,2019,World Bank/ILO via Our World in Data
PRY,agriculture,agriculture_employment_share,18.7,% of workforce,2019,World Bank/ILO via Our World in Data
GEO,agriculture,agriculture_employment_share,38.1,% of workforce,2019,World Bank/ILO via Our World in Data
ZAF,agriculture,agriculture_employment_share,5.3,% of workforce,2019,World Bank/ILO via Our World in Data
GMB,agriculture,agriculture_employment_share,27.0,% of workforce,2019,World Bank/ILO via Our World in Data
ISL,agriculture,agriculture_employment_share,4.0,% of workforce,2019,World Bank/ILO via Our World in Data
OMN,agriculture,agriculture_employment_share,4.0,% of workforce,2019,World Bank/ILO via Our World in Data
TTO,agriculture,agriculture_employment_share,3.0,% of workforce,2019,World Bank/ILO via Our World in Data
UGA,agriculture,agriculture_employment_share,72.1,% of workforce,2019,World Bank/ILO via Our World in Data
GAB,agriculture,agriculture_employment_share,30.0,% of workforce,2019,World Bank/ILO via Our World in Data
PER,agriculture,agriculture_employment_share,27.4,% of workforce,2019,World Bank/ILO via Our World in Data
PRT,agriculture,agriculture_employment_share,5.5,% of workforce,2019,World Bank/ILO via Our World in Data
PRK,agriculture,agriculture_employment_share,43.8,% of workforce,2019,World Bank/ILO via Our World in Data
GBR,agriculture,agriculture_employment_share,1.1,% of workforce,2019,World Bank/ILO via Our World in Data
URY,agriculture,agriculture_employment_share,8.4,% of workforce,2019,World Bank/ILO via Our World in Data
CIV,agriculture,agriculture_employment_share,40.1,% of workforce,2019,World Bank/ILO via Our World in Data
LBR,agriculture,agriculture_employment_share,42.6,% of workforce,2019,World Bank/ILO via Our World in Data
TJK,agriculture,agriculture_employment_share,44.7,% of workforce,2019,World Bank/ILO via Our World in Data
CRI,agriculture,agriculture_employment_share,12.0,% of workforce,2019,World Bank/ILO via Our World in Data
NIC,agriculture,agriculture_employment_share,30.6,% of workforce,2019,World Bank/ILO via Our World in Data
RWA,agriculture,agriculture_employment_share,62.3,% of workforce,2019,World Bank/ILO via Our World in Data
COG,agriculture,agriculture_employment_share,33.5,% of workforce,2019,World Bank/ILO via Our World in Data
LBY,agriculture,agriculture_employment_share,16.4,% of workforce,2019,World Bank/ILO via Our World in Data
COM,agriculture,agriculture_employment_share,34.4,% of workforce,2019,World Bank/ILO via Our World in Data
LCA,agriculture,agriculture_employment_share,10.0,% of workforce,2019,World Bank/ILO via Our World in Data
LTU,agriculture,agriculture_employment_share,6.4,% of workforce,2019,World Bank/ILO via Our World in Data
AUS,agriculture,agriculture_employment_share,2.6,% of workforce,2019,World Bank/ILO via Our World in Data
UZB,agriculture,agriculture_employment_share,25.7,% of workforce,2019,World Bank/ILO via Our World in Data
NZL,agriculture,agriculture_employment_share,5.8,% of workforce,2019,World Bank/ILO via Our World in Data
COL,agriculture,agriculture_employment_share,15.8,% of workforce,2019,World Bank/ILO via Our World in Data
LUX,agriculture,agriculture_employment_share,0.7,% of workforce,2019,World Bank/ILO via Our World in Data
BGD,agriculture,agriculture_employment_share,38.3,% of workforce,2019,World Bank/ILO via Our World in Data
CHN,agriculture,agriculture_employment_share,25.3,% of workforce,2019,World Bank/ILO via Our World in Data
SYR,agriculture,agriculture_employment_share,10.1,% of workforce,2019,World Bank/ILO via Our World in Data
VCT,agriculture,agriculture_employment_share,10.1,% of workforce,2019,World Bank/ILO via Our World in Data
CHL,agriculture,agriculture_employment_share,9.0,% of workforce,2019,World Bank/ILO via Our World in Data
NCL,agriculture,agriculture_employment_share,1.9,% of workforce,2019,World Bank/ILO via Our World in Data
SVN,agriculture,agriculture_employment_share,4.3,% of workforce,2019,World Bank/ILO via Our World in Data
MAC,agriculture,agriculture_employment_share,0.4,% of workforce,2019,World Bank/ILO via Our World in Data
VUT,agriculture,agriculture_employment_share,56.8,% of workforce,2019,World Bank/ILO via Our World in Data
TCD,agriculture,agriculture_employment_share,75.1,% of workforce,2019,World Bank/ILO via Our World in Data
CAF,agriculture,agriculture_employment_share,69.8,% of workforce,2019,World Bank/ILO via Our World in Data
MDG,agriculture,agriculture_employment_share,64.1,% of workforce,2019,World Bank/ILO via Our World in Data
ESP,agriculture,agriculture_employment_share,4.0,% of workforce,2019,World Bank/ILO via Our World in Data
LSO,agriculture,agriculture_employment_share,44.3,% of workforce,2019,World Bank/ILO via Our World in Data
RUS,agriculture,agriculture_employment_share,5.8,% of workforce,2019,World Bank/ILO via Our World in Data
HRV,agriculture,agriculture_employment_share,6.2,% of workforce,2019,World Bank/ILO via Our World in Data
JOR,agriculture,agriculture_employment_share,2.5,% of workforce,2019,World Bank/ILO via Our World in Data
EGY,agriculture,agriculture_employment_share,20.6,% of workforce,2019,World Bank/ILO via Our World in Data
KAZ,agriculture,agriculture_employment_share,14.9,% of workforce,2019,World Bank/ILO via Our World in Data
ECU,agriculture,agriculture_employment_share,29.7,% of workforce,2019,World Bank/ILO via Our World in Data
THA,agriculture,agriculture_employment_share,31.4,% of workforce,2019,World Bank/ILO via Our World in Data
PRI,agriculture,agriculture_employment_share,1.1,% of workforce,2019,World Bank/ILO via Our World in Data
BHR,agriculture,agriculture_employment_share,0.9,% of workforce,2019,World Bank/ILO via Our World in Data
TLS,agriculture,agriculture_employment_share,39.3,% of workforce,2019,World Bank/ILO via Our World in Data
ARG,agriculture,agriculture_employment_share,0.1,% of workforce,2019,World Bank/ILO via Our World in Data
KEN,agriculture,agriculture_employment_share,54.3,% of workforce,2019,World Bank/ILO via Our World in Data
NGA,agriculture,agriculture_employment_share,35.0,% of workforce,2019,World Bank/ILO via Our World in Data
USA,agriculture,agriculture_employment_share,1.4,% of workforce,2019,World Bank/ILO via Our World in Data
DOM,agriculture,agriculture_employment_share,8.8,% of workforce,2019,World Bank/ILO via Our World in Data
QAT,agriculture,agriculture_employment_share,1.2,% of workforce,2019,World Bank/ILO via Our World in Data
CPV,agriculture,agriculture_employment_share,10.6,% of workforce,2019,World Bank/ILO via Our World in Data
DJI,agriculture,agriculture_employment_share,24.6,% of workforce,2019,World Bank/ILO via Our World in Data
DNK,agriculture,agriculture_employment_share,2.2,% of workforce,2019,World Bank/ILO via Our World in Data
KGZ,agriculture,agriculture_employment_share,19.3,% of workforce,2019,World Bank/ILO via Our World in Data
NER,agriculture,agriculture_employment_share,72.5,% of workforce,2019,World Bank/ILO via Our World in Data
COD,agriculture,agriculture_employment_share,64.3,% of workforce,2019,World Bank/ILO via Our World in Data
LAO,agriculture,agriculture_employment_share,61.4,% of workforce,2019,World Bank/ILO via Our World in Data
ROU,agriculture,agriculture_employment_share,21.2,% of workforce,2019,World Bank/ILO via Our World in Data
SLB,agriculture,agriculture_employment_share,37.3,% of workforce,2019,World Bank/ILO via Our World in Data
TZA,agriculture,agriculture_employment_share,65.1,% of workforce,2019,World Bank/ILO via Our World in Data
VIR,agriculture,agriculture_employment_share,1.9,% of workforce,2019,World Bank/ILO via Our World in Data
CZE,agriculture,agriculture_employment_share,2.7,% of workforce,2019,World Bank/ILO via Our World in Data
CYP,agriculture,agriculture_employment_share,2.4,% of workforce,2019,World Bank/ILO via Our World in Data
LVA,agriculture,agriculture_employment_share,7.3,% of workforce,2019,World Bank/ILO via Our World in Data
CUB,agriculture,agriculture_employment_share,17.4,% of workforce,2019,World Bank/ILO via Our World in Data
LBN,agriculture,agriculture_employment_share,11.3,% of workforce,2019,World Bank/ILO via Our World in Data
KWT,agriculture,agriculture_employment_share,1.8,% of workforce,2019,World Bank/ILO via Our World in Data
ZWE,agriculture,agriculture_employment_share,66.2,% of workforce,2019,World Bank/ILO via Our World in Data
VAT,politics,democracy_index,0.03,index (0-1),1870,V-Dem via Our World in Data
PSE,politics,democracy_index,0.08,index (0-1),1948,V-Dem via Our World in Data
PHL,politics,democracy_index,0.39,index (0-1),2025,V-Dem via Our World in Data
SYC,politics,democracy_index,0.76,index (0-1),2025,V-Dem via Our World in Data
SRB,politics,democracy_index,0.3,index (0-1),2025,V-Dem via Our World in Data
BGD,politics,democracy_index,0.2,index (0-1),2025,V-Dem via Our World in Data
GAB,politics,democracy_index,0.3,index (0-1),2025,V-Dem via Our World in Data
LSO,politics,democracy_index,0.66,index (0-1),2025,V-Dem via Our World in Data
MNG,politics,democracy_index,0.54,index (0-1),2025,V-Dem via Our World in Data
LBN,politics,democracy_index,0.42,index (0-1),2025,V-Dem via Our World in Data
MNE,politics,democracy_index,0.64,index (0-1),2025,V-Dem via Our World in Data
COG,politics,democracy_index,0.24,index (0-1),2025,V-Dem via Our World in Data
ARG,politics,democracy_index,0.69,index (0-1),2025,V-Dem via Our World in Data
VUT,politics,democracy_index,0.73,index (0-1),2025,V-Dem via Our World in Data
SWZ,politics,democracy_index,0.13,index (0-1),2025,V-Dem via Our World in Data
UKR,politics,democracy_index,0.39,index (0-1),2025,V-Dem via Our World in Data
CRI,politics,democracy_index,0.86,index (0-1),2025,V-Dem via Our World in Data
DOM,politics,democracy_index,0.73,index (0-1),2025,V-Dem via Our World in Data
PER,politics,democracy_index,0.67,index (0-1),2025,V-Dem via Our World in Data
MLI,politics,democracy_index,0.16,index (0-1),2025,V-Dem via Our World in Data
EGY,politics,democracy_index,0.19,index (0-1),2025,V-Dem via Our World in Data
SVN,politics,democracy_index,0.69,index (0-1),2025,V-Dem via Our World in Data
CYP,politics,democracy_index,0.77,index (0-1),2025,V-Dem via Our World in Data
EST,politics,democracy_index,0.89,index (0-1),2025,V-Dem via Our World in Data
KOR,politics,democracy_index,0.82,index (0-1),2025,V-Dem via Our World in Data
ARE,politics,democracy_index,0.1,index (0-1),2025,V-Dem via Our World in Data
ETH,politics,democracy_index,0.26,index (0-1),2025,V-Dem via Our World in Data
SOM,politics,democracy_index,0.17,index (0-1),2025,V-Dem via Our World in Data
MDV,politics,democracy_index,0.56,index (0-1),2025,V-Dem via Our World in Data
HRV,politics,democracy_index,0.69,index (0-1),2025,V-Dem via Our World in Data
KGZ,politics,democracy_index,0.31,index (0-1),2025,V-Dem via Our World in Data
MRT,politics,democracy_index,0.33,index (0-1),2025,V-Dem via Our World in Data
LVA,politics,democracy_index,0.83,index (0-1),2025,V-Dem via Our World in Data
KAZ,politics,democracy_index,0.26,index (0-1),2025,V-Dem via Our World in Data
POL,politics,democracy_index,0.77,index (0-1),2025,V-Dem via Our World in Data
ZAF,politics,democracy_index,0.74,index (0-1),2025,V-Dem via Our World in Data
URY,politics,democracy_index,0.86,index (0-1),2025,V-Dem via Our World in Data
USA,politics,democracy_index,0.73,index (0-1),2025,V-Dem via Our World in Data
AUT,politics,democracy_index,0.84,index (0-1),2025,V-Dem via Our World in Data
FIN,politics,democracy_index,0.85,index (0-1),2025,V-Dem via Our World in Data
ROU,politics,democracy_index,0.6,index (0-1),2025,V-Dem via Our World in Data
SAU,politics,democracy_index,0.02,index (0-1),2025,V-Dem via Our World in Data
FJI,politics,democracy_index,0.51,index (0-1),2025,V-Dem via Our World in Data
LAO,politics,democracy_index,0.14,index (0-1),2025,V-Dem via Our World in Data
MUS,politics,democracy_index,0.74,index (0-1),2025,V-Dem via Our World in Data
AUS,politics,democracy_index,0.84,index (0-1),2025,V-Dem via Our World in Data
MLT,politics,democracy_index,0.78,index (0-1),2025,V-Dem via Our World in Data
QAT,politics,democracy_index,0.03,index (0-1),2025,V-Dem via Our World in Data
AZE,politics,democracy_index,0.17,index (0-1),2025,V-Dem via Our World in Data
AGO,politics,democracy_index,0.34,index (0-1),2025,V-Dem via Our World in Data
DZA,politics,democracy_index,0.27,index (0-1),2025,V-Dem via Our World in Data
MYS,politics,democracy_index,0.5,index (0-1),2025,V-Dem via Our World in Data
KEN,politics,democracy_index,0.56,index (0-1),2025,V-Dem via Our World in Data
LTU,politics,democracy_index,0.79,index (0-1),2025,V-Dem via Our World in Data
LUX,politics,democracy_index,0.87,index (0-1),2025,V-Dem via Our World in Data
MDA,politics,democracy_index,0.55,index (0-1),2025,V-Dem via Our World in Data
BHR,politics,democracy_index,0.14,index (0-1),2025,V-Dem via Our World in Data
ARM,politics,democracy_index,0.61,index (0-1),2025,V-Dem via Our World in Data
UZB,politics,democracy_index,0.22,index (0-1),2025,V-Dem via Our World in Data
CIV,politics,democracy_index,0.39,index (0-1),2025,V-Dem via Our World in Data
CZE,politics,democracy_index,0.85,index (0-1),2025,V-Dem via Our World in Data
SLB,politics,democracy_index,0.7,index (0-1),2025,V-Dem via Our World in Data
GBR,politics,democracy_index,0.77,index (0-1),2025,V-Dem via Our World in Data
PRT,politics,democracy_index,0.82,index (0-1),2025,V-Dem via Our World in Data
CUB,politics,democracy_index,0.18,index (0-1),2025,V-Dem via Our World in Data
FRA,politics,democracy_index,0.86,index (0-1),2025,V-Dem via Our World in Data
KWT,politics,democracy_index,0.14,index (0-1),2025,V-Dem via Our World in Data
MEX,politics,democracy_index,0.47,index (0-1),2025,V-Dem via Our World in Data
HND,politics,democracy_index,0.51,index (0-1),2025,V-Dem via Our World in Data
COL,politics,democracy_index,0.68,index (0-1),2025,V-Dem via Our World in Data
JOR,politics,democracy_index,0.28,index (0-1),2025,V-Dem via Our World in Data
TJK,politics,democracy_index,0.16,index (0-1),2025,V-Dem via Our World in Data
SWE,politics,democracy_index,0.89,index (0-1),2025,V-Dem via Our World in Data
ISL,politics,democracy_index,0.81,index (0-1),2025,V-Dem via Our World in Data
ALB,politics,democracy_index,0.48,index (0-1),2025,V-Dem via Our World in Data
RWA,politics,democracy_index,0.19,index (0-1),2025,V-Dem via Our World in Data
NOR,politics,democracy_index,0.89,index (0-1),2025,V-Dem via Our World in Data
RUS,politics,democracy_index,0.17,index (0-1),2025,V-Dem via Our World in Data
GNQ,politics,democracy_index,0.17,index (0-1),2025,V-Dem via Our World in Data
IND,politics,democracy_index,0.38,index (0-1),2025,V-Dem via Our World in Data
NZL,politics,democracy_index,0.85,index (0-1),2025,V-Dem via Our World in Data
NIC,politics,democracy_index,0.15,index (0-1),2025,V-Dem via Our World in Data
CAF,politics,democracy_index,0.29,index (0-1),2025,V-Dem via Our World in Data
BRA,politics,democracy_index,0.78,index (0-1),2025,V-Dem via Our World in Data
BWA,politics,democracy_index,0.67,index (0-1),2025,V-Dem via Our World in Data
TCD,politics,democracy_index,0.24,index (0-1),2025,V-Dem via Our World in Data
OMN,politics,democracy_index,0.17,index (0-1),2025,V-Dem via Our World in Data
GIN,politics,democracy_index,0.19,index (0-1),2025,V-Dem via Our World in Data
MWI,politics,democracy_index,0.56,index (0-1),2025,V-Dem via Our World in Data
LBR,politics,democracy_index,0.6,index (0-1),2025,V-Dem via Our World in Data
SUR,politics,democracy_index,0.78,index (0-1),2025,V-Dem via Our World in Data
IDN,politics,democracy_index,0.46,index (0-1),2025,V-Dem via Our World in Data
NLD,politics,democracy_index,0.83,index (0-1),2025,V-Dem via Our World in Data
TZA,politics,democracy_index,0.36,index (0-1),2025,V-Dem via Our World in Data
BGR,politics,democracy_index,0.6,index (0-1),2025,V-Dem via Our World in Data
AFG,politics,democracy_index,0.07,index (0-1),2025,V-Dem via Our World in Data
TWN,politics,democracy_index,0.8,index (0-1),2025,V-Dem via Our World in Data
PRK,politics,democracy_index,0.08,index (0-1),2025,V-Dem via Our World in Data
CMR,politics,democracy_index,0.26,index (0-1),2025,V-Dem via Our World in Data
DNK,politics,democracy_index,0.91,index (0-1),2025,V-Dem via Our World in Data
KHM,politics,democracy_index,0.18,index (0-1),2025,V-Dem via Our World in Data
HTI,politics,democracy_index,0.24,index (0-1),2025,V-Dem via Our World in Data
SYR,politics,democracy_index,0.13,index (0-1),2025,V-Dem via Our World in Data
HKG,politics,democracy_index,0.15,index (0-1),2025,V-Dem via Our World in Data
CHE,politics,democracy_index,0.88,index (0-1),2025,V-Dem via Our World in Data
BDI,politics,democracy_index,0.18,index (0-1),2025,V-Dem via Our World in Data
HUN,politics,democracy_index,0.42,index (0-1),2025,V-Dem via Our World in Data
NGA,politics,democracy_index,0.51,index (0-1),2025,V-Dem via Our World in Data
CAN,politics,democracy_index,0.84,index (0-1),2025,V-Dem via Our World in Data
BFA,politics,democracy_index,0.13,index (0-1),2025,V-Dem via Our World in Data
MKD,politics,democracy_index,0.56,index (0-1),2025,V-Dem via Our World in Data
GUY,politics,democracy_index,0.52,index (0-1),2025,V-Dem via Our World in Data
ECU,politics,democracy_index,0.61,index (0-1),2025,V-Dem via Our World in Data
SEN,politics,democracy_index,0.63,index (0-1),2025,V-Dem via Our World in Data
SGP,politics,democracy_index,0.43,index (0-1),2025,V-Dem via Our World in Data
NER,politics,democracy_index,0.23,index (0-1),2025,V-Dem via Our World in Data
CPV,politics,democracy_index,0.74,index (0-1),2025,V-Dem via Our World in Data
YEM,politics,democracy_index,0.13,index (0-1),2025,V-Dem via Our World in Data
GNB,politics,democracy_index,0.25,index (0-1),2025,V-Dem via Our World in Data
MDG,politics,democracy_index,0.36,index (0-1),2025,V-Dem via Our World in Data
COD,politics,democracy_index,0.31,index (0-1),2025,V-Dem via Our World in Data
THA,politics,democracy_index,0.42,index (0-1),2025,V-Dem via Our World in Data
GTM,politics,democracy_index,0.64,index (0-1),2025,V-Dem via Our World in Data
BIH,politics,democracy_index,0.5,index (0-1),2025,V-Dem via Our World in Data
ESP,politics,democracy_index,0.82,index (0-1),2025,V-Dem via Our World in Data
TUN,politics,democracy_index,0.4,index (0-1),2025,V-Dem via Our World in Data
DEU,politics,democracy_index,0.83,index (0-1),2025,V-Dem via Our World in Data
BEN,politics,democracy_index,0.49,index (0-1),2025,V-Dem via Our World in Data
ITA,politics,democracy_index,0.74,index (0-1),2025,V-Dem via Our World in Data
BEL,politics,democracy_index,0.89,index (0-1),2025,V-Dem via Our World in Data
JAM,politics,democracy_index,0.81,index (0-1),2025,V-Dem via Our World in Data
SLV,politics,democracy_index,0.32,index (0-1),2025,V-Dem via Our World in Data
SVK,politics,democracy_index,0.73,index (0-1),2025,V-Dem via Our World in Data
MOZ,politics,democracy_index,0.28,index (0-1),2025,V-Dem via Our World in Data
COM,politics,democracy_index,0.29,index (0-1),2025,V-Dem via Our World in Data
TUR,politics,democracy_index,0.29,index (0-1),2025,V-Dem via Our World in Data
BLR,politics,democracy_index,0.16,index (0-1),2025,V-Dem via Our World in Data
ZMB,politics,democracy_index,0.5,index (0-1),2025,V-Dem via Our World in Data
PRY,politics,democracy_index,0.58,index (0-1),2025,V-Dem via Our World in Data
GEO,politics,democracy_index,0.4,index (0-1),2025,V-Dem via Our World in Data
JPN,politics,democracy_index,0.82,index (0-1),2025,V-Dem via Our World in Data
MAR,politics,democracy_index,0.26,index (0-1),2025,V-Dem via Our World in Data
SSD,politics,democracy_index,0.13,index (0-1),2025,V-Dem via Our World in Data
TKM,politics,democracy_index,0.15,index (0-1),2025,V-Dem via Our World in Data
LBY,politics,democracy_index,0.19,index (0-1),2025,V-Dem via Our World in Data
BRB,politics,democracy_index,0.8,index (0-1),2025,V-Dem via Our World in Data
GMB,politics,democracy_index,0.64,index (0-1),2025,V-Dem via Our World in Data
MMR,politics,democracy_index,0.08,index (0-1),2025,V-Dem via Our World in Data
UGA,politics,democracy_index,0.25,index (0-1),2025,V-Dem via Our World in Data
VEN,politics,democracy_index,0.18,index (0-1),2025,V-Dem via Our World in Data
PNG,politics,democracy_index,0.47,index (0-1),2025,V-Dem via Our World in Data
VNM,politics,democracy_index,0.15,index (0-1),2025,V-Dem via Our World in Data
SDN,politics,democracy_index,0.13,index (0-1),2025,V-Dem via Our World in Data
IRN,politics,democracy_index,0.16,index (0-1),2025,V-Dem via Our World in Data
DJI,politics,democracy_index,0.25,index (0-1),2025,V-Dem via Our World in Data
TGO,politics,democracy_index,0.35,index (0-1),2025,V-Dem via Our World in Data
PAK,politics,democracy_index,0.3,index (0-1),2025,V-Dem via Our World in Data
GRC,politics,democracy_index,0.74,index (0-1),2025,V-Dem via Our World in Data
IRQ,politics,democracy_index,0.37,index (0-1),2025,V-Dem via Our World in Data
NPL,politics,democracy_index,0.66,index (0-1),2025,V-Dem via Our World in Data
CHL,politics,democracy_index,0.84,index (0-1),2025,V-Dem via Our World in Data
STP,politics,democracy_index,0.63,index (0-1),2025,V-Dem via Our World in Data
TLS,politics,democracy_index,0.74,index (0-1),2025,V-Dem via Our World in Data
TTO,politics,democracy_index,0.79,index (0-1),2025,V-Dem via Our World in Data
ERI,politics,democracy_index,0.07,index (0-1),2025,V-Dem via Our World in Data
IRL,politics,democracy_index,0.89,index (0-1),2025,V-Dem via Our World in Data
BOL,politics,democracy_index,0.6,index (0-1),2025,V-Dem via Our World in Data
PAN,politics,democracy_index,0.73,index (0-1),2025,V-Dem via Our World in Data
ISR,politics,democracy_index,0.69,index (0-1),2025,V-Dem via Our World in Data
CHN,politics,democracy_index,0.07,index (0-1),2025,V-Dem via Our World in Data
LKA,politics,democracy_index,0.78,index (0-1),2025,V-Dem via Our World in Data
NAM,politics,democracy_index,0.63,index (0-1),2025,V-Dem via Our World in Data
BTN,politics,democracy_index,0.57,index (0-1),2025,V-Dem via Our World in Data
SLE,politics,democracy_index,0.47,index (0-1),2025,V-Dem via Our World in Data
GHA,politics,democracy_index,0.71,index (0-1),2025,V-Dem via Our World in Data
ZWE,politics,democracy_index,0.27,index (0-1),2025,V-Dem via Our World in Data
VAT,politics,regime_type,closed autocracy,,1861,V-Dem via Our World in Data
PSE,politics,regime_type,closed autocracy,,1948,V-Dem via Our World in Data
RUS,politics,regime_type,electoral autocracy,,2025,V-Dem via Our World in Data
FIN,politics,regime_type,liberal democracy,,2025,V-Dem via Our World in Data
ZMB,politics,regime_type,electoral autocracy,,2025,V-Dem via Our World in Data
RWA,politics,regime_type,electoral autocracy,,2025,V-Dem via Our World in Data
FJI,politics,regime_type,electoral democracy,,2025,V-Dem via Our World in Data
CHN,politics,regime_type,closed autocracy,,2025,V-Dem via Our World in Data
FRA,politics,regime_type,liberal democracy,,2025,V-Dem via Our World in Data
TJK,politics,regime_type,electoral autocracy,,2025,V-Dem via Our World in Data
NER,politics,regime_type,closed autocracy,,2025,V-Dem via Our World in Data
LAO,politics,regime_type,closed autocracy,,2025,V-Dem via Our World in Data
SLB,politics,regime_type,electoral democracy,,2025,V-Dem via Our World in Data
HRV,politics,regime_type,electoral democracy,,2025,V-Dem via Our World in Data
AUT,politics,regime_type,liberal democracy,,2025,V-Dem via Our World in Data
TWN,politics,regime_type,liberal democracy,,2025,V-Dem via Our World in Data
NIC,politics,regime_type,electoral autocracy,,2025,V-Dem via Our World in Data
LVA,politics,regime_type,liberal democracy,,2025,V-Dem via Our World in Data
LBN,politics,regime_type,electoral autocracy,,2025,V-Dem via Our World in Data
LSO,politics,regime_type,electoral democracy,,2025,V-Dem via Our World in Data
CIV,politics,regime_type,electoral autocracy,,2025,V-Dem via Our World in Data
SOM,politics,regime_type,closed autocracy,,2025,V-Dem via Our World in Data
NZL,politics,regime_type,liberal democracy,,2025,V-Dem via Our World in Data
AZE,politics,regime_type,electoral autocracy,,2025,V-Dem via Our World in Data
SYR,politics,regime_type,closed autocracy,,2025,V-Dem via Our World in Data
LBR,politics,regime_type,electoral democracy,,2025,V-Dem via Our World in Data
CUB,politics,regime_type,closed autocracy,,2025,V-Dem via Our World in Data
LBY,politics,regime_type,closed autocracy,,2025,V-Dem via Our World in Data
KGZ,politics,regime_type,electoral autocracy,,2025,V-Dem via Our World in Data
CPV,politics,regime_type,electoral democracy,,2025,V-Dem via Our World in Data
CMR,politics,regime_type,electoral autocracy,,2025,V-Dem via Our World in Data
MKD,politics,regime_type,electoral democracy,,2025,V-Dem via Our World in Data
JPN,politics,regime_type,liberal democracy,,2025,V-Dem via Our World in Data
AUS,politics,regime_type,liberal democracy,,2025,V-Dem via Our World in Data
TGO,politics,regime_type,electoral autocracy,,2025,V-Dem via Our World in Data
BEN,politics,regime_type,electoral autocracy,,2025,V-Dem via Our World in Data
JOR,politics,regime_type,closed autocracy,,2025,V-Dem via Our World in Data
CZE,politics,regime_type,liberal democracy,,2025,V-Dem via Our World in Data
THA,politics,regime_type,electoral autocracy,,2025,V-Dem via Our World in Data
CAN,politics,regime_type,electoral democracy,,2025,V-Dem via Our World in Data
PRK,politics,regime_type,closed autocracy,,2025,V-Dem via Our World in Data
KAZ,politics,regime_type,electoral autocracy,,2025,V-Dem via Our World in Data
KEN,politics,regime_type,electoral democracy,,2025,V-Dem via Our World in Data
CYP,politics,regime_type,liberal democracy,,2025,V-Dem via Our World in Data
KWT,politics,regime_type,closed autocracy,,2025,V-Dem via Our World in Data
SVN,politics,regime_type,electoral democracy,,2025,V-Dem via Our World in Data
TZA,politics,regime_type,electoral autocracy,,2025,V-Dem via Our World in Data
NGA,politics,regime_type,electoral democracy,,2025,V-Dem via Our World in Data
TTO,politics,regime_type,liberal democracy,,2025,V-Dem via Our World in Data
CAF,politics,regime_type,electoral autocracy,,2025,V-Dem via Our World in Data
CRI,politics,regime_type,liberal democracy,,2025,V-Dem via Our World in Data
MRT,politics,regime_type,electoral autocracy,,2025,V-Dem via Our World in Data
SDN,politics,regime_type,closed autocracy,,2025,V-Dem via Our World in Data
MUS,politics,regime_type,electoral democracy,,2025,V-Dem via Our World in Data
COG,politics,regime_type,electoral autocracy,,2025,V-Dem via Our World in Data
MOZ,politics,regime_type,electoral autocracy,,2025,V-Dem via Our World in Data
BRB,politics,regime_type,liberal democracy,,2025,V-Dem via Our World in Data
MEX,politics,regime_type,electoral autocracy,,2025,V-Dem via Our World in Data
COM,politics,regime_type,electoral autocracy,,2025,V-Dem via Our World in Data
SSD,politics,regime_type,closed autocracy,,2025,V-Dem via Our World in Data
LKA,politics,regime_type,electoral democracy,,2025,V-Dem via Our World in Data
COL,politics,regime_type,electoral democracy,,2025,V-Dem via Our World in Data
BLR,politics,regime_type,closed autocracy,,2025,V-Dem via Our World in Data
MDA,politics,regime_type,electoral democracy,,2025,V-Dem via Our World in Data
ESP,politics,regime_type,liberal democracy,,2025,V-Dem via Our World in Data
MAR,politics,regime_type,closed autocracy,,2025,V-Dem via Our World in Data
MNG,politics,regime_type,electoral democracy,,2025,V-Dem via Our World in Data
MNE,politics,regime_type,electoral democracy,,2025,V-Dem via Our World in Data
MMR,politics,regime_type,closed autocracy,,2025,V-Dem via Our World in Data
NLD,politics,regime_type,liberal democracy,,2025,V-Dem via Our World in Data
SUR,politics,regime_type,electoral democracy,,2025,V-Dem via Our World in Data
KOR,politics,regime_type,liberal democracy,,2025,V-Dem via Our World in Data
ZAF,politics,regime_type,electoral democracy,,2025,V-Dem via Our World in Data
BHR,politics,regime_type,closed autocracy,,2025,V-Dem via Our World in Data
LTU,politics,regime_type,liberal democracy,,2025,V-Dem via Our World in Data
CHE,politics,regime_type,liberal democracy,,2025,V-Dem via Our World in Data
LUX,politics,regime_type,liberal democracy,,2025,V-Dem via Our World in Data
TCD,politics,regime_type,electoral autocracy,,2025,V-Dem via Our World in Data
NPL,politics,regime_type,electoral democracy,,2025,V-Dem via Our World in Data
BEL,politics,regime_type,liberal democracy,,2025,V-Dem via Our World in Data
MDG,politics,regime_type,closed autocracy,,2025,V-Dem via Our World in Data
MWI,politics,regime_type,electoral democracy,,2025,V-Dem via Our World in Data
SWE,politics,regime_type,liberal democracy,,2025,V-Dem via Our World in Data
MYS,politics,regime_type,electoral democracy,,2025,V-Dem via Our World in Data
CHL,politics,regime_type,liberal democracy,,2025,V-Dem via Our World in Data
NAM,politics,regime_type,electoral democracy,,2025,V-Dem via Our World in Data
MDV,politics,regime_type,electoral democracy,,2025,V-Dem via Our World in Data
BGD,politics,regime_type,closed autocracy,,2025,V-Dem via Our World in Data
MLI,politics,regime_type,closed autocracy,,2025,V-Dem via Our World in Data
MLT,politics,regime_type,electoral democracy,,2025,V-Dem via Our World in Data
SVK,politics,regime_type,electoral democracy,,2025,V-Dem via Our World in Data
COD,politics,regime_type,electoral autocracy,,2025,V-Dem via Our World in Data
JAM,politics,regime_type,electoral democracy,,2025,V-Dem via Our World in Data
GRC,politics,regime_type,electoral democracy,,2025,V-Dem via Our World in Data
ERI,politics,regime_type,closed autocracy,,2025,V-Dem via Our World in Data
SEN,politics,regime_type,electoral democracy,,2025,V-Dem via Our World in Data
UZB,politics,regime_type,electoral autocracy,,2025,V-Dem via Our World in Data
GTM,politics,regime_type,electoral democracy,,2025,V-Dem via Our World in Data
BGR,politics,regime_type,electoral democracy,,2025,V-Dem via Our World in Data
POL,politics,regime_type,electoral democracy,,2025,V-Dem via Our World in Data
GIN,politics,regime_type,closed autocracy,,2025,V-Dem via Our World in Data
URY,politics,regime_type,liberal democracy,,2025,V-Dem via Our World in Data
BOL,politics,regime_type,electoral democracy,,2025,V-Dem via Our World in Data
GNB,politics,regime_type,closed autocracy,,2025,V-Dem via Our World in Data
GUY,politics,regime_type,electoral democracy,,2025,V-Dem via Our World in Data
GNQ,politics,regime_type,electoral autocracy,,2025,V-Dem via Our World in Data
PHL,politics,regime_type,electoral autocracy,,2025,V-Dem via Our World in Data
DZA,politics,regime_type,electoral autocracy,,2025,V-Dem via Our World in Data
USA,politics,regime_type,electoral democracy,,2025,V-Dem via Our World in Data
HTI,politics,regime_type,closed autocracy,,2025,V-Dem via Our World in Data
VUT,politics,regime_type,electoral democracy,,2025,V-Dem via Our World in Data
SRB,politics,regime_type,electoral autocracy,,2025,V-Dem via Our World in Data
PRT,politics,regime_type,electoral democracy,,2025,V-Dem via Our World in Data
ALB,politics,regime_type,electoral autocracy,,2025,V-Dem via Our World in Data
YEM,politics,regime_type,closed autocracy,,2025,V-Dem via Our World in Data
GAB,politics,regime_type,electoral autocracy,,2025,V-Dem via Our World in Data
GMB,politics,regime_type,electoral democracy,,2025,V-Dem via Our World in Data
ETH,politics,regime_type,electoral autocracy,,2025,V-Dem via Our World in Data
BWA,politics,regime_type,electoral democracy,,2025,V-Dem via Our World in Data
ROU,politics,regime_type,electoral democracy,,2025,V-Dem via Our World in Data
BIH,politics,regime_type,electoral autocracy,,2025,V-Dem via Our World in Data
VNM,politics,regime_type,closed autocracy,,2025,V-Dem via Our World in Data
VEN,politics,regime_type,electoral autocracy,,2025,V-Dem via Our World in Data
GEO,politics,regime_type,electoral autocracy,,2025,V-Dem via Our World in Data
SWZ,politics,regime_type,closed autocracy,,2025,V-Dem via Our World in Data
BRA,politics,regime_type,electoral democracy,,2025,V-Dem via Our World in Data
QAT,politics,regime_type,closed autocracy,,2025,V-Dem via Our World in Data
AFG,politics,regime_type,closed autocracy,,2025,V-Dem via Our World in Data
DEU,politics,regime_type,liberal democracy,,2025,V-Dem via Our World in Data
GHA,politics,regime_type,electoral democracy,,2025,V-Dem via Our World in Data
EST,politics,regime_type,liberal democracy,,2025,V-Dem via Our World in Data
SAU,politics,regime_type,closed autocracy,,2025,V-Dem via Our World in Data
HND,politics,regime_type,electoral democracy,,2025,V-Dem via Our World in Data
SLV,politics,regime_type,electoral autocracy,,2025,V-Dem via Our World in Data
PER,politics,regime_type,electoral democracy,,2025,V-Dem via Our World in Data
TLS,politics,regime_type,electoral democracy,,2025,V-Dem via Our World in Data
ARG,politics,regime_type,electoral democracy,,2025,V-Dem via Our World in Data
TUR,politics,regime_type,electoral autocracy,,2025,V-Dem via Our World in Data
SGP,politics,regime_type,electoral autocracy,,2025,V-Dem via Our World in Data
IRQ,politics,regime_type,electoral autocracy,,2025,V-Dem via Our World in Data
DOM,politics,regime_type,electoral democracy,,2025,V-Dem via Our World in Data
OMN,politics,regime_type,closed autocracy,,2025,V-Dem via Our World in Data
IRL,politics,regime_type,liberal democracy,,2025,V-Dem via Our World in Data
DJI,politics,regime_type,electoral autocracy,,2025,V-Dem via Our World in Data
BTN,politics,regime_type,electoral democracy,,2025,V-Dem via Our World in Data
ARM,politics,regime_type,electoral democracy,,2025,V-Dem via Our World in Data
TUN,politics,regime_type,electoral autocracy,,2025,V-Dem via Our World in Data
NOR,politics,regime_type,liberal democracy,,2025,V-Dem via Our World in Data
ISR,politics,regime_type,electoral democracy,,2025,V-Dem via Our World in Data
DNK,politics,regime_type,liberal democracy,,2025,V-Dem via Our World in Data
ITA,politics,regime_type,liberal democracy,,2025,V-Dem via Our World in Data
KHM,politics,regime_type,electoral autocracy,,2025,V-Dem via Our World in Data
IRN,politics,regime_type,electoral autocracy,,2025,V-Dem via Our World in Data
PAK,politics,regime_type,electoral autocracy,,2025,V-Dem via Our World in Data
TKM,politics,regime_type,electoral autocracy,,2025,V-Dem via Our World in Data
IDN,politics,regime_type,electoral autocracy,,2025,V-Dem via Our World in Data
HKG,politics,regime_type,closed autocracy,,2025,V-Dem via Our World in Data
AGO,politics,regime_type,electoral autocracy,,2025,V-Dem via Our World in Data
GBR,politics,regime_type,electoral democracy,,2025,V-Dem via Our World in Data
BFA,politics,regime_type,closed autocracy,,2025,V-Dem via Our World in Data
PRY,politics,regime_type,electoral democracy,,2025,V-Dem via Our World in Data
HUN,politics,regime_type,electoral autocracy,,2025,V-Dem via Our World in Data
ISL,politics,regime_type,liberal democracy,,2025,V-Dem via Our World in Data
EGY,politics,regime_type,electoral autocracy,,2025,V-Dem via Our World in Data
STP,politics,regime_type,electoral democracy,,2025,V-Dem via Our World in Data
SYC,politics,regime_type,liberal democracy,,2025,V-Dem via Our World in Data
PNG,politics,regime_type,electoral autocracy,,2025,V-Dem via Our World in Data
ARE,politics,regime_type,closed autocracy,,2025,V-Dem via Our World in Data
UKR,politics,regime_type,electoral autocracy,,2025,V-Dem via Our World in Data
IND,politics,regime_type,electoral autocracy,,2025,V-Dem via Our World in Data
ECU,politics,regime_type,electoral democracy,,2025,V-Dem via Our World in Data
UGA,politics,regime_type,electoral autocracy,,2025,V-Dem via Our World in Data
SLE,politics,regime_type,electoral autocracy,,2025,V-Dem via Our World in Data
PAN,politics,regime_type,electoral democracy,,2025,V-Dem via Our World in Data
BDI,politics,regime_type,electoral autocracy,,2025,V-Dem via Our World in Data
ZWE,politics,regime_type,electoral autocracy,,2025,V-Dem via Our World in Data
ANT,geography,population_density,247.5,people/km²,2010,UN via Our World in Data
LBY,geography,population_density,4.2,people/km²,2025,UN via Our World in Data
ZMB,geography,population_density,29.5,people/km²,2025,UN via Our World in Data
PLW,geography,population_density,38.5,people/km²,2025,UN via Our World in Data
GMB,geography,population_density,278.9,people/km²,2025,UN via Our World in Data
PAK,geography,population_density,331.1,people/km²,2025,UN via Our World in Data
GEO,geography,population_density,54.8,people/km²,2025,UN via Our World in Data
OMN,geography,population_density,17.8,people/km²,2025,UN via Our World in Data
DEU,geography,population_density,240.6,people/km²,2025,UN via Our World in Data
NOR,geography,population_density,15.4,people/km²,2025,UN via Our World in Data
GHA,geography,population_density,154.1,people/km²,2025,UN via Our World in Data
MNP,geography,population_density,94.7,people/km²,2025,UN via Our World in Data
MKD,geography,population_density,71.9,people/km²,2025,UN via Our World in Data
GIB,geography,population_density,4015.2,people/km²,2025,UN via Our World in Data
GRC,geography,population_density,77.1,people/km²,2025,UN via Our World in Data
PRK,geography,population_density,220.7,people/km²,2025,UN via Our World in Data
GRL,geography,population_density,0.1,people/km²,2025,UN via Our World in Data
NIU,geography,population_density,7.1,people/km²,2025,UN via Our World in Data
NGA,geography,population_density,260.8,people/km²,2025,UN via Our World in Data
GRD,geography,population_density,345.0,people/km²,2025,UN via Our World in Data
NER,geography,population_density,22.0,people/km²,2025,UN via Our World in Data
GLP,geography,population_density,230.7,people/km²,2025,UN via Our World in Data
GUM,geography,population_density,313.0,people/km²,2025,UN via Our World in Data
NIC,geography,population_density,58.2,people/km²,2025,UN via Our World in Data
GTM,geography,population_density,174.4,people/km²,2025,UN via Our World in Data
NZL,geography,population_density,19.9,people/km²,2025,UN via Our World in Data
GIN,geography,population_density,61.5,people/km²,2025,UN via Our World in Data
NCL,geography,population_density,16.2,people/km²,2025,UN via Our World in Data
GAB,geography,population_density,10.1,people/km²,2025,UN via Our World in Data
GNB,geography,population_density,80.0,people/km²,2025,UN via Our World in Data
PSE,geography,population_density,927.7,people/km²,2025,UN via Our World in Data
PAN,geography,population_density,61.6,people/km²,2025,UN via Our World in Data
RWA,geography,population_density,590.6,people/km²,2025,UN via Our World in Data
EGY,geography,population_density,118.9,people/km²,2025,UN via Our World in Data
RUS,geography,population_density,8.8,people/km²,2025,UN via Our World in Data
SLV,geography,population_density,307.2,people/km²,2025,UN via Our World in Data
GNQ,geography,population_density,69.1,people/km²,2025,UN via Our World in Data
ROU,geography,population_density,82.2,people/km²,2025,UN via Our World in Data
ERI,geography,population_density,29.8,people/km²,2025,UN via Our World in Data
REU,geography,population_density,351.6,people/km²,2025,UN via Our World in Data
QAT,geography,population_density,271.2,people/km²,2025,UN via Our World in Data
EST,geography,population_density,31.4,people/km²,2025,UN via Our World in Data
PRI,geography,population_density,364.7,people/km²,2025,UN via Our World in Data
PRT,geography,population_density,113.7,people/km²,2025,UN via Our World in Data
SWZ,geography,population_density,73.0,people/km²,2025,UN via Our World in Data
POL,geography,population_density,124.6,people/km²,2025,UN via Our World in Data
ETH,geography,population_density,120.0,people/km²,2025,UN via Our World in Data
FLK,geography,population_density,0.3,people/km²,2025,UN via Our World in Data
PHL,geography,population_density,391.7,people/km²,2025,UN via Our World in Data
FRO,geography,population_density,40.9,people/km²,2025,UN via Our World in Data
PER,geography,population_density,27.0,people/km²,2025,UN via Our World in Data
FJI,geography,population_density,51.1,people/km²,2025,UN via Our World in Data
PRY,geography,population_density,17.7,people/km²,2025,UN via Our World in Data
FIN,geography,population_density,18.5,people/km²,2025,UN via Our World in Data
PNG,geography,population_density,23.8,people/km²,2025,UN via Our World in Data
FRA,geography,population_density,121.7,people/km²,2025,UN via Our World in Data
GUF,geography,population_density,3.8,people/km²,2025,UN via Our World in Data
PYF,geography,population_density,81.4,people/km²,2025,UN via Our World in Data
SHN,geography,population_density,13.4,people/km²,2025,UN via Our World in Data
NLD,geography,population_density,544.9,people/km²,2025,UN via Our World in Data
NPL,geography,population_density,206.6,people/km²,2025,UN via Our World in Data
MRT,geography,population_density,5.2,people/km²,2025,UN via Our World in Data
JPN,geography,population_density,337.7,people/km²,2025,UN via Our World in Data
MTQ,geography,population_density,321.2,people/km²,2025,UN via Our World in Data
JOR,geography,population_density,129.7,people/km²,2025,UN via Our World in Data
MHL,geography,population_density,201.7,people/km²,2025,UN via Our World in Data
MLT,geography,population_density,1704.4,people/km²,2025,UN via Our World in Data
KAZ,geography,population_density,7.7,people/km²,2025,UN via Our World in Data
KEN,geography,population_density,101.1,people/km²,2025,UN via Our World in Data
MLI,geography,population_density,20.7,people/km²,2025,UN via Our World in Data
KIR,geography,population_density,168.5,people/km²,2025,UN via Our World in Data
MDV,geography,population_density,1765.6,people/km²,2025,UN via Our World in Data
KWT,geography,population_density,282.0,people/km²,2025,UN via Our World in Data
MYS,geography,population_density,109.5,people/km²,2025,UN via Our World in Data
KGZ,geography,population_density,38.0,people/km²,2025,UN via Our World in Data
MWI,geography,population_density,235.6,people/km²,2025,UN via Our World in Data
LAO,geography,population_density,34.1,people/km²,2025,UN via Our World in Data
MDG,geography,population_density,56.3,people/km²,2025,UN via Our World in Data
LVA,geography,population_density,29.8,people/km²,2025,UN via Our World in Data
MAC,geography,population_density,21879.3,people/km²,2025,UN via Our World in Data
LUX,geography,population_density,264.3,people/km²,2025,UN via Our World in Data
LBN,geography,population_density,571.8,people/km²,2025,UN via Our World in Data
LTU,geography,population_density,45.2,people/km²,2025,UN via Our World in Data
LSO,geography,population_density,77.8,people/km²,2025,UN via Our World in Data
LIE,geography,population_density,251.0,people/km²,2025,UN via Our World in Data
LBR,geography,population_density,59.5,people/km²,2025,UN via Our World in Data
JAM,geography,population_density,262.0,people/km²,2025,UN via Our World in Data
GUY,geography,population_density,4.2,people/km²,2025,UN via Our World in Data
MUS,geography,population_density,635.1,people/km²,2025,UN via Our World in Data
ITA,geography,population_density,200.0,people/km²,2025,UN via Our World in Data
HTI,geography,population_density,432.0,people/km²,2025,UN via Our World in Data
NRU,geography,population_density,602.6,people/km²,2025,UN via Our World in Data
HND,geography,population_density,98.4,people/km²,2025,UN via Our World in Data
NAM,geography,population_density,3.8,people/km²,2025,UN via Our World in Data
HKG,geography,population_density,7043.9,people/km²,2025,UN via Our World in Data
MMR,geography,population_density,84.0,people/km²,2025,UN via Our World in Data
HUN,geography,population_density,105.5,people/km²,2025,UN via Our World in Data
MOZ,geography,population_density,45.3,people/km²,2025,UN via Our World in Data
ISL,geography,population_density,3.9,people/km²,2025,UN via Our World in Data
MAR,geography,population_density,86.1,people/km²,2025,UN via Our World in Data
IND,geography,population_density,492.4,people/km²,2025,UN via Our World in Data
MSR,geography,population_density,43.8,people/km²,2025,UN via Our World in Data
MNE,geography,population_density,47.0,people/km²,2025,UN via Our World in Data
IDN,geography,population_density,151.0,people/km²,2025,UN via Our World in Data
MNG,geography,population_density,2.3,people/km²,2025,UN via Our World in Data
IRN,geography,population_density,57.0,people/km²,2025,UN via Our World in Data
MCO,geography,population_density,18410.3,people/km²,2025,UN via Our World in Data
IRQ,geography,population_density,108.3,people/km²,2025,UN via Our World in Data
IRL,geography,population_density,77.1,people/km²,2025,UN via Our World in Data
MDA,geography,population_density,90.9,people/km²,2025,UN via Our World in Data
IMN,geography,population_density,147.6,people/km²,2025,UN via Our World in Data
AFG,geography,population_density,67.2,people/km²,2025,UN via Our World in Data
FSM,geography,population_density,162.4,people/km²,2025,UN via Our World in Data
ISR,geography,population_density,439.8,people/km²,2025,UN via Our World in Data
MEX,geography,population_density,67.9,people/km²,2025,UN via Our World in Data
MYT,geography,population_density,901.1,people/km²,2025,UN via Our World in Data
ECU,geography,population_density,73.6,people/km²,2025,UN via Our World in Data
KNA,geography,population_density,180.6,people/km²,2025,UN via Our World in Data
TLS,geography,population_density,95.4,people/km²,2025,UN via Our World in Data
UGA,geography,population_density,256.3,people/km²,2025,UN via Our World in Data
BLR,geography,population_density,44.3,people/km²,2025,UN via Our World in Data
TUV,geography,population_density,317.2,people/km²,2025,UN via Our World in Data
BEL,geography,population_density,388.3,people/km²,2025,UN via Our World in Data
TCA,geography,population_density,49.3,people/km²,2025,UN via Our World in Data
TKM,geography,population_density,16.2,people/km²,2025,UN via Our World in Data
BLZ,geography,population_density,18.5,people/km²,2025,UN via Our World in Data
TUR,geography,population_density,113.9,people/km²,2025,UN via Our World in Data
BEN,geography,population_density,131.4,people/km²,2025,UN via Our World in Data
BMU,geography,population_density,1195.8,people/km²,2025,UN via Our World in Data
TUN,geography,population_density,79.5,people/km²,2025,UN via Our World in Data
BTN,geography,population_density,20.9,people/km²,2025,UN via Our World in Data
TTO,geography,population_density,294.6,people/km²,2025,UN via Our World in Data
BOL,geography,population_density,11.6,people/km²,2025,UN via Our World in Data
TON,geography,population_density,144.1,people/km²,2025,UN via Our World in Data
BES,geography,population_density,97.4,people/km²,2025,UN via Our World in Data
TKL,geography,population_density,263.2,people/km²,2025,UN via Our World in Data
TGO,geography,population_density,158.0,people/km²,2025,UN via Our World in Data
BIH,geography,population_density,61.3,people/km²,2025,UN via Our World in Data
THA,geography,population_density,140.2,people/km²,2025,UN via Our World in Data
BWA,geography,population_density,4.5,people/km²,2025,UN via Our World in Data
TZA,geography,population_density,79.6,people/km²,2025,UN via Our World in Data
BRA,geography,population_density,25.5,people/km²,2025,UN via Our World in Data
VGB,geography,population_density,265.0,people/km²,2025,UN via Our World in Data
TJK,geography,population_density,77.7,people/km²,2025,UN via Our World in Data
BRB,geography,population_density,657.3,people/km²,2025,UN via Our World in Data
BRN,geography,population_density,88.5,people/km²,2025,UN via Our World in Data
UKR,geography,population_density,67.3,people/km²,2025,UN via Our World in Data
BHR,geography,population_density,2080.2,people/km²,2025,UN via Our World in Data
ASM,geography,population_density,230.3,people/km²,2025,UN via Our World in Data
YEM,geography,population_density,79.1,people/km²,2025,UN via Our World in Data
AND,geography,population_density,176.4,people/km²,2025,UN via Our World in Data
ESH,geography,population_density,2.3,people/km²,2025,UN via Our World in Data
AGO,geography,population_density,31.3,people/km²,2025,UN via Our World in Data
WLF,geography,population_density,80.2,people/km²,2025,UN via Our World in Data
VNM,geography,population_density,324.2,people/km²,2025,UN via Our World in Data
AIA,geography,population_density,163.9,people/km²,2025,UN via Our World in Data
VEN,geography,population_density,32.3,people/km²,2025,UN via Our World in Data
ATG,geography,population_density,214.1,people/km²,2025,UN via Our World in Data
VAT,geography,population_density,1159.1,people/km²,2025,UN via Our World in Data
ARG,geography,population_density,16.8,people/km²,2025,UN via Our World in Data
VUT,geography,population_density,27.5,people/km²,2025,UN via Our World in Data
ARM,geography,population_density,103.7,people/km²,2025,UN via Our World in Data
ABW,geography,population_density,600.9,people/km²,2025,UN via Our World in Data
UZB,geography,population_density,84.1,people/km²,2025,UN via Our World in Data
AUS,geography,population_density,3.5,people/km²,2025,UN via Our World in Data
URY,geography,population_density,19.3,people/km²,2025,UN via Our World in Data
AUT,geography,population_density,110.4,people/km²,2025,UN via Our World in Data
VIR,geography,population_density,240.4,people/km²,2025,UN via Our World in Data
USA,geography,population_density,38.0,people/km²,2025,UN via Our World in Data
AZE,geography,population_density,125.8,people/km²,2025,UN via Our World in Data
GBR,geography,population_density,287.5,people/km²,2025,UN via Our World in Data
BHS,geography,population_density,40.3,people/km²,2025,UN via Our World in Data
ARE,geography,population_density,159.8,people/km²,2025,UN via Our World in Data
BGD,geography,population_density,1349.7,people/km²,2025,UN via Our World in Data
TWN,geography,population_density,652.7,people/km²,2025,UN via Our World in Data
BGR,geography,population_density,61.9,people/km²,2025,UN via Our World in Data
SYR,geography,population_density,139.5,people/km²,2025,UN via Our World in Data
CIV,geography,population_density,102.9,people/km²,2025,UN via Our World in Data
SXM,geography,population_density,1292.5,people/km²,2025,UN via Our World in Data
SGP,geography,population_density,8176.5,people/km²,2025,UN via Our World in Data
HRV,geography,population_density,68.8,people/km²,2025,UN via Our World in Data
SLE,geography,population_density,122.2,people/km²,2025,UN via Our World in Data
CUB,geography,population_density,105.4,people/km²,2025,UN via Our World in Data
SYC,geography,population_density,288.7,people/km²,2025,UN via Our World in Data
CUW,geography,population_density,417.8,people/km²,2025,UN via Our World in Data
SRB,geography,population_density,79.5,people/km²,2025,UN via Our World in Data
CYP,geography,population_density,148.3,people/km²,2025,UN via Our World in Data
SEN,geography,population_density,98.3,people/km²,2025,UN via Our World in Data
CZE,geography,population_density,137.4,people/km²,2025,UN via Our World in Data
SAU,geography,population_density,16.1,people/km²,2025,UN via Our World in Data
COD,geography,population_density,49.8,people/km²,2025,UN via Our World in Data
STP,geography,population_density,250.3,people/km²,2025,UN via Our World in Data
DNK,geography,population_density,150.1,people/km²,2025,UN via Our World in Data
SMR,geography,population_density,560.0,people/km²,2025,UN via Our World in Data
DJI,geography,population_density,51.1,people/km²,2025,UN via Our World in Data
WSM,geography,population_density,78.9,people/km²,2025,UN via Our World in Data
DMA,geography,population_density,87.9,people/km²,2025,UN via Our World in Data
VCT,geography,population_density,256.2,people/km²,2025,UN via Our World in Data
DOM,geography,population_density,242.4,people/km²,2025,UN via Our World in Data
SPM,geography,population_density,24.3,people/km²,2025,UN via Our World in Data
MAF,geography,population_density,499.3,people/km²,2025,UN via Our World in Data
LCA,geography,population_density,295.3,people/km²,2025,UN via Our World in Data
ALB,geography,population_density,101.1,people/km²,2025,UN via Our World in Data
CRI,geography,population_density,100.9,people/km²,2025,UN via Our World in Data
SVK,geography,population_density,113.9,people/km²,2025,UN via Our World in Data
COK,geography,population_density,55.3,people/km²,2025,UN via Our World in Data
BFA,geography,population_density,88.0,people/km²,2025,UN via Our World in Data
CHE,geography,population_density,227.0,people/km²,2025,UN via Our World in Data
BDI,geography,population_density,560.4,people/km²,2025,UN via Our World in Data
KHM,geography,population_density,101.1,people/km²,2025,UN via Our World in Data
SWE,geography,population_density,26.2,people/km²,2025,UN via Our World in Data
CMR,geography,population_density,63.2,people/km²,2025,UN via Our World in Data
SUR,geography,population_density,4.1,people/km²,2025,UN via Our World in Data
CAN,geography,population_density,4.6,people/km²,2025,UN via Our World in Data
SDN,geography,population_density,27.7,people/km²,2025,UN via Our World in Data
CPV,geography,population_density,130.9,people/km²,2025,UN via Our World in Data
LKA,geography,population_density,375.5,people/km²,2025,UN via Our World in Data
CYM,geography,population_density,316.1,people/km²,2025,UN via Our World in Data
DZA,geography,population_density,19.9,people/km²,2025,UN via Our World in Data
ESP,geography,population_density,95.8,people/km²,2025,UN via Our World in Data
TCD,geography,population_density,16.7,people/km²,2025,UN via Our World in Data
SSD,geography,population_density,19.3,people/km²,2025,UN via Our World in Data
KOR,geography,population_density,529.4,people/km²,2025,UN via Our World in Data
CHL,geography,population_density,26.7,people/km²,2025,UN via Our World in Data
CHN,geography,population_density,150.8,people/km²,2025,UN via Our World in Data
ZAF,geography,population_density,53.4,people/km²,2025,UN via Our World in Data
COL,geography,population_density,48.2,people/km²,2025,UN via Our World in Data
SOM,geography,population_density,31.3,people/km²,2025,UN via Our World in Data
COM,geography,population_density,474.4,people/km²,2025,UN via Our World in Data
SLB,geography,population_density,30.0,people/km²,2025,UN via Our World in Data
COG,geography,population_density,19.0,people/km²,2025,UN via Our World in Data
SVN,geography,population_density,105.1,people/km²,2025,UN via Our World in Data
CAF,geography,population_density,8.8,people/km²,2025,UN via Our World in Data
ZWE,geography,population_density,43.8,people/km²,2025,UN via Our World in Data
NAM,geography,land_area_km2,823290.0,km²,2023,World Bank via Our World in Data
ESP,geography,land_area_km2,499697.0,km²,2023,World Bank via Our World in Data
LKA,geography,land_area_km2,61860.0,km²,2023,World Bank via Our World in Data
PRK,geography,land_area_km2,120410.0,km²,2023,World Bank via Our World in Data
TGO,geography,land_area_km2,54390.0,km²,2023,World Bank via Our World in Data
NRU,geography,land_area_km2,20.0,km²,2023,World Bank via Our World in Data
SLB,geography,land_area_km2,27990.0,km²,2023,World Bank via Our World in Data
SVN,geography,land_area_km2,20134.0,km²,2023,World Bank via Our World in Data
BHS,geography,land_area_km2,10010.0,km²,2023,World Bank via Our World in Data
NGA,geography,land_area_km2,910770.0,km²,2023,World Bank via Our World in Data
NCL,geography,land_area_km2,18280.0,km²,2023,World Bank via Our World in Data
ZAF,geography,land_area_km2,1213090.0,km²,2023,World Bank via Our World in Data
YEM,geography,land_area_km2,527970.0,km²,2023,World Bank via Our World in Data
NZL,geography,land_area_km2,263310.0,km²,2023,World Bank via Our World in Data
KOR,geography,land_area_km2,97600.0,km²,2023,World Bank via Our World in Data
NLD,geography,land_area_km2,33670.0,km²,2023,World Bank via Our World in Data
THA,geography,land_area_km2,510890.0,km²,2023,World Bank via Our World in Data
SUR,geography,land_area_km2,160508.0,km²,2023,World Bank via Our World in Data
NPL,geography,land_area_km2,143350.0,km²,2023,World Bank via Our World in Data
AFG,geography,land_area_km2,652230.0,km²,2023,World Bank via Our World in Data
NER,geography,land_area_km2,1266700.0,km²,2023,World Bank via Our World in Data
AZE,geography,land_area_km2,82650.0,km²,2023,World Bank via Our World in Data
SOM,geography,land_area_km2,627340.0,km²,2023,World Bank via Our World in Data
SSD,geography,land_area_km2,631930.0,km²,2023,World Bank via Our World in Data
NIC,geography,land_area_km2,120340.0,km²,2023,World Bank via Our World in Data
AUT,geography,land_area_km2,82520.0,km²,2023,World Bank via Our World in Data
KNA,geography,land_area_km2,260.0,km²,2023,World Bank via Our World in Data
SVK,geography,land_area_km2,48080.0,km²,2023,World Bank via Our World in Data
POL,geography,land_area_km2,306270.0,km²,2023,World Bank via Our World in Data
STP,geography,land_area_km2,960.0,km²,2023,World Bank via Our World in Data
TJK,geography,land_area_km2,138790.0,km²,2023,World Bank via Our World in Data
ARG,geography,land_area_km2,2736690.0,km²,2023,World Bank via Our World in Data
SMR,geography,land_area_km2,60.0,km²,2023,World Bank via Our World in Data
PRT,geography,land_area_km2,91606.0,km²,2023,World Bank via Our World in Data
AND,geography,land_area_km2,470.0,km²,2023,World Bank via Our World in Data
PRI,geography,land_area_km2,8870.0,km²,2023,World Bank via Our World in Data
WSM,geography,land_area_km2,2780.0,km²,2023,World Bank via Our World in Data
QAT,geography,land_area_km2,11490.0,km²,2023,World Bank via Our World in Data
SYR,geography,land_area_km2,183630.0,km²,2023,World Bank via Our World in Data
CHE,geography,land_area_km2,39510.0,km²,2023,World Bank via Our World in Data
ROU,geography,land_area_km2,230080.0,km²,2023,World Bank via Our World in Data
VCT,geography,land_area_km2,390.0,km²,2023,World Bank via Our World in Data
RUS,geography,land_area_km2,16376870.0,km²,2023,World Bank via Our World in Data
MAF,geography,land_area_km2,50.0,km²,2023,World Bank via Our World in Data
ZMB,geography,land_area_km2,743390.0,km²,2023,World Bank via Our World in Data
ATG,geography,land_area_km2,440.0,km²,2023,World Bank via Our World in Data
AGO,geography,land_area_km2,1246700.0,km²,2023,World Bank via Our World in Data
RWA,geography,land_area_km2,24670.0,km²,2023,World Bank via Our World in Data
LCA,geography,land_area_km2,610.0,km²,2023,World Bank via Our World in Data
PHL,geography,land_area_km2,298170.0,km²,2023,World Bank via Our World in Data
SAU,geography,land_area_km2,2149690.0,km²,2023,World Bank via Our World in Data
PER,geography,land_area_km2,1280000.0,km²,2023,World Bank via Our World in Data
ARM,geography,land_area_km2,28199.0,km²,2023,World Bank via Our World in Data
ALB,geography,land_area_km2,27400.0,km²,2023,World Bank via Our World in Data
MNP,geography,land_area_km2,460.0,km²,2023,World Bank via Our World in Data
SXM,geography,land_area_km2,34.0,km²,2023,World Bank via Our World in Data
NOR,geography,land_area_km2,364270.0,km²,2023,World Bank via Our World in Data
SGP,geography,land_area_km2,718.0,km²,2023,World Bank via Our World in Data
OMN,geography,land_area_km2,309500.0,km²,2023,World Bank via Our World in Data
AUS,geography,land_area_km2,7692020.0,km²,2023,World Bank via Our World in Data
PAK,geography,land_area_km2,770880.0,km²,2023,World Bank via Our World in Data
SLE,geography,land_area_km2,72180.0,km²,2023,World Bank via Our World in Data
PLW,geography,land_area_km2,460.0,km²,2023,World Bank via Our World in Data
MKD,geography,land_area_km2,25220.0,km²,2023,World Bank via Our World in Data
TZA,geography,land_area_km2,885800.0,km²,2023,World Bank via Our World in Data
SWE,geography,land_area_km2,407270.0,km²,2023,World Bank via Our World in Data
ABW,geography,land_area_km2,180.0,km²,2023,World Bank via Our World in Data
PSE,geography,land_area_km2,6025.0,km²,2023,World Bank via Our World in Data
SYC,geography,land_area_km2,460.0,km²,2023,World Bank via Our World in Data
PAN,geography,land_area_km2,74180.0,km²,2023,World Bank via Our World in Data
SRB,geography,land_area_km2,84090.0,km²,2023,World Bank via Our World in Data
PNG,geography,land_area_km2,452860.0,km²,2023,World Bank via Our World in Data
PRY,geography,land_area_km2,396012.0,km²,2023,World Bank via Our World in Data
SEN,geography,land_area_km2,192530.0,km²,2023,World Bank via Our World in Data
ASM,geography,land_area_km2,200.0,km²,2023,World Bank via Our World in Data
DZA,geography,land_area_km2,2381740.0,km²,2023,World Bank via Our World in Data
COM,geography,land_area_km2,1861.0,km²,2023,World Bank via Our World in Data
LUX,geography,land_area_km2,2574.0,km²,2023,World Bank via Our World in Data
BHR,geography,land_area_km2,800.0,km²,2023,World Bank via Our World in Data
FJI,geography,land_area_km2,18270.0,km²,2023,World Bank via Our World in Data
VUT,geography,land_area_km2,12190.0,km²,2023,World Bank via Our World in Data
CAN,geography,land_area_km2,8788700.0,km²,2023,World Bank via Our World in Data
FIN,geography,land_area_km2,303960.0,km²,2023,World Bank via Our World in Data
FRA,geography,land_area_km2,538950.0,km²,2023,World Bank via Our World in Data
PYF,geography,land_area_km2,3471.0,km²,2023,World Bank via Our World in Data
CMR,geography,land_area_km2,472710.0,km²,2023,World Bank via Our World in Data
GAB,geography,land_area_km2,257670.0,km²,2023,World Bank via Our World in Data
GMB,geography,land_area_km2,10120.0,km²,2023,World Bank via Our World in Data
GEO,geography,land_area_km2,69490.0,km²,2023,World Bank via Our World in Data
ARE,geography,land_area_km2,71020.0,km²,2023,World Bank via Our World in Data
KHM,geography,land_area_km2,176520.0,km²,2023,World Bank via Our World in Data
DEU,geography,land_area_km2,349430.0,km²,2023,World Bank via Our World in Data
GHA,geography,land_area_km2,227533.0,km²,2023,World Bank via Our World in Data
GBR,geography,land_area_km2,241930.0,km²,2023,World Bank via Our World in Data
GIB,geography,land_area_km2,10.0,km²,2023,World Bank via Our World in Data
GRC,geography,land_area_km2,128900.0,km²,2023,World Bank via Our World in Data
GRL,geography,land_area_km2,410450.0,km²,2023,World Bank via Our World in Data
GRD,geography,land_area_km2,340.0,km²,2023,World Bank via Our World in Data
GUM,geography,land_area_km2,540.0,km²,2023,World Bank via Our World in Data
BFA,geography,land_area_km2,273600.0,km²,2023,World Bank via Our World in Data
UKR,geography,land_area_km2,579400.0,km²,2023,World Bank via Our World in Data
GTM,geography,land_area_km2,107160.0,km²,2023,World Bank via Our World in Data
GIN,geography,land_area_km2,245720.0,km²,2023,World Bank via Our World in Data
BGR,geography,land_area_km2,108560.0,km²,2023,World Bank via Our World in Data
GNB,geography,land_area_km2,28120.0,km²,2023,World Bank via Our World in Data
UGA,geography,land_area_km2,200520.0,km²,2023,World Bank via Our World in Data
GUY,geography,land_area_km2,211140.0,km²,2023,World Bank via Our World in Data
HTI,geography,land_area_km2,27560.0,km²,2023,World Bank via Our World in Data
BRN,geography,land_area_km2,5270.0,km²,2023,World Bank via Our World in Data
BDI,geography,land_area_km2,25680.0,km²,2023,World Bank via Our World in Data
FRO,geography,land_area_km2,1370.0,km²,2023,World Bank via Our World in Data
ETH,geography,land_area_km2,1128499.0,km²,2023,World Bank via Our World in Data
SWZ,geography,land_area_km2,17200.0,km²,2023,World Bank via Our World in Data
UZB,geography,land_area_km2,440650.0,km²,2023,World Bank via Our World in Data
COL,geography,land_area_km2,1109500.0,km²,2023,World Bank via Our World in Data
COG,geography,land_area_km2,341500.0,km²,2023,World Bank via Our World in Data
CRI,geography,land_area_km2,51060.0,km²,2023,World Bank via Our World in Data
URY,geography,land_area_km2,175020.0,km²,2023,World Bank via Our World in Data
CIV,geography,land_area_km2,318000.0,km²,2023,World Bank via Our World in Data
CHN,geography,land_area_km2,9388210.0,km²,2023,World Bank via Our World in Data
HRV,geography,land_area_km2,55960.0,km²,2023,World Bank via Our World in Data
CUB,geography,land_area_km2,103800.0,km²,2023,World Bank via Our World in Data
CUW,geography,land_area_km2,444.0,km²,2023,World Bank via Our World in Data
CHL,geography,land_area_km2,742832.0,km²,2023,World Bank via Our World in Data
CYP,geography,land_area_km2,9240.0,km²,2023,World Bank via Our World in Data
CZE,geography,land_area_km2,77167.0,km²,2023,World Bank via Our World in Data
COD,geography,land_area_km2,2267050.0,km²,2023,World Bank via Our World in Data
VIR,geography,land_area_km2,350.0,km²,2023,World Bank via Our World in Data
TCD,geography,land_area_km2,1259200.0,km²,2023,World Bank via Our World in Data
DNK,geography,land_area_km2,40000.0,km²,2023,World Bank via Our World in Data
EST,geography,land_area_km2,42730.0,km²,2023,World Bank via Our World in Data
ERI,geography,land_area_km2,121178.0,km²,2023,World Bank via Our World in Data
CPV,geography,land_area_km2,4030.0,km²,2023,World Bank via Our World in Data
GNQ,geography,land_area_km2,28050.0,km²,2023,World Bank via Our World in Data
SLV,geography,land_area_km2,20720.0,km²,2023,World Bank via Our World in Data
USA,geography,land_area_km2,9147420.0,km²,2023,World Bank via Our World in Data
HND,geography,land_area_km2,111890.0,km²,2023,World Bank via Our World in Data
CYM,geography,land_area_km2,240.0,km²,2023,World Bank via Our World in Data
ECU,geography,land_area_km2,248360.0,km²,2023,World Bank via Our World in Data
TLS,geography,land_area_km2,14870.0,km²,2023,World Bank via Our World in Data
DOM,geography,land_area_km2,48198.0,km²,2023,World Bank via Our World in Data
CAF,geography,land_area_km2,622980.0,km²,2023,World Bank via Our World in Data
DMA,geography,land_area_km2,750.0,km²,2023,World Bank via Our World in Data
DJI,geography,land_area_km2,23180.0,km²,2023,World Bank via Our World in Data
EGY,geography,land_area_km2,995450.0,km²,2023,World Bank via Our World in Data
MMR,geography,land_area_km2,652670.0,km²,2023,World Bank via Our World in Data
HKG,geography,land_area_km2,1050.0,km²,2023,World Bank via Our World in Data
ISL,geography,land_area_km2,100830.0,km²,2023,World Bank via Our World in Data
LIE,geography,land_area_km2,160.0,km²,2023,World Bank via Our World in Data
LTU,geography,land_area_km2,62600.0,km²,2023,World Bank via Our World in Data
VNM,geography,land_area_km2,313429.0,km²,2023,World Bank via Our World in Data
BEN,geography,land_area_km2,112760.0,km²,2023,World Bank via Our World in Data
TUN,geography,land_area_km2,155360.0,km²,2023,World Bank via Our World in Data
MAC,geography,land_area_km2,33.0,km²,2023,World Bank via Our World in Data
MDG,geography,land_area_km2,581800.0,km²,2023,World Bank via Our World in Data
BLZ,geography,land_area_km2,22810.0,km²,2023,World Bank via Our World in Data
MWI,geography,land_area_km2,94280.0,km²,2023,World Bank via Our World in Data
MYS,geography,land_area_km2,328550.0,km²,2023,World Bank via Our World in Data
MDV,geography,land_area_km2,298.0,km²,2023,World Bank via Our World in Data
MLI,geography,land_area_km2,1220190.0,km²,2023,World Bank via Our World in Data
BEL,geography,land_area_km2,30494.0,km²,2023,World Bank via Our World in Data
MLT,geography,land_area_km2,320.0,km²,2023,World Bank via Our World in Data
LBY,geography,land_area_km2,1759540.0,km²,2023,World Bank via Our World in Data
TTO,geography,land_area_km2,5130.0,km²,2023,World Bank via Our World in Data
BLR,geography,land_area_km2,202983.0,km²,2023,World Bank via Our World in Data
MRT,geography,land_area_km2,1030700.0,km²,2023,World Bank via Our World in Data
MUS,geography,land_area_km2,1997.0,km²,2023,World Bank via Our World in Data
MEX,geography,land_area_km2,1943950.0,km²,2023,World Bank via Our World in Data
FSM,geography,land_area_km2,700.0,km²,2023,World Bank via Our World in Data
BRB,geography,land_area_km2,430.0,km²,2023,World Bank via Our World in Data
MDA,geography,land_area_km2,32930.0,km²,2023,World Bank via Our World in Data
MCO,geography,land_area_km2,2.0,km²,2023,World Bank via Our World in Data
TON,geography,land_area_km2,720.0,km²,2023,World Bank via Our World in Data
BGD,geography,land_area_km2,129980.0,km²,2023,World Bank via Our World in Data
MNG,geography,land_area_km2,1558500.0,km²,2023,World Bank via Our World in Data
MNE,geography,land_area_km2,13450.0,km²,2023,World Bank via Our World in Data
MAR,geography,land_area_km2,446300.0,km²,2023,World Bank via Our World in Data
MOZ,geography,land_area_km2,786380.0,km²,2023,World Bank via Our World in Data
MHL,geography,land_area_km2,180.0,km²,2023,World Bank via Our World in Data
LBR,geography,land_area_km2,96320.0,km²,2023,World Bank via Our World in Data
LSO,geography,land_area_km2,30360.0,km²,2023,World Bank via Our World in Data
LBN,geography,land_area_km2,10230.0,km²,2023,World Bank via Our World in Data
IND,geography,land_area_km2,2973190.0,km²,2023,World Bank via Our World in Data
TUV,geography,land_area_km2,30.0,km²,2023,World Bank via Our World in Data
VEN,geography,land_area_km2,882050.0,km²,2023,World Bank via Our World in Data
VGB,geography,land_area_km2,150.0,km²,2023,World Bank via Our World in Data
IDN,geography,land_area_km2,1892556.0,km²,2023,World Bank via Our World in Data
IRN,geography,land_area_km2,1622500.0,km²,2023,World Bank via Our World in Data
SDN,geography,land_area_km2,1868000.0,km²,2023,World Bank via Our World in Data
IRQ,geography,land_area_km2,434130.0,km²,2023,World Bank via Our World in Data
BRA,geography,land_area_km2,8358140.0,km²,2023,World Bank via Our World in Data
IRL,geography,land_area_km2,68890.0,km²,2023,World Bank via Our World in Data
IMN,geography,land_area_km2,570.0,km²,2023,World Bank via Our World in Data
ISR,geography,land_area_km2,21640.0,km²,2023,World Bank via Our World in Data
ITA,geography,land_area_km2,295720.0,km²,2023,World Bank via Our World in Data
BWA,geography,land_area_km2,566730.0,km²,2023,World Bank via Our World in Data
TCA,geography,land_area_km2,950.0,km²,2023,World Bank via Our World in Data
JAM,geography,land_area_km2,10830.0,km²,2023,World Bank via Our World in Data
JPN,geography,land_area_km2,364569.0,km²,2023,World Bank via Our World in Data
BMU,geography,land_area_km2,54.0,km²,2023,World Bank via Our World in Data
TUR,geography,land_area_km2,769630.0,km²,2023,World Bank via Our World in Data
LVA,geography,land_area_km2,62230.0,km²,2023,World Bank via Our World in Data
LAO,geography,land_area_km2,230800.0,km²,2023,World Bank via Our World in Data
BTN,geography,land_area_km2,38140.0,km²,2023,World Bank via Our World in Data
KGZ,geography,land_area_km2,191800.0,km²,2023,World Bank via Our World in Data
HUN,geography,land_area_km2,91260.0,km²,2023,World Bank via Our World in Data
TKM,geography,land_area_km2,469930.0,km²,2023,World Bank via Our World in Data
BOL,geography,land_area_km2,1083300.0,km²,2023,World Bank via Our World in Data
KIR,geography,land_area_km2,810.0,km²,2023,World Bank via Our World in Data
KEN,geography,land_area_km2,580876.0,km²,2023,World Bank via Our World in Data
KAZ,geography,land_area_km2,2699700.0,km²,2023,World Bank via Our World in Data
JOR,geography,land_area_km2,88794.0,km²,2023,World Bank via Our World in Data
BIH,geography,land_area_km2,51200.0,km²,2023,World Bank via Our World in Data
KWT,geography,land_area_km2,17820.0,km²,2023,World Bank via Our World in Data
ZWE,geography,land_area_km2,386850.0,km²,2023,World Bank via Our World in Data
