Entity,Code,Year,Current health expenditure (CHE) as percentage of gross domestic product (GDP) (%)
Afghanistan,AFG,2002,9.443391
Afghanistan,AFG,2003,8.941258
Afghanistan,AFG,2004,9.808474
Afghanistan,AFG,2005,9.948289
Afghanistan,AFG,2006,10.622766
Afghanistan,AFG,2007,9.904675
Afghanistan,AFG,2008,10.256495
Afghanistan,AFG,2009,9.818487
Afghanistan,AFG,2010,8.569672
Afghanistan,AFG,2011,8.561908
Afghanistan,AFG,2012,7.8971686
Afghanistan,AFG,2013,8.805964
Afghanistan,AFG,2014,9.528878
Afghanistan,AFG,2015,10.105348
Afghanistan,AFG,2016,11.81859
Afghanistan,AFG,2017,12.620817
Afghanistan,AFG,2018,14.208419
Afghanistan,AFG,2019,14.83132
Afghanistan,AFG,2020,15.533614
Afghanistan,AFG,2021,21.508444
Afghanistan,AFG,2022,23.08817
Afghanistan,AFG,2023,14.985763
Africa (WHO),WHO_AFR,2000,4.2778335
Africa (WHO),WHO_AFR,2001,4.4256735
Africa (WHO),WHO_AFR,2002,4.5057263
Africa (WHO),WHO_AFR,2003,4.7274694
Africa (WHO),WHO_AFR,2004,4.9072304
Africa (WHO),WHO_AFR,2005,4.903749
Africa (WHO),WHO_AFR,2006,4.9463763
Africa (WHO),WHO_AFR,2007,4.8688912
Africa (WHO),WHO_AFR,2008,4.804921
Africa (WHO),WHO_AFR,2009,5.095112
Africa (WHO),WHO_AFR,2010,5.133743
Africa (WHO),WHO_AFR,2011,5.06503
Africa (WHO),WHO_AFR,2012,4.994681
Africa (WHO),WHO_AFR,2013,5.2237706
Africa (WHO),WHO_AFR,2014,5.330067
Africa (WHO),WHO_AFR,2015,5.3466897
Africa (WHO),WHO_AFR,2016,5.3420315
Africa (WHO),WHO_AFR,2017,5.5465317
Africa (WHO),WHO_AFR,2018,5.2349277
Africa (WHO),WHO_AFR,2019,5.3835616
Africa (WHO),WHO_AFR,2020,5.7545767
Africa (WHO),WHO_AFR,2021,5.6457
Africa (WHO),WHO_AFR,2022,5.47988
Africa (WHO),WHO_AFR,2023,5.578171
Albania,ALB,2000,5.8742967
Albania,ALB,2001,5.8561573
Albania,ALB,2002,5.5980268
Albania,ALB,2003,5.84189
Albania,ALB,2004,5.8243394
Albania,ALB,2005,5.6621623
Albania,ALB,2006,5.5655375
Albania,ALB,2007,5.8563986
Albania,ALB,2008,5.4442167
Albania,ALB,2009,5.7575192
Albania,ALB,2010,6.163332
Albania,ALB,2011,6.110262
Albania,ALB,2012,6.0850472
Albania,ALB,2013,6.2089744
Albania,ALB,2014,6.3588414
Albania,ALB,2015,6.3881016
Albania,ALB,2016,6.650188
Albania,ALB,2017,6.501119
Albania,ALB,2018,6.5900245
Albania,ALB,2019,6.7814407
Albania,ALB,2020,7.4651375
Albania,ALB,2021,7.357504
Albania,ALB,2022,7.5364623
Albania,ALB,2023,7.0524035
Algeria,DZA,2000,3.2148545
Algeria,DZA,2001,3.5362859
Algeria,DZA,2002,3.4416964
Algeria,DZA,2003,3.3256936
Algeria,DZA,2004,3.2903051
Algeria,DZA,2005,3.1188612
Algeria,DZA,2006,3.1899989
Algeria,DZA,2007,3.6201143
Algeria,DZA,2008,3.9833102
Algeria,DZA,2009,4.892108
Algeria,DZA,2010,4.640014
Algeria,DZA,2011,4.825675
Algeria,DZA,2012,5.636585
Algeria,DZA,2013,5.6454177
Algeria,DZA,2014,6.014841
Algeria,DZA,2015,6.334357
Algeria,DZA,2016,6.0008087
Algeria,DZA,2017,5.948454
Algeria,DZA,2018,5.9323926
Algeria,DZA,2019,5.417321
Algeria,DZA,2020,5.6383076
Algeria,DZA,2021,5.0218887
Algeria,DZA,2022,3.6346428
Algeria,DZA,2023,4.3508253
Americas (WHO),WHO_AMR,2000,5.7381725
Americas (WHO),WHO_AMR,2001,5.791119
Americas (WHO),WHO_AMR,2002,5.9467154
Americas (WHO),WHO_AMR,2003,5.9721465
Americas (WHO),WHO_AMR,2004,5.9474297
Americas (WHO),WHO_AMR,2005,6.0318255
Americas (WHO),WHO_AMR,2006,6.0306134
Americas (WHO),WHO_AMR,2007,6.189232
Americas (WHO),WHO_AMR,2008,6.321054
Americas (WHO),WHO_AMR,2009,6.706933
Americas (WHO),WHO_AMR,2010,6.6541286
Americas (WHO),WHO_AMR,2011,6.6830163
Americas (WHO),WHO_AMR,2012,6.6500726
Americas (WHO),WHO_AMR,2013,6.6584277
Americas (WHO),WHO_AMR,2014,6.731511
Americas (WHO),WHO_AMR,2015,6.938805
Americas (WHO),WHO_AMR,2016,6.9963746
Americas (WHO),WHO_AMR,2017,6.9567623
Americas (WHO),WHO_AMR,2018,6.9046483
Americas (WHO),WHO_AMR,2019,7.005966
Americas (WHO),WHO_AMR,2020,7.8007092
Americas (WHO),WHO_AMR,2021,7.8038597
Americas (WHO),WHO_AMR,2022,7.2473445
Americas (WHO),WHO_AMR,2023,6.994114
Andorra,AND,2000,5.933423
Andorra,AND,2001,5.8640223
Andorra,AND,2002,5.9962115
Andorra,AND,2003,5.542936
Andorra,AND,2004,5.2798915
Andorra,AND,2005,5.5829625
Andorra,AND,2006,4.950782
Andorra,AND,2007,4.9407873
Andorra,AND,2008,5.678714
Andorra,AND,2009,6.0936303
Andorra,AND,2010,7.6883526
Andorra,AND,2011,7.6205277
Andorra,AND,2012,6.719663
Andorra,AND,2013,6.7975836
Andorra,AND,2014,6.773131
Andorra,AND,2015,6.9136853
Andorra,AND,2016,6.9416294
Andorra,AND,2017,7.0715823
Andorra,AND,2018,7.377811
Andorra,AND,2019,7.3223863
Andorra,AND,2020,8.78462
Andorra,AND,2021,8.646717
Andorra,AND,2022,7.521358
Andorra,AND,2023,7.6992803
Angola,AGO,2000,1.6852528
Angola,AGO,2001,3.9588265
Angola,AGO,2002,2.9398222
Angola,AGO,2003,3.1068034
Angola,AGO,2004,3.4608405
Angola,AGO,2005,2.5472658
Angola,AGO,2006,2.3983343
Angola,AGO,2007,2.6579084
Angola,AGO,2008,2.978076
Angola,AGO,2009,3.306559
Angola,AGO,2010,2.3637385
Angola,AGO,2011,2.355619
Angola,AGO,2012,2.136773
Angola,AGO,2013,2.429772
Angola,AGO,2014,2.1568003
Angola,AGO,2015,2.2996688
Angola,AGO,2016,2.3906872
Angola,AGO,2017,2.4379425
Angola,AGO,2018,2.2988749
Angola,AGO,2019,2.2039428
Angola,AGO,2020,2.816889
Angola,AGO,2021,2.739871
Angola,AGO,2022,2.6004105
Angola,AGO,2023,2.5469286
Antigua and Barbuda,ATG,2000,4.3239274
Antigua and Barbuda,ATG,2001,4.958803
Antigua and Barbuda,ATG,2002,4.7951226
Antigua and Barbuda,ATG,2003,5.040732
Antigua and Barbuda,ATG,2004,4.5848846
Antigua and Barbuda,ATG,2005,4.462602
Antigua and Barbuda,ATG,2006,4.1122055
Antigua and Barbuda,ATG,2007,3.9235466
Antigua and Barbuda,ATG,2008,3.693961
Antigua and Barbuda,ATG,2009,3.6997914
Antigua and Barbuda,ATG,2010,4.7577004
Antigua and Barbuda,ATG,2011,4.810006
Antigua and Barbuda,ATG,2012,4.8175454
Antigua and Barbuda,ATG,2013,4.9103117
Antigua and Barbuda,ATG,2014,5.322183
Antigua and Barbuda,ATG,2015,4.909631
Antigua and Barbuda,ATG,2016,4.9397955
Antigua and Barbuda,ATG,2017,4.66319
Antigua and Barbuda,ATG,2018,4.6865654
Antigua and Barbuda,ATG,2019,4.2770996
Antigua and Barbuda,ATG,2020,5.68408
Antigua and Barbuda,ATG,2021,4.813154
Antigua and Barbuda,ATG,2022,4.431468
Antigua and Barbuda,ATG,2023,3.913482
Argentina,ARG,2000,8.220011
Argentina,ARG,2001,8.269663
Argentina,ARG,2002,7.332031
Argentina,ARG,2003,6.9267
Argentina,ARG,2004,7.0947704
Argentina,ARG,2005,7.7339244
Argentina,ARG,2006,7.709404
Argentina,ARG,2007,7.861966
Argentina,ARG,2008,8.240878
Argentina,ARG,2009,9.568529
Argentina,ARG,2010,9.485244
Argentina,ARG,2011,9.510424
Argentina,ARG,2012,9.885188
Argentina,ARG,2013,9.920915
Argentina,ARG,2014,9.79773
Argentina,ARG,2015,10.273642
Argentina,ARG,2016,10.0535555
Argentina,ARG,2017,10.260579
Argentina,ARG,2018,10.172893
Argentina,ARG,2019,10.119113
Argentina,ARG,2020,10.672463
Argentina,ARG,2021,11.009102
Argentina,ARG,2022,10.159505
Argentina,ARG,2023,10.269518
Armenia,ARM,2000,4.1958117
Armenia,ARM,2001,4.645639
Armenia,ARM,2002,7.613588
Armenia,ARM,2003,7.179362
Armenia,ARM,2004,6.0551014
Armenia,ARM,2005,5.8618803
Armenia,ARM,2006,5.850071
Armenia,ARM,2007,5.4981403
Armenia,ARM,2008,6.639766
Armenia,ARM,2009,8.443777
Armenia,ARM,2010,9.235383
Armenia,ARM,2011,9.375889
Armenia,ARM,2012,9.13455
Armenia,ARM,2013,10.32345
Armenia,ARM,2014,10.178279
Armenia,ARM,2015,10.117627
Armenia,ARM,2016,9.951949
Armenia,ARM,2017,10.362703
Armenia,ARM,2018,10.005434
Armenia,ARM,2019,11.379801
Armenia,ARM,2020,12.240562
Armenia,ARM,2021,12.322685
Armenia,ARM,2022,9.962112
Armenia,ARM,2023,9.321192
Australia,AUS,2000,7.5886908
Australia,AUS,2001,7.6739173
Australia,AUS,2002,7.87221
Australia,AUS,2003,7.876595
Australia,AUS,2004,8.082577
Australia,AUS,2005,7.9648633
Australia,AUS,2006,7.971611
Australia,AUS,2007,8.051715
Australia,AUS,2008,8.247375
Australia,AUS,2009,8.54274
Australia,AUS,2010,8.419331
Australia,AUS,2011,8.534253
Australia,AUS,2012,8.670207
Australia,AUS,2013,8.74656
Australia,AUS,2014,9.828339
Australia,AUS,2015,10.13642
Australia,AUS,2016,10.089582
Australia,AUS,2017,10.108806
Australia,AUS,2018,10.089075
Australia,AUS,2019,10.254214
Australia,AUS,2020,10.703241
Australia,AUS,2021,10.516122
Australia,AUS,2022,9.892261
Australia,AUS,2023,10.39852
Austria,AUT,2000,9.389345
Austria,AUT,2001,9.4524355
Austria,AUT,2002,9.591399
Austria,AUT,2003,9.698442
Austria,AUT,2004,9.815324
Austria,AUT,2005,9.717797
Austria,AUT,2006,9.640739
Austria,AUT,2007,9.604826
Austria,AUT,2008,9.834152
Austria,AUT,2009,10.311529
Austria,AUT,2010,10.3162
Austria,AUT,2011,10.137018
Austria,AUT,2012,10.301981
Austria,AUT,2013,10.405748
Austria,AUT,2014,10.511591
Austria,AUT,2015,10.516884
Austria,AUT,2016,10.517138
Austria,AUT,2017,10.571328
Austria,AUT,2018,10.515716
Austria,AUT,2019,10.625304
Austria,AUT,2020,11.41293
Austria,AUT,2021,12.185215
Austria,AUT,2022,11.225198
Austria,AUT,2023,11.152973
Azerbaijan,AZE,2000,2.9489172
Azerbaijan,AZE,2001,2.774194
Azerbaijan,AZE,2002,2.730973
Azerbaijan,AZE,2003,2.7269921
Azerbaijan,AZE,2004,2.6594424
Azerbaijan,AZE,2005,2.22961
Azerbaijan,AZE,2006,2.0705914
Azerbaijan,AZE,2007,1.9942226
Azerbaijan,AZE,2008,2.0481446
Azerbaijan,AZE,2009,2.7654135
Azerbaijan,AZE,2010,2.6463485
Azerbaijan,AZE,2011,2.5954719
Azerbaijan,AZE,2012,3.1568215
Azerbaijan,AZE,2013,3.2255108
Azerbaijan,AZE,2014,3.5870304
Azerbaijan,AZE,2015,4.341314
Azerbaijan,AZE,2016,4.4224195
Azerbaijan,AZE,2017,4.073965
Azerbaijan,AZE,2018,3.8366134
Azerbaijan,AZE,2019,4.1818876
Azerbaijan,AZE,2020,5.848177
Azerbaijan,AZE,2021,4.685267
Azerbaijan,AZE,2022,3.415496
Azerbaijan,AZE,2023,4.2711353
Bahamas,BHS,2000,3.8048704
Bahamas,BHS,2001,3.924409
Bahamas,BHS,2002,3.8125193
Bahamas,BHS,2003,4.0199857
Bahamas,BHS,2004,4.046282
Bahamas,BHS,2005,4.031965
Bahamas,BHS,2006,4.3093576
Bahamas,BHS,2007,4.495987
Bahamas,BHS,2008,4.8626165
Bahamas,BHS,2009,5.1500144
Bahamas,BHS,2010,5.2559423
Bahamas,BHS,2011,5.3239856
Bahamas,BHS,2012,5.319092
Bahamas,BHS,2013,5.684112
Bahamas,BHS,2014,5.64134
Bahamas,BHS,2015,5.244627
Bahamas,BHS,2016,5.6551533
Bahamas,BHS,2017,6.6036396
Bahamas,BHS,2018,5.8389034
Bahamas,BHS,2019,5.7048416
Bahamas,BHS,2020,7.3983264
Bahamas,BHS,2021,6.785372
Bahamas,BHS,2022,7.042875
Bahamas,BHS,2023,6.302608
Bahrain,BHR,2000,3.2002056
Bahrain,BHR,2001,3.343475
Bahrain,BHR,2002,3.528971
Bahrain,BHR,2003,3.7281091
Bahrain,BHR,2004,3.3549929
Bahrain,BHR,2005,3.1259441
Bahrain,BHR,2006,2.981382
Bahrain,BHR,2007,3.1607106
Bahrain,BHR,2008,3.0732121
Bahrain,BHR,2009,4.1505423
Bahrain,BHR,2010,3.9225948
Bahrain,BHR,2011,3.7181015
Bahrain,BHR,2012,3.9506114
Bahrain,BHR,2013,4.144911
Bahrain,BHR,2014,4.236905
Bahrain,BHR,2015,4.7512636
Bahrain,BHR,2016,4.6236086
Bahrain,BHR,2017,4.302367
Bahrain,BHR,2018,3.9432495
Bahrain,BHR,2019,3.7843099
Bahrain,BHR,2020,4.556857
Bahrain,BHR,2021,4.3277144
Bahrain,BHR,2022,3.8909836
Bahrain,BHR,2023,3.9956238
Bangladesh,BGD,2000,1.8050451
Bangladesh,BGD,2001,1.7720186
Bangladesh,BGD,2002,1.9341711
Bangladesh,BGD,2003,1.961522
Bangladesh,BGD,2004,1.9985431
Bangladesh,BGD,2005,2.0587392
Bangladesh,BGD,2006,2.1064658
Bangladesh,BGD,2007,2.172685
Bangladesh,BGD,2008,2.1187885
Bangladesh,BGD,2009,2.183217
Bangladesh,BGD,2010,2.2880766
Bangladesh,BGD,2011,2.3641813
Bangladesh,BGD,2012,2.353788
Bangladesh,BGD,2013,2.2957447
Bangladesh,BGD,2014,2.2791517
Bangladesh,BGD,2015,2.272177
Bangladesh,BGD,2016,2.3893821
Bangladesh,BGD,2017,2.3672018
Bangladesh,BGD,2018,2.3162224
Bangladesh,BGD,2019,2.1271265
Bangladesh,BGD,2020,2.1825492
Bangladesh,BGD,2021,2.2667873
Bangladesh,BGD,2022,2.215449
Bangladesh,BGD,2023,2.1701458
Barbados,BRB,2000,4.9261255
Barbados,BRB,2001,5.10419
Barbados,BRB,2002,5.4133863
Barbados,BRB,2003,6.173127
Barbados,BRB,2004,6.71095
Barbados,BRB,2005,6.143264
Barbados,BRB,2006,5.9046807
Barbados,BRB,2007,5.368631
Barbados,BRB,2008,5.7382197
Barbados,BRB,2009,6.3013735
Barbados,BRB,2010,5.970295
Barbados,BRB,2011,6.059103
Barbados,BRB,2012,6.852188
Barbados,BRB,2013,6.482743
Barbados,BRB,2014,6.097323
Barbados,BRB,2015,6.0917063
Barbados,BRB,2016,6.194795
Barbados,BRB,2017,6.0020504
Barbados,BRB,2018,5.83038
Barbados,BRB,2019,5.674768
Barbados,BRB,2020,6.727289
Barbados,BRB,2021,7.442776
Barbados,BRB,2022,5.874467
Barbados,BRB,2023,5.4046383
Belarus,BLR,2000,5.2808805
Belarus,BLR,2001,5.7064805
Belarus,BLR,2002,5.624042
Belarus,BLR,2003,5.771032
Belarus,BLR,2004,5.7365065
Belarus,BLR,2005,6.070363
Belarus,BLR,2006,5.573663
Belarus,BLR,2007,5.6917243
Belarus,BLR,2008,5.294489
Belarus,BLR,2009,5.39065
Belarus,BLR,2010,5.6569433
Belarus,BLR,2011,4.8745275
Belarus,BLR,2012,5.2453895
Belarus,BLR,2013,5.695631
Belarus,BLR,2014,5.387922
Belarus,BLR,2015,6.0652804
Belarus,BLR,2016,5.9105415
Belarus,BLR,2017,5.7597485
Belarus,BLR,2018,5.5269947
Belarus,BLR,2019,5.861338
Belarus,BLR,2020,6.406072
Belarus,BLR,2021,6.5655
Belarus,BLR,2022,6.5778413
Belarus,BLR,2023,7.0816736
Belgium,BEL,2000,7.999176
Belgium,BEL,2001,8.149889
Belgium,BEL,2002,8.318211
Belgium,BEL,2003,9.189253
Belgium,BEL,2004,9.354969
Belgium,BEL,2005,9.250183
Belgium,BEL,2006,9.1325655
Belgium,BEL,2007,9.139289
Belgium,BEL,2008,9.600367
Belgium,BEL,2009,10.543934
Belgium,BEL,2010,10.413252
Belgium,BEL,2011,10.413022
Belgium,BEL,2012,10.5865345
Belgium,BEL,2013,10.637876
Belgium,BEL,2014,10.620326
Belgium,BEL,2015,10.883873
Belgium,BEL,2016,10.898337
Belgium,BEL,2017,10.940427
Belgium,BEL,2018,10.993797
Belgium,BEL,2019,10.8583145
Belgium,BEL,2020,11.46253
Belgium,BEL,2021,11.288251
Belgium,BEL,2022,10.739763
Belgium,BEL,2023,10.803716
Belize,BLZ,2000,2.9386678
Belize,BLZ,2001,3.4538474
Belize,BLZ,2002,3.5550623
Belize,BLZ,2003,3.529215
Belize,BLZ,2004,3.4182556
Belize,BLZ,2005,3.437295
Belize,BLZ,2006,3.5488353
Belize,BLZ,2007,4.0534506
Belize,BLZ,2008,4.5128646
Belize,BLZ,2009,4.504734
Belize,BLZ,2010,4.4771676
Belize,BLZ,2011,4.529044
Belize,BLZ,2012,4.3428397
Belize,BLZ,2013,4.4212875
Belize,BLZ,2014,4.8707147
Belize,BLZ,2015,4.6598873
Belize,BLZ,2016,4.772072
Belize,BLZ,2017,4.622288
Belize,BLZ,2018,4.7552986
Belize,BLZ,2019,4.816081
Belize,BLZ,2020,5.3390117
Belize,BLZ,2021,5.045984
Belize,BLZ,2022,4.21643
Belize,BLZ,2023,4.147358
Benin,BEN,2000,2.9591713
Benin,BEN,2001,3.3041732
Benin,BEN,2002,3.095892
Benin,BEN,2003,3.116785
Benin,BEN,2004,3.2327387
Benin,BEN,2005,3.223458
Benin,BEN,2006,3.2877386
Benin,BEN,2007,2.9371564
Benin,BEN,2008,2.651781
Benin,BEN,2009,2.8995388
Benin,BEN,2010,3.0184824
Benin,BEN,2011,2.9986556
Benin,BEN,2012,3.0756297
Benin,BEN,2013,2.8688076
Benin,BEN,2014,2.6911197
Benin,BEN,2015,2.7281342
Benin,BEN,2016,3.6204286
Benin,BEN,2017,3.6738935
Benin,BEN,2018,3.4364984
Benin,BEN,2019,3.0020688
Benin,BEN,2020,3.0512166
Benin,BEN,2021,2.9158976
Benin,BEN,2022,2.981844
Benin,BEN,2023,3.3373246
Bhutan,BTN,2000,4.138679
Bhutan,BTN,2001,4.6003795
Bhutan,BTN,2002,3.951611
Bhutan,BTN,2003,3.8348145
Bhutan,BTN,2004,4.2639775
Bhutan,BTN,2005,3.8330898
Bhutan,BTN,2006,4.085239
Bhutan,BTN,2007,3.8377495
Bhutan,BTN,2008,3.1484222
Bhutan,BTN,2009,3.2966502
Bhutan,BTN,2010,3.2575862
Bhutan,BTN,2011,3.0206273
Bhutan,BTN,2012,3.259884
Bhutan,BTN,2013,3.3486269
Bhutan,BTN,2014,3.2322645
Bhutan,BTN,2015,3.4365308
Bhutan,BTN,2016,3.2775671
Bhutan,BTN,2017,3.1121507
Bhutan,BTN,2018,3.0689673
Bhutan,BTN,2019,3.3751116
Bhutan,BTN,2020,4.084515
Bhutan,BTN,2021,4.7858143
Bhutan,BTN,2022,3.9175746
Bhutan,BTN,2023,4.4155164
Bolivia,BOL,2000,4.395541
Bolivia,BOL,2001,4.825222
Bolivia,BOL,2002,4.8964505
Bolivia,BOL,2003,5.1970963
Bolivia,BOL,2004,4.8631573
Bolivia,BOL,2005,5.0740814
Bolivia,BOL,2006,4.6608753
Bolivia,BOL,2007,4.6968894
Bolivia,BOL,2008,4.6067724
Bolivia,BOL,2009,5.174445
Bolivia,BOL,2010,5.2023053
Bolivia,BOL,2011,5.173068
Bolivia,BOL,2012,5.2539444
Bolivia,BOL,2013,5.5746512
Bolivia,BOL,2014,5.8961363
Bolivia,BOL,2015,6.5506496
Bolivia,BOL,2016,6.8333306
Bolivia,BOL,2017,6.490195
Bolivia,BOL,2018,6.6039944
Bolivia,BOL,2019,6.88793
Bolivia,BOL,2020,8.022581
Bolivia,BOL,2021,8.160168
Bolivia,BOL,2022,7.159331
Bolivia,BOL,2023,6.9186473
Bosnia and Herzegovina,BIH,2000,7.962394
Bosnia and Herzegovina,BIH,2001,7.5734477
Bosnia and Herzegovina,BIH,2002,7.3993435
Bosnia and Herzegovina,BIH,2003,8.280561
Bosnia and Herzegovina,BIH,2004,9.062702
Bosnia and Herzegovina,BIH,2005,8.820418
Bosnia and Herzegovina,BIH,2006,8.883627
Bosnia and Herzegovina,BIH,2007,9.255014
Bosnia and Herzegovina,BIH,2008,9.486302
Bosnia and Herzegovina,BIH,2009,9.015209
Bosnia and Herzegovina,BIH,2010,9.012127
Bosnia and Herzegovina,BIH,2011,9.171212
Bosnia and Herzegovina,BIH,2012,9.479158
Bosnia and Herzegovina,BIH,2013,9.436163
Bosnia and Herzegovina,BIH,2014,9.471033
Bosnia and Herzegovina,BIH,2015,9.240866
Bosnia and Herzegovina,BIH,2016,9.139435
Bosnia and Herzegovina,BIH,2017,8.817973
Bosnia and Herzegovina,BIH,2018,8.761004
Bosnia and Herzegovina,BIH,2019,8.925444
Bosnia and Herzegovina,BIH,2020,9.703118
Bosnia and Herzegovina,BIH,2021,9.555143
Bosnia and Herzegovina,BIH,2022,8.716448
Bosnia and Herzegovina,BIH,2023,8.921694
Botswana,BWA,2000,6.1083856
Botswana,BWA,2001,6.366078
Botswana,BWA,2002,6.665298
Botswana,BWA,2003,6.4093385
Botswana,BWA,2004,6.09126
Botswana,BWA,2005,5.2653294
Botswana,BWA,2006,4.875994
Botswana,BWA,2007,5.5208073
Botswana,BWA,2008,5.897473
Botswana,BWA,2009,6.620812
Botswana,BWA,2010,6.267182
Botswana,BWA,2011,5.86915
Botswana,BWA,2012,6.350106
Botswana,BWA,2013,6.4991364
Botswana,BWA,2014,5.880406
Botswana,BWA,2015,6.1028776
Botswana,BWA,2016,5.7683764
Botswana,BWA,2017,6.62987
Botswana,BWA,2018,6.0401034
Botswana,BWA,2019,6.121932
Botswana,BWA,2020,6.12134
Botswana,BWA,2021,6.3031507
Botswana,BWA,2022,5.736508
Botswana,BWA,2023,6.255747
Brazil,BRA,2000,8.334572
Brazil,BRA,2001,8.549633
Brazil,BRA,2002,8.69687
Brazil,BRA,2003,8.188994
Brazil,BRA,2004,8.12492
Brazil,BRA,2005,8.035396
Brazil,BRA,2006,8.249525
Brazil,BRA,2007,8.20183
Brazil,BRA,2008,8.011285
Brazil,BRA,2009,8.394805
Brazil,BRA,2010,7.945166
Brazil,BRA,2011,7.7881913
Brazil,BRA,2012,7.7363772
Brazil,BRA,2013,7.9766016
Brazil,BRA,2014,8.396441
Brazil,BRA,2015,8.9093
Brazil,BRA,2016,9.169017
Brazil,BRA,2017,9.471251
Brazil,BRA,2018,9.46475
Brazil,BRA,2019,9.614491
Brazil,BRA,2020,9.623265
Brazil,BRA,2021,9.636465
Brazil,BRA,2022,9.387395
Brazil,BRA,2023,9.730927
Brunei,BRN,2000,2.5479064
Brunei,BRN,2001,2.5465107
Brunei,BRN,2002,2.5344794
Brunei,BRN,2003,2.6026058
Brunei,BRN,2004,2.5519338
Brunei,BRN,2005,2.2338617
Brunei,BRN,2006,1.9072516
Brunei,BRN,2007,1.9414544
Brunei,BRN,2008,1.8761202
Brunei,BRN,2009,2.3930662
Brunei,BRN,2010,2.278261
Brunei,BRN,2011,1.8640972
Brunei,BRN,2012,1.850972
Brunei,BRN,2013,1.898314
Brunei,BRN,2014,1.914368
Brunei,BRN,2015,2.387089
Brunei,BRN,2016,2.548287
Brunei,BRN,2017,2.2702286
Brunei,BRN,2018,2.416009
Brunei,BRN,2019,2.2310076
Brunei,BRN,2020,2.4535956
Brunei,BRN,2021,2.147487
Brunei,BRN,2022,1.7704219
Brunei,BRN,2023,2.2286067
Bulgaria,BGR,2000,5.8297095
Bulgaria,BGR,2001,6.859588
Bulgaria,BGR,2002,7.0809865
Bulgaria,BGR,2003,7.199874
Bulgaria,BGR,2004,6.8909087
Bulgaria,BGR,2005,6.890115
Bulgaria,BGR,2006,6.5254455
Bulgaria,BGR,2007,6.1565175
Bulgaria,BGR,2008,6.282816
Bulgaria,BGR,2009,6.595776
Bulgaria,BGR,2010,7.0947795
Bulgaria,BGR,2011,7.1025057
Bulgaria,BGR,2012,7.5390368
Bulgaria,BGR,2013,7.1416745
Bulgaria,BGR,2014,7.683062
Bulgaria,BGR,2015,7.3936357
Bulgaria,BGR,2016,7.45975
Bulgaria,BGR,2017,7.496245
Bulgaria,BGR,2018,7.3408628
Bulgaria,BGR,2019,7.1181364
Bulgaria,BGR,2020,8.440609
Bulgaria,BGR,2021,8.580489
Bulgaria,BGR,2022,7.6384945
Bulgaria,BGR,2023,7.918531
Burkina Faso,BFA,2000,4.021167
Burkina Faso,BFA,2001,3.959839
Burkina Faso,BFA,2002,4.1798553
Burkina Faso,BFA,2003,4.4226604
Burkina Faso,BFA,2004,5.2308364
Burkina Faso,BFA,2005,4.837849
Burkina Faso,BFA,2006,5.170433
Burkina Faso,BFA,2007,5.77535
Burkina Faso,BFA,2008,4.967216
Burkina Faso,BFA,2009,5.1968393
Burkina Faso,BFA,2010,5.2896724
Burkina Faso,BFA,2011,4.6486816
Burkina Faso,BFA,2012,4.6026726
Burkina Faso,BFA,2013,5.563316
Burkina Faso,BFA,2014,5.0002723
Burkina Faso,BFA,2015,5.131924
Burkina Faso,BFA,2016,5.9528465
Burkina Faso,BFA,2017,6.120752
Burkina Faso,BFA,2018,4.944277
Burkina Faso,BFA,2019,5.3500113
Burkina Faso,BFA,2020,6.8946996
Burkina Faso,BFA,2021,7.0869193
Burkina Faso,BFA,2022,7.4143553
Burkina Faso,BFA,2023,7.7994323
Burundi,BDI,2000,4.221816
Burundi,BDI,2001,5.681804
Burundi,BDI,2002,5.349836
Burundi,BDI,2003,5.272452
Burundi,BDI,2004,7.0957274
Burundi,BDI,2005,7.560166
Burundi,BDI,2006,8.712648
Burundi,BDI,2007,9.18554
Burundi,BDI,2008,7.741475
Burundi,BDI,2009,9.232385
Burundi,BDI,2010,11.281967
Burundi,BDI,2011,10.069963
Burundi,BDI,2012,8.637565
Burundi,BDI,2013,8.628346
Burundi,BDI,2014,7.2108154
Burundi,BDI,2015,6.290445
Burundi,BDI,2016,7.0614824
Burundi,BDI,2017,6.952304
Burundi,BDI,2018,7.2939615
Burundi,BDI,2019,9.059406
Burundi,BDI,2020,10.707762
Burundi,BDI,2021,8.941903
Burundi,BDI,2022,8.668775
Burundi,BDI,2023,9.094712
Cambodia,KHM,2000,6.4812655
Cambodia,KHM,2001,6.7602835
Cambodia,KHM,2002,6.9195275
Cambodia,KHM,2003,6.4576244
Cambodia,KHM,2004,6.485218
Cambodia,KHM,2005,6.150014
Cambodia,KHM,2006,5.3644032
Cambodia,KHM,2007,4.427027
Cambodia,KHM,2008,5.6129665
Cambodia,KHM,2009,6.3089695
Cambodia,KHM,2010,5.627132
Cambodia,KHM,2011,6.0044365
Cambodia,KHM,2012,5.7763286
Cambodia,KHM,2013,5.008637
Cambodia,KHM,2014,4.4078465
Cambodia,KHM,2015,4.538986
Cambodia,KHM,2016,4.490533
Cambodia,KHM,2017,4.2693324
Cambodia,KHM,2018,4.497078
Cambodia,KHM,2019,5.0580106
Cambodia,KHM,2020,5.1303144
Cambodia,KHM,2021,6.3388805
Cambodia,KHM,2022,4.468561
Cambodia,KHM,2023,4.6170683
Cameroon,CMR,2000,4.295734
Cameroon,CMR,2001,4.168304
Cameroon,CMR,2002,4.026699
Cameroon,CMR,2003,3.9022799
Cameroon,CMR,2004,3.72799
Cameroon,CMR,2005,3.7727444
Cameroon,CMR,2006,3.7366283
Cameroon,CMR,2007,3.794988
Cameroon,CMR,2008,3.6584368
Cameroon,CMR,2009,3.4999719
Cameroon,CMR,2010,3.5774217
Cameroon,CMR,2011,3.8528295
Cameroon,CMR,2012,3.9310236
Cameroon,CMR,2013,3.6313643
Cameroon,CMR,2014,4.341488
Cameroon,CMR,2015,4.126005
Cameroon,CMR,2016,4.022537
Cameroon,CMR,2017,3.7929394
Cameroon,CMR,2018,3.6197016
Cameroon,CMR,2019,3.6515791
Cameroon,CMR,2020,4.2505193
Cameroon,CMR,2021,4.341098
Cameroon,CMR,2022,4.4943914
Cameroon,CMR,2023,4.5545516
Canada,CAN,2000,8.248085
Canada,CAN,2001,8.6247635
Canada,CAN,2002,8.856652
Canada,CAN,2003,9.010865
Canada,CAN,2004,9.066234
Canada,CAN,2005,9.035298
Canada,CAN,2006,9.331887
Canada,CAN,2007,9.434696
Canada,CAN,2008,9.594279
Canada,CAN,2009,10.704025
Canada,CAN,2010,10.700665
Canada,CAN,2011,10.405187
Canada,CAN,2012,10.540711
Canada,CAN,2013,10.435593
Canada,CAN,2014,10.281157
Canada,CAN,2015,10.763979
Canada,CAN,2016,11.05627
Canada,CAN,2017,10.9242115
Canada,CAN,2018,10.922621
Canada,CAN,2019,11.048235
Canada,CAN,2020,13.017329
Canada,CAN,2021,12.381066
Canada,CAN,2022,11.081197
Canada,CAN,2023,11.186929
Cape Verde,CPV,2000,3.8602502
Cape Verde,CPV,2001,3.6965292
Cape Verde,CPV,2002,3.7248976
Cape Verde,CPV,2003,3.6274426
Cape Verde,CPV,2004,3.546163
Cape Verde,CPV,2005,3.3408659
Cape Verde,CPV,2006,3.8240676
Cape Verde,CPV,2007,3.8421862
Cape Verde,CPV,2008,3.2695158
Cape Verde,CPV,2009,3.55867
Cape Verde,CPV,2010,4.080854
Cape Verde,CPV,2011,3.9252782
Cape Verde,CPV,2012,4.674055
Cape Verde,CPV,2013,4.8246827
Cape Verde,CPV,2014,4.8523154
Cape Verde,CPV,2015,4.400737
Cape Verde,CPV,2016,4.36134
Cape Verde,CPV,2017,4.4807096
Cape Verde,CPV,2018,4.785482
Cape Verde,CPV,2019,4.824313
Cape Verde,CPV,2020,7.0339932
Cape Verde,CPV,2021,6.607736
Cape Verde,CPV,2022,6.702434
Cape Verde,CPV,2023,5.847916
Central African Republic,CAF,2000,4.3808217
Central African Republic,CAF,2001,4.01044
Central African Republic,CAF,2002,4.236336
Central African Republic,CAF,2003,4.1857247
Central African Republic,CAF,2004,4.143679
Central African Republic,CAF,2005,4.2285757
Central African Republic,CAF,2006,4.3110867
Central African Republic,CAF,2007,4.633889
Central African Republic,CAF,2008,4.0263577
Central African Republic,CAF,2009,4.683256
Central African Republic,CAF,2010,3.5669987
Central African Republic,CAF,2011,3.6756186
Central African Republic,CAF,2012,3.9181445
Central African Republic,CAF,2013,4.766602
Central African Republic,CAF,2014,4.5655737
Central African Republic,CAF,2015,5.034342
Central African Republic,CAF,2016,5.444023
Central African Republic,CAF,2017,6.665416
Central African Republic,CAF,2018,10.994841
Central African Republic,CAF,2019,7.760815
Central African Republic,CAF,2020,8.98488
Central African Republic,CAF,2021,9.150975
Central African Republic,CAF,2022,9.949935
Central African Republic,CAF,2023,10.655532
Chad,TCD,2000,4.2069755
Chad,TCD,2001,4.0803933
Chad,TCD,2002,5.602512
Chad,TCD,2003,4.246983
Chad,TCD,2004,4.2398286
Chad,TCD,2005,3.731969
Chad,TCD,2006,3.7341726
Chad,TCD,2007,3.4719965
Chad,TCD,2008,3.1635978
Chad,TCD,2009,3.3626013
Chad,TCD,2010,3.08811
Chad,TCD,2011,2.8558578
Chad,TCD,2012,2.6730642
Chad,TCD,2013,2.9576604
Chad,TCD,2014,3.2970834
Chad,TCD,2015,3.4025393
Chad,TCD,2016,3.7084248
Chad,TCD,2017,3.510234
Chad,TCD,2018,3.289322
Chad,TCD,2019,3.3847163
Chad,TCD,2020,4.352151
Chad,TCD,2021,3.9722333
Chad,TCD,2022,4.1582355
Chad,TCD,2023,4.9970775
Chile,CHL,2000,7.0002074
Chile,CHL,2001,7.097331
Chile,CHL,2002,7.208338
Chile,CHL,2003,7.250478
Chile,CHL,2004,6.910286
Chile,CHL,2005,6.6237206
Chile,CHL,2006,6.072356
Chile,CHL,2007,6.2125964
Chile,CHL,2008,6.739545
Chile,CHL,2009,7.2502685
Chile,CHL,2010,6.819584
Chile,CHL,2011,6.799475
Chile,CHL,2012,7.0195127
Chile,CHL,2013,7.475527
Chile,CHL,2014,7.8415017
Chile,CHL,2015,8.351394
Chile,CHL,2016,8.557671
Chile,CHL,2017,9.090518
Chile,CHL,2018,9.150404
Chile,CHL,2019,9.309685
Chile,CHL,2020,9.697346
Chile,CHL,2021,9.724502
Chile,CHL,2022,10.005307
Chile,CHL,2023,10.174705
China,CHN,2000,4.453586
China,CHN,2001,4.1975203
China,CHN,2002,4.321562
China,CHN,2003,4.3546047
China,CHN,2004,4.2294908
China,CHN,2005,4.112308
China,CHN,2006,3.8865502
China,CHN,2007,3.6173773
China,CHN,2008,3.8362775
China,CHN,2009,4.27632
China,CHN,2010,4.158211
China,CHN,2011,4.267194
China,CHN,2012,4.490466
China,CHN,2013,4.6388264
China,CHN,2014,4.6988025
China,CHN,2015,4.853676
China,CHN,2016,4.883381
China,CHN,2017,4.9695034
China,CHN,2018,5.069333
China,CHN,2019,5.2651687
China,CHN,2020,5.5044184
China,CHN,2021,5.2559032
China,CHN,2022,5.880788
China,CHN,2023,5.9438887
Colombia,COL,2000,5.6352935
Colombia,COL,2001,5.942383
Colombia,COL,2002,5.732966
Colombia,COL,2003,5.7750545
Colombia,COL,2004,5.798921
Colombia,COL,2005,6.067106
Colombia,COL,2006,6.3354664
Colombia,COL,2007,6.4910216
Colombia,COL,2008,6.841922
Colombia,COL,2009,7.3113456
Colombia,COL,2010,7.071302
Colombia,COL,2011,6.780768
Colombia,COL,2012,6.746016
Colombia,COL,2013,7.0172405
Colombia,COL,2014,7.185532
Colombia,COL,2015,7.523385
Colombia,COL,2016,7.5311704
Colombia,COL,2017,7.678643
Colombia,COL,2018,7.717775
Colombia,COL,2019,7.8340483
Colombia,COL,2020,8.697513
Colombia,COL,2021,9.141505
Colombia,COL,2022,7.5903726
Colombia,COL,2023,8.158381
Comoros,COM,2000,7.51525
Comoros,COM,2001,6.6571784
Comoros,COM,2002,6.685946
Comoros,COM,2003,6.6602483
Comoros,COM,2004,6.5857615
Comoros,COM,2005,6.1314287
Comoros,COM,2006,5.7734184
Comoros,COM,2007,5.4175386
Comoros,COM,2008,5.068975
Comoros,COM,2009,4.926944
Comoros,COM,2010,4.9918156
Comoros,COM,2011,5.3021183
Comoros,COM,2012,5.1735463
Comoros,COM,2013,5.102993
Comoros,COM,2014,5.2384973
Comoros,COM,2015,4.600899
Comoros,COM,2016,4.6526356
Comoros,COM,2017,5.2680745
Comoros,COM,2018,4.903186
Comoros,COM,2019,5.1804447
Comoros,COM,2020,5.902421
Comoros,COM,2021,6.46315
Comoros,COM,2022,8.471195
Comoros,COM,2023,6.55212
Congo,COG,2000,1.5050085
Congo,COG,2001,2.1852999
Congo,COG,2002,1.7016783
Congo,COG,2003,1.918524
Congo,COG,2004,1.9215237
Congo,COG,2005,1.717741
Congo,COG,2006,1.7086132
Congo,COG,2007,1.9020017
Congo,COG,2008,2.2392714
Congo,COG,2009,2.1422224
Congo,COG,2010,1.8517286
Congo,COG,2011,1.7523732
Congo,COG,2012,1.9097106
Congo,COG,2013,1.9434716
Congo,COG,2014,1.9731174
Congo,COG,2015,2.4566848
Congo,COG,2016,2.59423
Congo,COG,2017,2.3647602
Congo,COG,2018,1.7558498
Congo,COG,2019,2.3477128
Congo,COG,2020,4.0177507
Congo,COG,2021,3.4613335
Congo,COG,2022,2.3001137
Congo,COG,2023,3.2974415
Cook Islands,COK,2000,3.0359423
Cook Islands,COK,2001,3.2585447
Cook Islands,COK,2002,3.4360502
Cook Islands,COK,2003,3.2013373
Cook Islands,COK,2004,3.4095442
Cook Islands,COK,2005,3.906528
Cook Islands,COK,2006,3.4689555
Cook Islands,COK,2007,3.7345207
Cook Islands,COK,2008,3.4388149
Cook Islands,COK,2009,3.483076
Cook Islands,COK,2010,3.6380777
Cook Islands,COK,2011,3.525013
Cook Islands,COK,2012,3.115492
Cook Islands,COK,2013,3.2984035
Cook Islands,COK,2014,3.5735192
Cook Islands,COK,2015,2.8909466
Cook Islands,COK,2016,3.2152555
Cook Islands,COK,2017,2.4371617
Cook Islands,COK,2018,2.6603615
Cook Islands,COK,2019,3.1043768
Cook Islands,COK,2020,5.830099
Cook Islands,COK,2021,7.003257
Cook Islands,COK,2022,5.6282125
Cook Islands,COK,2023,4.2014823
Costa Rica,CRI,2000,6.564987
Costa Rica,CRI,2001,6.4740987
Costa Rica,CRI,2002,6.8690877
Costa Rica,CRI,2003,6.9691925
Costa Rica,CRI,2004,6.6300607
Costa Rica,CRI,2005,6.6642966
Costa Rica,CRI,2006,6.9353085
Costa Rica,CRI,2007,6.996426
Costa Rica,CRI,2008,7.4685483
Costa Rica,CRI,2009,7.860192
Costa Rica,CRI,2010,8.029377
Costa Rica,CRI,2011,8.121978
Costa Rica,CRI,2012,7.7864227
Costa Rica,CRI,2013,7.6822934
Costa Rica,CRI,2014,7.663762
Costa Rica,CRI,2015,7.591962
Costa Rica,CRI,2016,7.3172436
Costa Rica,CRI,2017,7.04523
Costa Rica,CRI,2018,7.285877
Costa Rica,CRI,2019,7.221249
Costa Rica,CRI,2020,7.8254576
Costa Rica,CRI,2021,7.6113048
Costa Rica,CRI,2022,7.183682
Costa Rica,CRI,2023,6.86637
Cote d'Ivoire,CIV,2000,3.6147692
Cote d'Ivoire,CIV,2001,3.5904715
Cote d'Ivoire,CIV,2002,3.5414605
Cote d'Ivoire,CIV,2003,3.951477
Cote d'Ivoire,CIV,2004,4.021487
Cote d'Ivoire,CIV,2005,3.9663908
Cote d'Ivoire,CIV,2006,3.9286146
Cote d'Ivoire,CIV,2007,4.1937966
Cote d'Ivoire,CIV,2008,4.1387105
Cote d'Ivoire,CIV,2009,4.6397142
Cote d'Ivoire,CIV,2010,4.5749483
Cote d'Ivoire,CIV,2011,4.397007
Cote d'Ivoire,CIV,2012,4.4273715
Cote d'Ivoire,CIV,2013,3.717738
Cote d'Ivoire,CIV,2014,3.7310183
Cote d'Ivoire,CIV,2015,3.2198832
Cote d'Ivoire,CIV,2016,3.3210127
Cote d'Ivoire,CIV,2017,3.2469304
Cote d'Ivoire,CIV,2018,3.091678
Cote d'Ivoire,CIV,2019,3.1891685
Cote d'Ivoire,CIV,2020,3.6232789
Cote d'Ivoire,CIV,2021,3.7620766
Cote d'Ivoire,CIV,2022,3.6384761
Cote d'Ivoire,CIV,2023,3.432183
Croatia,HRV,2000,7.650843
Croatia,HRV,2001,7.1699524
Croatia,HRV,2002,6.143005
Croatia,HRV,2003,6.2978253
Croatia,HRV,2004,6.5067997
Croatia,HRV,2005,6.840681
Croatia,HRV,2006,6.9036217
Croatia,HRV,2007,7.3894615
Croatia,HRV,2008,7.636435
Croatia,HRV,2009,8.033117
Croatia,HRV,2010,7.9490886
Croatia,HRV,2011,7.6250815
Croatia,HRV,2012,7.63413
Croatia,HRV,2013,6.372716
Croatia,HRV,2014,6.566124
Croatia,HRV,2015,6.6554804
Croatia,HRV,2016,6.6916747
Croatia,HRV,2017,6.6280313
Croatia,HRV,2018,6.713618
Croatia,HRV,2019,6.786999
Croatia,HRV,2020,7.6835294
Croatia,HRV,2021,8.082657
Croatia,HRV,2022,7.2963634
Croatia,HRV,2023,7.146994
Cuba,CUB,2000,6.581898
Cuba,CUB,2001,6.982098
Cuba,CUB,2002,7.114816
Cuba,CUB,2003,7.1029544
Cuba,CUB,2004,6.831787
Cuba,CUB,2005,8.755255
Cuba,CUB,2006,8.271906
Cuba,CUB,2007,10.967492
Cuba,CUB,2008,11.314228
Cuba,CUB,2009,12.29054
Cuba,CUB,2010,10.688083
Cuba,CUB,2011,11.312986
Cuba,CUB,2012,9.29941
Cuba,CUB,2013,10.430995
Cuba,CUB,2014,12.141219
Cuba,CUB,2015,12.814043
Cuba,CUB,2016,12.217696
Cuba,CUB,2017,11.472015
Cuba,CUB,2018,11.018425
Cuba,CUB,2019,11.0850115
Cuba,CUB,2020,12.48642
Cuba,CUB,2021,13.787466
Cuba,CUB,2022,11.787735
Cuba,CUB,2023,9.383831
Cyprus,CYP,2000,5.3080006
Cyprus,CYP,2001,5.3394046
Cyprus,CYP,2002,5.6156597
Cyprus,CYP,2003,5.635688
Cyprus,CYP,2004,5.4055815
Cyprus,CYP,2005,5.4358096
Cyprus,CYP,2006,5.463575
Cyprus,CYP,2007,5.3574486
Cyprus,CYP,2008,6.0143085
Cyprus,CYP,2009,6.4653153
Cyprus,CYP,2010,6.5005574
Cyprus,CYP,2011,6.431391
Cyprus,CYP,2012,6.536388
Cyprus,CYP,2013,6.9277453
Cyprus,CYP,2014,6.9313726
Cyprus,CYP,2015,6.793822
Cyprus,CYP,2016,6.652547
Cyprus,CYP,2017,6.6219254
Cyprus,CYP,2018,6.7844625
Cyprus,CYP,2019,6.9984317
Cyprus,CYP,2020,8.6479645
Cyprus,CYP,2021,8.874451
Cyprus,CYP,2022,8.272014
Cyprus,CYP,2023,8.119129
Czechia,CZE,2000,5.6691694
Czechia,CZE,2001,5.834793
Czechia,CZE,2002,6.1465626
Czechia,CZE,2003,6.501684
Czechia,CZE,2004,6.333084
Czechia,CZE,2005,6.3352904
Czechia,CZE,2006,6.1649
Czechia,CZE,2007,5.990291
Czechia,CZE,2008,6.3385525
Czechia,CZE,2009,7.2650013
Czechia,CZE,2010,7.478368
Czechia,CZE,2011,7.4728146
Czechia,CZE,2012,7.5397496
Czechia,CZE,2013,7.4483128
Czechia,CZE,2014,7.539196
Czechia,CZE,2015,7.2934675
Czechia,CZE,2016,7.322586
Czechia,CZE,2017,7.2419066
Czechia,CZE,2018,7.371736
Czechia,CZE,2019,7.4875436
Czechia,CZE,2020,8.969958
Czechia,CZE,2021,9.154207
Czechia,CZE,2022,8.470631
Czechia,CZE,2023,8.426774
Democratic Republic of Congo,COD,2000,1.4659474
Democratic Republic of Congo,COD,2001,2.6231098
Democratic Republic of Congo,COD,2002,2.5701294
Democratic Republic of Congo,COD,2003,3.7335334
Democratic Republic of Congo,COD,2004,4.335642
Democratic Republic of Congo,COD,2005,3.9855824
Democratic Republic of Congo,COD,2006,4.0621066
Democratic Republic of Congo,COD,2007,3.8938496
Democratic Republic of Congo,COD,2008,4.312548
Democratic Republic of Congo,COD,2009,4.5113316
Democratic Republic of Congo,COD,2010,3.7222428
Democratic Republic of Congo,COD,2011,3.1943555
Democratic Republic of Congo,COD,2012,3.2215035
Democratic Republic of Congo,COD,2013,3.3405752
Democratic Republic of Congo,COD,2014,3.7252061
Democratic Republic of Congo,COD,2015,3.7478545
Democratic Republic of Congo,COD,2016,4.2002783
Democratic Republic of Congo,COD,2017,4.000578
Democratic Republic of Congo,COD,2018,3.2412717
Democratic Republic of Congo,COD,2019,3.508039
Democratic Republic of Congo,COD,2020,3.9769444
Democratic Republic of Congo,COD,2021,3.8672798
Democratic Republic of Congo,COD,2022,3.9417696
Democratic Republic of Congo,COD,2023,3.6849508
Denmark,DNK,2000,8.110062
Denmark,DNK,2001,8.4437065
Denmark,DNK,2002,8.695062
Denmark,DNK,2003,8.890374
Denmark,DNK,2004,8.985515
Denmark,DNK,2005,9.0671625
Denmark,DNK,2006,9.152579
Denmark,DNK,2007,9.3021555
Denmark,DNK,2008,9.467979
Denmark,DNK,2009,10.628732
Denmark,DNK,2010,10.596218
Denmark,DNK,2011,10.397585
Denmark,DNK,2012,10.533446
Denmark,DNK,2013,10.29779
Denmark,DNK,2014,10.313887
Denmark,DNK,2015,10.375455
Denmark,DNK,2016,10.282293
Denmark,DNK,2017,10.113799
Denmark,DNK,2018,10.141632
Denmark,DNK,2019,10.184688
Denmark,DNK,2020,10.692376
Denmark,DNK,2021,10.655759
Denmark,DNK,2022,9.474113
Denmark,DNK,2023,9.557296
Djibouti,DJI,2000,3.3964186
Djibouti,DJI,2001,3.1960845
Djibouti,DJI,2002,3.7524378
Djibouti,DJI,2003,4.2704873
Djibouti,DJI,2004,3.535447
Djibouti,DJI,2005,3.8032196
Djibouti,DJI,2006,4.2197247
Djibouti,DJI,2007,4.0526276
Djibouti,DJI,2008,3.6125772
Djibouti,DJI,2009,3.6390557
Djibouti,DJI,2010,3.356997
Djibouti,DJI,2011,3.3738787
Djibouti,DJI,2012,3.2973099
Djibouti,DJI,2013,2.9178212
Djibouti,DJI,2014,2.959301
Djibouti,DJI,2015,3.347577
Djibouti,DJI,2016,2.7416613
Djibouti,DJI,2017,2.4797637
Djibouti,DJI,2018,2.530864
Djibouti,DJI,2019,2.4134784
Djibouti,DJI,2020,2.3386123
Djibouti,DJI,2021,2.871281
Djibouti,DJI,2022,2.5255454
Djibouti,DJI,2023,2.2831602
Dominica,DMA,2000,5.323744
Dominica,DMA,2001,4.6450186
Dominica,DMA,2002,4.6531105
Dominica,DMA,2003,4.846179
Dominica,DMA,2004,4.7452016
Dominica,DMA,2005,4.977725
Dominica,DMA,2006,4.780922
Dominica,DMA,2007,4.7910995
Dominica,DMA,2008,5.049688
Dominica,DMA,2009,4.983293
Dominica,DMA,2010,5.1571193
Dominica,DMA,2011,5.3345037
Dominica,DMA,2012,5.7950993
Dominica,DMA,2013,5.3474984
Dominica,DMA,2014,5.261417
Dominica,DMA,2015,5.159418
Dominica,DMA,2016,5.1230807
Dominica,DMA,2017,5.4624543
Dominica,DMA,2018,6.18496
Dominica,DMA,2019,5.1690392
Dominica,DMA,2020,6.0680614
Dominica,DMA,2021,6.311425
Dominica,DMA,2022,5.97262
Dominica,DMA,2023,5.0075765
Dominican Republic,DOM,2000,4.884275
Dominican Republic,DOM,2001,4.881833
Dominican Republic,DOM,2002,4.9864902
Dominican Republic,DOM,2003,4.3888826
Dominican Republic,DOM,2004,4.287739
Dominican Republic,DOM,2005,4.353912
Dominican Republic,DOM,2006,3.9936543
Dominican Republic,DOM,2007,4.089353
Dominican Republic,DOM,2008,4.56442
Dominican Republic,DOM,2009,4.7670617
Dominican Republic,DOM,2010,4.9289675
Dominican Republic,DOM,2011,5.0450664
Dominican Republic,DOM,2012,5.058973
Dominican Republic,DOM,2013,4.9259424
Dominican Republic,DOM,2014,4.809429
Dominican Republic,DOM,2015,4.735346
Dominican Republic,DOM,2016,4.585824
Dominican Republic,DOM,2017,4.4456267
Dominican Republic,DOM,2018,4.217655
Dominican Republic,DOM,2019,4.3680887
Dominican Republic,DOM,2020,4.964903
Dominican Republic,DOM,2021,5.0884
Dominican Republic,DOM,2022,4.645068
Dominican Republic,DOM,2023,4.598805
East Timor,TLS,2003,2.8418703
East Timor,TLS,2004,4.2610354
East Timor,TLS,2005,5.2804475
East Timor,TLS,2006,6.00192
East Timor,TLS,2007,5.6479325
East Timor,TLS,2008,6.9656396
East Timor,TLS,2009,7.309318
East Timor,TLS,2010,6.470588
East Timor,TLS,2011,6.8654146
East Timor,TLS,2012,6.992152
East Timor,TLS,2013,8.532378
East Timor,TLS,2014,7.5995855
East Timor,TLS,2015,7.691467
East Timor,TLS,2016,6.9425073
East Timor,TLS,2017,6.804423
East Timor,TLS,2018,6.402274
East Timor,TLS,2019,4.992188
East Timor,TLS,2020,7.26445
East Timor,TLS,2021,4.9192977
East Timor,TLS,2022,7.4637184
East Timor,TLS,2023,9.597795
Eastern Mediterranean (WHO),WHO_EMR,2000,4.552541
Eastern Mediterranean (WHO),WHO_EMR,2001,4.7722
Eastern Mediterranean (WHO),WHO_EMR,2002,5.0631485
Eastern Mediterranean (WHO),WHO_EMR,2003,4.902402
Eastern Mediterranean (WHO),WHO_EMR,2004,4.852981
Eastern Mediterranean (WHO),WHO_EMR,2005,4.646283
Eastern Mediterranean (WHO),WHO_EMR,2006,4.674985
Eastern Mediterranean (WHO),WHO_EMR,2007,4.6778417
Eastern Mediterranean (WHO),WHO_EMR,2008,4.617983
Eastern Mediterranean (WHO),WHO_EMR,2009,5.1184287
Eastern Mediterranean (WHO),WHO_EMR,2010,4.713011
Eastern Mediterranean (WHO),WHO_EMR,2011,4.799623
Eastern Mediterranean (WHO),WHO_EMR,2012,4.723537
Eastern Mediterranean (WHO),WHO_EMR,2013,4.863357
Eastern Mediterranean (WHO),WHO_EMR,2014,5.0555086
Eastern Mediterranean (WHO),WHO_EMR,2015,5.3981137
Eastern Mediterranean (WHO),WHO_EMR,2016,5.5811453
Eastern Mediterranean (WHO),WHO_EMR,2017,5.5232472
Eastern Mediterranean (WHO),WHO_EMR,2018,5.4643803
Eastern Mediterranean (WHO),WHO_EMR,2019,5.656666
Eastern Mediterranean (WHO),WHO_EMR,2020,6.083348
Eastern Mediterranean (WHO),WHO_EMR,2021,5.917378
Eastern Mediterranean (WHO),WHO_EMR,2022,5.7105255
Eastern Mediterranean (WHO),WHO_EMR,2023,5.7584887
Ecuador,ECU,2000,3.5736797
Ecuador,ECU,2001,4.0636554
Ecuador,ECU,2002,4.8140483
Ecuador,ECU,2003,5.792324
Ecuador,ECU,2004,5.881522
Ecuador,ECU,2005,5.859049
Ecuador,ECU,2006,5.9361777
Ecuador,ECU,2007,5.5572248
Ecuador,ECU,2008,5.521749
Ecuador,ECU,2009,6.0338845
Ecuador,ECU,2010,6.349257
Ecuador,ECU,2011,6.605097
Ecuador,ECU,2012,6.878598
Ecuador,ECU,2013,6.778664
Ecuador,ECU,2014,6.7660184
Ecuador,ECU,2015,7.7678604
Ecuador,ECU,2016,7.588175
Ecuador,ECU,2017,7.5248413
Ecuador,ECU,2018,7.833647
Ecuador,ECU,2019,7.8087845
Ecuador,ECU,2020,8.606084
Ecuador,ECU,2021,8.375262
Ecuador,ECU,2022,7.601839
Ecuador,ECU,2023,7.561679
Egypt,EGY,2000,4.922443
Egypt,EGY,2001,5.4003034
Egypt,EGY,2002,5.510738
Egypt,EGY,2003,5.2242527
Egypt,EGY,2004,4.8573236
Egypt,EGY,2005,4.9222918
Egypt,EGY,2006,4.841901
Egypt,EGY,2007,4.4449325
Egypt,EGY,2008,4.466348
Egypt,EGY,2009,4.3787093
Egypt,EGY,2010,4.1531916
Egypt,EGY,2011,4.3570757
Egypt,EGY,2012,4.458918
Egypt,EGY,2013,4.6710043
Egypt,EGY,2014,4.774153
Egypt,EGY,2015,5.061532
Egypt,EGY,2016,5.074624
Egypt,EGY,2017,5.346619
Egypt,EGY,2018,4.74893
Egypt,EGY,2019,4.599467
Egypt,EGY,2020,4.1538463
Egypt,EGY,2021,4.6095514
Egypt,EGY,2022,4.723628
Egypt,EGY,2023,4.8844934
El Salvador,SLV,2000,7.843428
El Salvador,SLV,2001,7.886049
El Salvador,SLV,2002,7.8856573
El Salvador,SLV,2003,7.771823
El Salvador,SLV,2004,8.130217
El Salvador,SLV,2005,9.200579
El Salvador,SLV,2006,8.693389
El Salvador,SLV,2007,8.478363
El Salvador,SLV,2008,8.495859
El Salvador,SLV,2009,8.837497
El Salvador,SLV,2010,8.904162
El Salvador,SLV,2011,8.876454
El Salvador,SLV,2012,8.606254
El Salvador,SLV,2013,9.05236
El Salvador,SLV,2014,8.598942
El Salvador,SLV,2015,8.758332
El Salvador,SLV,2016,8.714563
El Salvador,SLV,2017,8.422869
El Salvador,SLV,2018,8.322752
El Salvador,SLV,2019,8.808461
El Salvador,SLV,2020,8.951051
El Salvador,SLV,2021,10.12669
El Salvador,SLV,2022,9.820363
El Salvador,SLV,2023,9.287386
Equatorial Guinea,GNQ,2000,1.222602
Equatorial Guinea,GNQ,2001,1.325593
Equatorial Guinea,GNQ,2002,2.8873007
Equatorial Guinea,GNQ,2003,1.9718534
Equatorial Guinea,GNQ,2004,1.584636
Equatorial Guinea,GNQ,2005,1.4204873
Equatorial Guinea,GNQ,2006,1.4121786
Equatorial Guinea,GNQ,2007,1.4208068
Equatorial Guinea,GNQ,2008,1.2333322
Equatorial Guinea,GNQ,2009,1.8738989
Equatorial Guinea,GNQ,2010,1.7336366
Equatorial Guinea,GNQ,2011,1.5430961
Equatorial Guinea,GNQ,2012,1.6229031
Equatorial Guinea,GNQ,2013,1.7562275
Equatorial Guinea,GNQ,2014,1.868559
Equatorial Guinea,GNQ,2015,2.4569342
Equatorial Guinea,GNQ,2016,2.9717748
Equatorial Guinea,GNQ,2017,2.8612163
Equatorial Guinea,GNQ,2018,2.9221482
Equatorial Guinea,GNQ,2019,3.2794883
Equatorial Guinea,GNQ,2020,3.7056072
Equatorial Guinea,GNQ,2021,3.5103004
Equatorial Guinea,GNQ,2022,2.8372636
Equatorial Guinea,GNQ,2023,3.4994164
Eritrea,ERI,2000,5.7667007
Eritrea,ERI,2001,5.919317
Eritrea,ERI,2002,6.6885743
Eritrea,ERI,2003,7.3370337
Eritrea,ERI,2004,7.009849
Eritrea,ERI,2005,6.864176
Eritrea,ERI,2006,6.8572745
Eritrea,ERI,2007,5.2786293
Eritrea,ERI,2008,6.5780754
Eritrea,ERI,2009,5.423432
Eritrea,ERI,2010,4.818665
Eritrea,ERI,2011,5.16229
Eritrea,ERI,2012,3.7424579
Eritrea,ERI,2013,4.9681306
Eritrea,ERI,2014,3.9143238
Eritrea,ERI,2015,4.507768
Eritrea,ERI,2016,3.7383895
Eritrea,ERI,2017,4.1535945
Eritrea,ERI,2018,4.247489
Eritrea,ERI,2019,4.6480646
Eritrea,ERI,2020,4.3111773
Eritrea,ERI,2021,4.17839
Eritrea,ERI,2022,3.8753784
Eritrea,ERI,2023,3.6837678
Estonia,EST,2000,5.170291
Estonia,EST,2001,4.783992
Estonia,EST,2002,4.7019267
Estonia,EST,2003,5.137489
Estonia,EST,2004,5.3364105
Estonia,EST,2005,5.2943463
Estonia,EST,2006,4.973087
Estonia,EST,2007,5.184294
Estonia,EST,2008,5.956941
Estonia,EST,2009,6.844438
Estonia,EST,2010,6.594042
Estonia,EST,2011,6.0547166
Estonia,EST,2012,6.037821
Estonia,EST,2013,6.197885
Estonia,EST,2014,6.2628613
Estonia,EST,2015,6.5213866
Estonia,EST,2016,6.569186
Estonia,EST,2017,6.466361
Estonia,EST,2018,6.563144
Estonia,EST,2019,6.6476355
Estonia,EST,2020,7.4717937
Estonia,EST,2021,7.4759107
Estonia,EST,2022,6.9364142
Estonia,EST,2023,7.4708214
Eswatini,SWZ,2000,4.6095176
Eswatini,SWZ,2001,5.1389537
Eswatini,SWZ,2002,5.522983
Eswatini,SWZ,2003,6.378644
Eswatini,SWZ,2004,6.814325
Eswatini,SWZ,2005,7.3762336
Eswatini,SWZ,2006,7.8256006
Eswatini,SWZ,2007,7.9300413
Eswatini,SWZ,2008,8.857929
Eswatini,SWZ,2009,8.632922
Eswatini,SWZ,2010,8.591257
Eswatini,SWZ,2011,8.469973
Eswatini,SWZ,2012,7.820476
Eswatini,SWZ,2013,7.457034
Eswatini,SWZ,2014,7.2559657
Eswatini,SWZ,2015,7.0585527
Eswatini,SWZ,2016,6.820448
Eswatini,SWZ,2017,6.981037
Eswatini,SWZ,2018,7.3193774
Eswatini,SWZ,2019,8.400338
Eswatini,SWZ,2020,7.0983777
Eswatini,SWZ,2021,7.4055214
Eswatini,SWZ,2022,7.244913
Eswatini,SWZ,2023,7.4976397
Ethiopia,ETH,2000,4.365047
Ethiopia,ETH,2001,4.723167
Ethiopia,ETH,2002,4.71263
Ethiopia,ETH,2003,4.899709
Ethiopia,ETH,2004,4.3128185
Ethiopia,ETH,2005,4.100981
Ethiopia,ETH,2006,4.457573
Ethiopia,ETH,2007,5.001283
Ethiopia,ETH,2008,4.2806387
Ethiopia,ETH,2009,4.6496563
Ethiopia,ETH,2010,5.4663725
Ethiopia,ETH,2011,4.4689775
Ethiopia,ETH,2012,4.5395956
Ethiopia,ETH,2013,4.075065
Ethiopia,ETH,2014,4.033655
Ethiopia,ETH,2015,3.8231683
Ethiopia,ETH,2016,3.6003375
Ethiopia,ETH,2017,3.4533691
Ethiopia,ETH,2018,3.3037176
Ethiopia,ETH,2019,3.2428713
Ethiopia,ETH,2020,3.4809628
Ethiopia,ETH,2021,3.2077997
Ethiopia,ETH,2022,2.852981
Ethiopia,ETH,2023,2.8031034
Europe (WHO),WHO_EUR,2000,6.3959403
Europe (WHO),WHO_EUR,2001,6.5494714
Europe (WHO),WHO_EUR,2002,6.816853
Europe (WHO),WHO_EUR,2003,7.025403
Europe (WHO),WHO_EUR,2004,7.080997
Europe (WHO),WHO_EUR,2005,7.1325555
Europe (WHO),WHO_EUR,2006,7.0363064
Europe (WHO),WHO_EUR,2007,6.9224977
Europe (WHO),WHO_EUR,2008,7.146465
Europe (WHO),WHO_EUR,2009,7.7439113
Europe (WHO),WHO_EUR,2010,7.6822624
Europe (WHO),WHO_EUR,2011,7.5869374
Europe (WHO),WHO_EUR,2012,7.7027946
Europe (WHO),WHO_EUR,2013,7.6749206
Europe (WHO),WHO_EUR,2014,7.639316
Europe (WHO),WHO_EUR,2015,7.679659
Europe (WHO),WHO_EUR,2016,7.6922827
Europe (WHO),WHO_EUR,2017,7.5761504
Europe (WHO),WHO_EUR,2018,7.529235
Europe (WHO),WHO_EUR,2019,7.6382427
Europe (WHO),WHO_EUR,2020,8.538209
Europe (WHO),WHO_EUR,2021,8.574532
Europe (WHO),WHO_EUR,2022,7.963129
Europe (WHO),WHO_EUR,2023,7.9003386
Fiji,FJI,2000,3.4244118
Fiji,FJI,2001,2.905473
Fiji,FJI,2002,2.9834952
Fiji,FJI,2003,2.972982
Fiji,FJI,2004,3.2576854
Fiji,FJI,2005,3.2565668
Fiji,FJI,2006,3.347982
Fiji,FJI,2007,3.41515
Fiji,FJI,2008,3.1846712
Fiji,FJI,2009,3.5358763
Fiji,FJI,2010,3.4166412
Fiji,FJI,2011,3.142935
Fiji,FJI,2012,3.26555
Fiji,FJI,2013,3.2004068
Fiji,FJI,2014,3.3686047
Fiji,FJI,2015,3.3246894
Fiji,FJI,2016,3.279797
Fiji,FJI,2017,3.1868956
Fiji,FJI,2018,4.1057262
Fiji,FJI,2019,4.282293
Fiji,FJI,2020,5.289874
Fiji,FJI,2021,7.060847
Fiji,FJI,2022,4.0175295
Fiji,FJI,2023,3.6152415
Finland,FIN,2000,7.0954437
Finland,FIN,2001,7.2516565
Finland,FIN,2002,7.630059
Finland,FIN,2003,7.9398828
Finland,FIN,2004,8.059992
Finland,FIN,2005,8.289013
Finland,FIN,2006,8.285843
Finland,FIN,2007,8.084156
Finland,FIN,2008,8.343622
Finland,FIN,2009,9.161828
Finland,FIN,2010,9.141833
Finland,FIN,2011,9.239036
Finland,FIN,2012,9.617321
Finland,FIN,2013,9.84505
Finland,FIN,2014,9.830662
Finland,FIN,2015,9.699983
Finland,FIN,2016,9.456256
Finland,FIN,2017,9.191484
Finland,FIN,2018,9.10587
Finland,FIN,2019,9.222952
Finland,FIN,2020,9.699772
Finland,FIN,2021,9.909698
Finland,FIN,2022,9.741526
Finland,FIN,2023,10.473895
France,FRA,2000,9.61744
France,FRA,2001,9.757193
France,FRA,2002,10.082501
France,FRA,2003,10.134749
France,FRA,2004,10.211703
France,FRA,2005,10.2372055
France,FRA,2006,10.39765
France,FRA,2007,10.334188
France,FRA,2008,10.513407
France,FRA,2009,11.290955
France,FRA,2010,11.224308
France,FRA,2011,11.17601
France,FRA,2012,11.337495
France,FRA,2013,11.378912
France,FRA,2014,11.579354
France,FRA,2015,11.50033
France,FRA,2016,11.57036
France,FRA,2017,11.449446
France,FRA,2018,11.308476
France,FRA,2019,11.170583
France,FRA,2020,12.129494
France,FRA,2021,12.248942
France,FRA,2022,11.828888
France,FRA,2023,11.519746
Gabon,GAB,2000,2.904711
Gabon,GAB,2001,3.151982
Gabon,GAB,2002,3.329707
Gabon,GAB,2003,3.5364847
Gabon,GAB,2004,3.364986
Gabon,GAB,2005,2.9217517
Gabon,GAB,2006,3.1462393
Gabon,GAB,2007,3.0834198
Gabon,GAB,2008,2.8476067
Gabon,GAB,2009,3.7807667
Gabon,GAB,2010,2.475569
Gabon,GAB,2011,2.5577157
Gabon,GAB,2012,2.4209757
Gabon,GAB,2013,2.840872
Gabon,GAB,2014,2.5328226
Gabon,GAB,2015,2.6574395
Gabon,GAB,2016,3.1076982
Gabon,GAB,2017,2.7806888
Gabon,GAB,2018,2.752351
Gabon,GAB,2019,2.7683704
Gabon,GAB,2020,3.440127
Gabon,GAB,2021,2.7925413
Gabon,GAB,2022,2.8908718
Gabon,GAB,2023,3.1343071
Gambia,GMB,2000,10.785328
Gambia,GMB,2001,8.299257
Gambia,GMB,2002,6.2326026
Gambia,GMB,2003,5.2970905
Gambia,GMB,2004,5.4200015
Gambia,GMB,2005,5.386024
Gambia,GMB,2006,5.437208
Gambia,GMB,2007,4.9550195
Gambia,GMB,2008,4.6593876
Gambia,GMB,2009,4.4643064
Gambia,GMB,2010,4.1194406
Gambia,GMB,2011,4.3696737
Gambia,GMB,2012,4.2687225
Gambia,GMB,2013,3.9137487
Gambia,GMB,2014,3.0523458
Gambia,GMB,2015,3.176129
Gambia,GMB,2016,3.1952372
Gambia,GMB,2017,3.3544927
Gambia,GMB,2018,3.1850123
Gambia,GMB,2019,3.1453493
Gambia,GMB,2020,4.0143695
Gambia,GMB,2021,3.7432148
Gambia,GMB,2022,3.5369773
Gambia,GMB,2023,2.892501
Georgia,GEO,2000,7.194592
Georgia,GEO,2001,7.169509
Georgia,GEO,2002,7.8147426
Georgia,GEO,2003,8.029529
Georgia,GEO,2004,8.089108
Georgia,GEO,2005,8.077342
Georgia,GEO,2006,7.63208
Georgia,GEO,2007,7.4351783
Georgia,GEO,2008,8.444241
Georgia,GEO,2009,9.566816
Georgia,GEO,2010,9.021237
Georgia,GEO,2011,7.882243
Georgia,GEO,2012,7.9516897
Georgia,GEO,2013,8.005746
Georgia,GEO,2014,8.294084
Georgia,GEO,2015,8.659949
Georgia,GEO,2016,9.072589
Georgia,GEO,2017,8.701403
Georgia,GEO,2018,7.755246
Georgia,GEO,2019,7.312914
Georgia,GEO,2020,9.2299185
Georgia,GEO,2021,10.538355
Georgia,GEO,2022,8.296343
Georgia,GEO,2023,6.857589
Germany,DEU,2000,9.759304
Germany,DEU,2001,9.781055
Germany,DEU,2002,10.028965
Germany,DEU,2003,10.222553
Germany,DEU,2004,9.974663
Germany,DEU,2005,10.106806
Germany,DEU,2006,9.962369
Germany,DEU,2007,9.834829
Germany,DEU,2008,10.0318575
Germany,DEU,2009,10.970031
Germany,DEU,2010,10.831174
Germany,DEU,2011,10.52107
Germany,DEU,2012,10.593562
Germany,DEU,2013,10.743213
Germany,DEU,2014,10.768197
Germany,DEU,2015,10.923177
Germany,DEU,2016,10.971337
Germany,DEU,2017,11.050911
Germany,DEU,2018,11.183808
Germany,DEU,2019,11.428054
Germany,DEU,2020,12.467808
Germany,DEU,2021,12.724033
Germany,DEU,2022,12.447083
Germany,DEU,2023,11.744287
Ghana,GHA,2000,1.6634324
Ghana,GHA,2001,1.8686633
Ghana,GHA,2002,1.9469459
Ghana,GHA,2003,2.1493528
Ghana,GHA,2004,2.3695529
Ghana,GHA,2005,3.273441
Ghana,GHA,2006,3.672088
Ghana,GHA,2007,3.7090032
Ghana,GHA,2008,3.7253351
Ghana,GHA,2009,4.1771774
Ghana,GHA,2010,4.5230293
Ghana,GHA,2011,4.4637465
Ghana,GHA,2012,3.9302366
Ghana,GHA,2013,4.592254
Ghana,GHA,2014,4.0164413
Ghana,GHA,2015,4.5429926
Ghana,GHA,2016,3.3903582
Ghana,GHA,2017,2.6878698
Ghana,GHA,2018,2.4300117
Ghana,GHA,2019,3.2545047
Ghana,GHA,2020,4.433171
Ghana,GHA,2021,3.8603086
Ghana,GHA,2022,3.6745915
Ghana,GHA,2023,2.9468694
Greece,GRC,2000,7.5138893
Greece,GRC,2001,8.24546
Greece,GRC,2002,8.469987
Greece,GRC,2003,8.68254
Greece,GRC,2004,8.300022
Greece,GRC,2005,8.761179
Greece,GRC,2006,8.395969
Greece,GRC,2007,8.523049
Greece,GRC,2008,8.948102
Greece,GRC,2009,9.535813
Greece,GRC,2010,9.619525
Greece,GRC,2011,9.18577
Greece,GRC,2012,9.043278
Greece,GRC,2013,8.521839
Greece,GRC,2014,7.943586
Greece,GRC,2015,8.2671995
Greece,GRC,2016,8.450975
Greece,GRC,2017,8.113369
Greece,GRC,2018,8.072678
Greece,GRC,2019,8.117095
Greece,GRC,2020,9.380745
Greece,GRC,2021,9.031787
Greece,GRC,2022,8.449383
Greece,GRC,2023,8.39367
Grenada,GRD,2000,5.358864
Grenada,GRD,2001,5.62457
Grenada,GRD,2002,6.1756973
Grenada,GRD,2003,5.2848573
Grenada,GRD,2004,5.3656845
Grenada,GRD,2005,5.144603
Grenada,GRD,2006,5.1135216
Grenada,GRD,2007,5.238679
Grenada,GRD,2008,5.386199
Grenada,GRD,2009,5.43471
Grenada,GRD,2010,5.418812
Grenada,GRD,2011,5.8042336
Grenada,GRD,2012,5.8223577
Grenada,GRD,2013,5.626529
Grenada,GRD,2014,4.7735357
Grenada,GRD,2015,4.646756
Grenada,GRD,2016,4.4391003
Grenada,GRD,2017,4.6570106
Grenada,GRD,2018,4.5837374
Grenada,GRD,2019,4.931896
Grenada,GRD,2020,5.3060255
Grenada,GRD,2021,5.2796345
Grenada,GRD,2022,4.9970126
Grenada,GRD,2023,4.6533084
Guatemala,GTM,2000,5.396861
Guatemala,GTM,2001,6.070237
Guatemala,GTM,2002,6.013013
Guatemala,GTM,2003,6.1530685
Guatemala,GTM,2004,6.261828
Guatemala,GTM,2005,6.148264
Guatemala,GTM,2006,6.363622
Guatemala,GTM,2007,6.1918335
Guatemala,GTM,2008,6.0813
Guatemala,GTM,2009,6.3393865
Guatemala,GTM,2010,6.1247797
Guatemala,GTM,2011,5.963069
Guatemala,GTM,2012,6.0731697
Guatemala,GTM,2013,5.771889
Guatemala,GTM,2014,5.8885684
Guatemala,GTM,2015,6.00602
Guatemala,GTM,2016,6.070082
Guatemala,GTM,2017,6.135638
Guatemala,GTM,2018,6.106627
Guatemala,GTM,2019,6.1744328
Guatemala,GTM,2020,6.4591527
Guatemala,GTM,2021,7.356989
Guatemala,GTM,2022,7.167879
Guatemala,GTM,2023,6.8024135
Guinea,GIN,2000,4.7410135
Guinea,GIN,2001,4.8843303
Guinea,GIN,2002,5.3565373
Guinea,GIN,2003,4.772165
Guinea,GIN,2004,4.776328
Guinea,GIN,2005,4.034527
Guinea,GIN,2006,3.615269
Guinea,GIN,2007,3.4826248
Guinea,GIN,2008,3.2656171
Guinea,GIN,2009,3.5814664
Guinea,GIN,2010,3.4278173
Guinea,GIN,2011,3.789551
Guinea,GIN,2012,3.5039852
Guinea,GIN,2013,3.4610865
Guinea,GIN,2014,4.787992
Guinea,GIN,2015,5.8091927
Guinea,GIN,2016,5.3969493
Guinea,GIN,2017,3.9151273
Guinea,GIN,2018,3.73843
Guinea,GIN,2019,4.0887623
Guinea,GIN,2020,3.9009452
Guinea,GIN,2021,3.7175858
Guinea,GIN,2022,3.832927
Guinea,GIN,2023,3.6944299
Guinea-Bissau,GNB,2000,4.1895323
Guinea-Bissau,GNB,2001,4.1289153
Guinea-Bissau,GNB,2002,3.8728
Guinea-Bissau,GNB,2003,3.5020142
Guinea-Bissau,GNB,2004,4.270702
Guinea-Bissau,GNB,2005,4.534625
Guinea-Bissau,GNB,2006,5.078262
Guinea-Bissau,GNB,2007,4.925734
Guinea-Bissau,GNB,2008,5.352398
Guinea-Bissau,GNB,2009,4.610632
Guinea-Bissau,GNB,2010,4.871337
Guinea-Bissau,GNB,2011,6.216348
Guinea-Bissau,GNB,2012,5.941348
Guinea-Bissau,GNB,2013,7.0394344
Guinea-Bissau,GNB,2014,9.968974
Guinea-Bissau,GNB,2015,8.132282
Guinea-Bissau,GNB,2016,8.3288145
Guinea-Bissau,GNB,2017,7.0004954
Guinea-Bissau,GNB,2018,7.2816496
Guinea-Bissau,GNB,2019,7.146021
Guinea-Bissau,GNB,2020,8.988988
Guinea-Bissau,GNB,2021,8.397949
Guinea-Bissau,GNB,2022,8.337527
Guinea-Bissau,GNB,2023,8.822048
Guyana,GUY,2000,3.1873794
Guyana,GUY,2001,3.0550678
Guyana,GUY,2002,3.193538
Guyana,GUY,2003,3.268842
Guyana,GUY,2004,3.4377043
Guyana,GUY,2005,3.7940974
Guyana,GUY,2006,3.9314446
Guyana,GUY,2007,4.281262
Guyana,GUY,2008,4.202422
Guyana,GUY,2009,4.3511715
Guyana,GUY,2010,4.218977
Guyana,GUY,2011,4.172135
Guyana,GUY,2012,3.708187
Guyana,GUY,2013,3.802313
Guyana,GUY,2014,3.9475543
Guyana,GUY,2015,4.022648
Guyana,GUY,2016,4.018421
Guyana,GUY,2017,4.3191123
Guyana,GUY,2018,4.9049253
Guyana,GUY,2019,4.903315
Guyana,GUY,2020,5.375106
Guyana,GUY,2021,4.643265
Guyana,GUY,2022,2.5245636
Guyana,GUY,2023,2.4667375
Haiti,HTI,2000,3.991657
Haiti,HTI,2001,3.7502923
Haiti,HTI,2002,3.4325013
Haiti,HTI,2003,3.5369532
Haiti,HTI,2004,3.4292843
Haiti,HTI,2005,3.3055465
Haiti,HTI,2006,3.480139
Haiti,HTI,2007,3.647341
Haiti,HTI,2008,3.7572205
Haiti,HTI,2009,3.5027738
Haiti,HTI,2010,4.5487103
Haiti,HTI,2011,5.911978
Haiti,HTI,2012,5.5646234
Haiti,HTI,2013,4.1052403
Haiti,HTI,2014,4.520358
Haiti,HTI,2015,5.0751815
Haiti,HTI,2016,4.8076057
Haiti,HTI,2017,3.819939
Haiti,HTI,2018,4.316503
Haiti,HTI,2019,3.9110792
Haiti,HTI,2020,3.7865195
Haiti,HTI,2021,3.5773985
Haiti,HTI,2022,3.2075508
Haiti,HTI,2023,3.1915653
Honduras,HND,2000,6.26818
Honduras,HND,2001,5.929983
Honduras,HND,2002,6.2445755
Honduras,HND,2003,6.890047
Honduras,HND,2004,6.8548436
Honduras,HND,2005,7.500864
Honduras,HND,2006,7.863187
Honduras,HND,2007,8.0849495
Honduras,HND,2008,8.603626
Honduras,HND,2009,8.995925
Honduras,HND,2010,8.725364
Honduras,HND,2011,8.79187
Honduras,HND,2012,8.656551
Honduras,HND,2013,8.47723
Honduras,HND,2014,7.9145575
Honduras,HND,2015,7.4837904
Honduras,HND,2016,7.709445
Honduras,HND,2017,7.0066886
Honduras,HND,2018,7.2282066
Honduras,HND,2019,7.3431664
Honduras,HND,2020,9.219124
Honduras,HND,2021,9.273115
Honduras,HND,2022,8.154528
Honduras,HND,2023,7.7097616
Hungary,HUN,2000,6.7697926
Hungary,HUN,2001,6.8197937
Hungary,HUN,2002,7.118116
Hungary,HUN,2003,8.129865
Hungary,HUN,2004,7.7659206
Hungary,HUN,2005,7.992485
Hungary,HUN,2006,7.7855644
Hungary,HUN,2007,7.2071915
Hungary,HUN,2008,7.092757
Hungary,HUN,2009,7.2366724
Hungary,HUN,2010,7.464204
Hungary,HUN,2011,7.4934225
Hungary,HUN,2012,7.430477
Hungary,HUN,2013,7.2364535
Hungary,HUN,2014,7.0419235
Hungary,HUN,2015,6.8501935
Hungary,HUN,2016,6.9675264
Hungary,HUN,2017,6.7333837
Hungary,HUN,2018,6.554605
Hungary,HUN,2019,6.2467785
Hungary,HUN,2020,7.230515
Hungary,HUN,2021,7.3352485
Hungary,HUN,2022,6.6474123
Hungary,HUN,2023,6.3686895
Iceland,ISL,2000,8.899243
Iceland,ISL,2001,8.752662
Iceland,ISL,2002,9.403825
Iceland,ISL,2003,9.729302
Iceland,ISL,2004,9.328544
Iceland,ISL,2005,8.94695
Iceland,ISL,2006,8.557091
Iceland,ISL,2007,8.353586
Iceland,ISL,2008,8.343708
Iceland,ISL,2009,8.775185
Iceland,ISL,2010,8.361731
Iceland,ISL,2011,8.254989
Iceland,ISL,2012,8.230912
Iceland,ISL,2013,8.226513
Iceland,ISL,2014,8.290442
Iceland,ISL,2015,8.13122
Iceland,ISL,2016,8.155691
Iceland,ISL,2017,8.324308
Iceland,ISL,2018,8.438176
Iceland,ISL,2019,8.639963
Iceland,ISL,2020,9.649089
Iceland,ISL,2021,9.720737
Iceland,ISL,2022,9.081453
Iceland,ISL,2023,8.705101
India,IND,2000,4.1056848
India,IND,2001,4.3375425
India,IND,2002,4.3145337
India,IND,2003,4.0787773
India,IND,2004,4.026795
India,IND,2005,3.8550828
India,IND,2006,3.6690154
India,IND,2007,3.58104
India,IND,2008,3.5885608
India,IND,2009,3.546377
India,IND,2010,3.3362591
India,IND,2011,3.2463422
India,IND,2012,3.3293529
India,IND,2013,3.7494419
India,IND,2014,3.6195655
India,IND,2015,3.5956597
India,IND,2016,3.5043042
India,IND,2017,2.9359765
India,IND,2018,2.8584938
India,IND,2019,2.952998
India,IND,2020,3.341461
India,IND,2021,3.3468094
India,IND,2022,3.396235
India,IND,2023,3.3394403
Indonesia,IDN,2000,1.8529766
Indonesia,IDN,2001,2.1185021
Indonesia,IDN,2002,1.9806271
Indonesia,IDN,2003,2.2483718
Indonesia,IDN,2004,2.1200228
Indonesia,IDN,2005,2.531894
Indonesia,IDN,2006,2.6194642
Indonesia,IDN,2007,2.8238556
Indonesia,IDN,2008,2.548423
Indonesia,IDN,2009,2.623241
Indonesia,IDN,2010,2.7908783
Indonesia,IDN,2011,2.9894247
Indonesia,IDN,2012,2.9142709
Indonesia,IDN,2013,2.869348
Indonesia,IDN,2014,2.9643357
Indonesia,IDN,2015,2.9242852
Indonesia,IDN,2016,3.021472
Indonesia,IDN,2017,2.904172
Indonesia,IDN,2018,2.8675783
Indonesia,IDN,2019,2.878629
Indonesia,IDN,2020,3.420673
Indonesia,IDN,2021,3.7063494
Indonesia,IDN,2022,2.6938975
Indonesia,IDN,2023,2.7023995
Iran,IRN,2000,4.7225084
Iran,IRN,2001,5.1608734
Iran,IRN,2002,4.651822
Iran,IRN,2003,4.9558916
Iran,IRN,2004,5.128014
Iran,IRN,2005,5.2999616
Iran,IRN,2006,5.159909
Iran,IRN,2007,4.911882
Iran,IRN,2008,5.0399046
Iran,IRN,2009,6.1149344
Iran,IRN,2010,6.2915306
Iran,IRN,2011,6.09788
Iran,IRN,2012,6.1223536
Iran,IRN,2013,5.736978
Iran,IRN,2014,6.8153954
Iran,IRN,2015,8.382327
Iran,IRN,2016,7.8028502
Iran,IRN,2017,7.7180123
Iran,IRN,2018,6.635717
Iran,IRN,2019,6.2342677
Iran,IRN,2020,4.9609814
Iran,IRN,2021,4.858866
Iran,IRN,2022,5.627941
Iran,IRN,2023,6.025423
Iraq,IRQ,2003,2.996936
Iraq,IRQ,2004,3.9012864
Iraq,IRQ,2005,3.0170465
Iraq,IRQ,2006,2.4937043
Iraq,IRQ,2007,3.2148056
Iraq,IRQ,2008,3.0660424
Iraq,IRQ,2009,3.77204
Iraq,IRQ,2010,3.2395535
Iraq,IRQ,2011,2.8031638
Iraq,IRQ,2012,2.6936586
Iraq,IRQ,2013,2.8086846
Iraq,IRQ,2014,2.7878666
Iraq,IRQ,2015,3.1558704
Iraq,IRQ,2016,4.5725303
Iraq,IRQ,2017,4.089444
Iraq,IRQ,2018,4.0760064
Iraq,IRQ,2019,4.207232
Iraq,IRQ,2020,5.7276616
Iraq,IRQ,2021,5.1418
Iraq,IRQ,2022,4.3322635
Iraq,IRQ,2023,5.5327525
Ireland,IRL,2000,5.8990283
Ireland,IRL,2001,6.3924937
Ireland,IRL,2002,6.6726303
Ireland,IRL,2003,7.007614
Ireland,IRL,2004,7.2197294
Ireland,IRL,2005,7.642428
Ireland,IRL,2006,7.51647
Ireland,IRL,2007,7.8077374
Ireland,IRL,2008,9.125648
Ireland,IRL,2009,10.522758
Ireland,IRL,2010,10.520628
Ireland,IRL,2011,10.488865
Ireland,IRL,2012,10.474669
Ireland,IRL,2013,10.0333
Ireland,IRL,2014,9.230779
Ireland,IRL,2015,7.078278
Ireland,IRL,2016,7.3382206
Ireland,IRL,2017,6.917186
Ireland,IRL,2018,6.7471085
Ireland,IRL,2019,6.6186056
Ireland,IRL,2020,6.9732327
Ireland,IRL,2021,6.441135
Ireland,IRL,2022,6.0207825
Ireland,IRL,2023,6.575385
Israel,ISR,2000,6.594219
Israel,ISR,2001,6.9991426
Israel,ISR,2002,6.907675
Israel,ISR,2003,6.8497596
Israel,ISR,2004,6.79697
Israel,ISR,2005,6.8828454
Israel,ISR,2006,6.7000074
Israel,ISR,2007,6.6725616
Israel,ISR,2008,6.806683
Israel,ISR,2009,6.8699236
Israel,ISR,2010,6.8503833
Israel,ISR,2011,6.8059497
Israel,ISR,2012,6.9418526
Israel,ISR,2013,6.940744
Israel,ISR,2014,7.0299053
Israel,ISR,2015,7.0209064
Israel,ISR,2016,7.0991917
Israel,ISR,2017,7.171894
Israel,ISR,2018,7.2355037
Israel,ISR,2019,7.207019
Israel,ISR,2020,7.7480187
Israel,ISR,2021,7.8396106
Israel,ISR,2022,7.12005
Israel,ISR,2023,7.0982237
Italy,ITA,2000,7.5470123
Italy,ITA,2001,7.7111583
Italy,ITA,2002,7.836389
Italy,ITA,2003,7.8067093
Italy,ITA,2004,8.137269
Italy,ITA,2005,8.309068
Italy,ITA,2006,8.39791
Italy,ITA,2007,8.101672
Italy,ITA,2008,8.501575
Italy,ITA,2009,8.9129095
Italy,ITA,2010,8.87929
Italy,ITA,2011,8.728508
Italy,ITA,2012,8.798343
Italy,ITA,2013,8.789764
Italy,ITA,2014,8.859136
Italy,ITA,2015,8.845967
Italy,ITA,2016,8.72044
Italy,ITA,2017,8.690605
Italy,ITA,2018,8.654675
Italy,ITA,2019,8.615368
Italy,ITA,2020,9.564303
Italy,ITA,2021,9.281645
Italy,ITA,2022,8.850229
Italy,ITA,2023,8.405595
Jamaica,JAM,2000,5.978692
Jamaica,JAM,2001,5.1565294
Jamaica,JAM,2002,5.5793414
Jamaica,JAM,2003,4.9923925
Jamaica,JAM,2004,5.8376675
Jamaica,JAM,2005,5.8210487
Jamaica,JAM,2006,5.5102234
Jamaica,JAM,2007,6.191096
Jamaica,JAM,2008,6.6553397
Jamaica,JAM,2009,6.370216
Jamaica,JAM,2010,6.4421926
Jamaica,JAM,2011,6.523178
Jamaica,JAM,2012,6.186029
Jamaica,JAM,2013,6.284533
Jamaica,JAM,2014,6.286739
Jamaica,JAM,2015,6.6147714
Jamaica,JAM,2016,6.5901823
Jamaica,JAM,2017,6.9847693
Jamaica,JAM,2018,6.838845
Jamaica,JAM,2019,6.9694557
Jamaica,JAM,2020,7.475553
Jamaica,JAM,2021,8.002617
Jamaica,JAM,2022,8.653387
Jamaica,JAM,2023,7.6049395
Japan,JPN,2000,7.0345616
Japan,JPN,2001,7.239479
Japan,JPN,2002,7.352354
Japan,JPN,2003,7.4865484
Japan,JPN,2004,7.5351844
Japan,JPN,2005,7.658186
Japan,JPN,2006,7.6868887
Japan,JPN,2007,7.779357
Japan,JPN,2008,8.089093
Japan,JPN,2009,8.958782
Japan,JPN,2010,9.063006
Japan,JPN,2011,10.487802
Japan,JPN,2012,10.671691
Japan,JPN,2013,10.674387
Japan,JPN,2014,10.729014
Japan,JPN,2015,10.7497
Japan,JPN,2016,10.6589155
Japan,JPN,2017,10.656271
Japan,JPN,2018,10.739882
Japan,JPN,2019,10.969984
Japan,JPN,2020,11.449746
Japan,JPN,2021,12.081082
Japan,JPN,2022,12.322757
Japan,JPN,2023,10.739795
Jordan,JOR,2000,9.343679
Jordan,JOR,2001,9.572364
Jordan,JOR,2002,9.278642
Jordan,JOR,2003,8.78901
Jordan,JOR,2004,8.746705
Jordan,JOR,2005,8.494416
Jordan,JOR,2006,7.679257
Jordan,JOR,2007,7.9098263
Jordan,JOR,2008,8.488806
Jordan,JOR,2009,9.223969
Jordan,JOR,2010,8.170257
Jordan,JOR,2011,8.148077
Jordan,JOR,2012,7.8179955
Jordan,JOR,2013,7.165924
Jordan,JOR,2014,7.208929
Jordan,JOR,2015,7.460956
Jordan,JOR,2016,6.9764414
Jordan,JOR,2017,7.1095366
Jordan,JOR,2018,6.98295
Jordan,JOR,2019,7.0724463
Jordan,JOR,2020,7.5455475
Jordan,JOR,2021,7.697339
Jordan,JOR,2022,7.7362328
Jordan,JOR,2023,7.660006
Kazakhstan,KAZ,2000,4.1603203
Kazakhstan,KAZ,2001,3.4709804
Kazakhstan,KAZ,2002,3.6148138
Kazakhstan,KAZ,2003,3.72335
Kazakhstan,KAZ,2004,3.9830768
Kazakhstan,KAZ,2005,3.9017296
Kazakhstan,KAZ,2006,3.3982484
Kazakhstan,KAZ,2007,2.7031481
Kazakhstan,KAZ,2008,3.0256984
Kazakhstan,KAZ,2009,3.4735563
Kazakhstan,KAZ,2010,2.736414
Kazakhstan,KAZ,2011,2.6023667
Kazakhstan,KAZ,2012,3.0372598
Kazakhstan,KAZ,2013,2.6628675
Kazakhstan,KAZ,2014,2.9746845
Kazakhstan,KAZ,2015,3.0405111
Kazakhstan,KAZ,2016,3.422356
Kazakhstan,KAZ,2017,3.0524447
Kazakhstan,KAZ,2018,2.9006245
Kazakhstan,KAZ,2019,2.8714375
Kazakhstan,KAZ,2020,3.8313382
Kazakhstan,KAZ,2021,3.9870186
Kazakhstan,KAZ,2022,3.74578
Kazakhstan,KAZ,2023,3.7670155
Kenya,KEN,2000,3.6245143
Kenya,KEN,2001,3.7400231
Kenya,KEN,2002,3.8215947
Kenya,KEN,2003,4.033657
Kenya,KEN,2004,4.211595
Kenya,KEN,2005,4.217414
Kenya,KEN,2006,5.0134387
Kenya,KEN,2007,5.1235847
Kenya,KEN,2008,5.190506
Kenya,KEN,2009,5.2917295
Kenya,KEN,2010,5.3884983
Kenya,KEN,2011,5.2021284
Kenya,KEN,2012,5.0180583
Kenya,KEN,2013,4.931004
Kenya,KEN,2014,4.9126735
Kenya,KEN,2015,4.7643957
Kenya,KEN,2016,4.754291
Kenya,KEN,2017,3.985975
Kenya,KEN,2018,4.099034
Kenya,KEN,2019,4.3687468
Kenya,KEN,2020,4.492489
Kenya,KEN,2021,4.569927
Kenya,KEN,2022,4.3224187
Kenya,KEN,2023,4.351729
Kiribati,KIR,2000,7.7737985
Kiribati,KIR,2001,11.905477
Kiribati,KIR,2002,11.4402895
Kiribati,KIR,2003,10.050608
Kiribati,KIR,2004,12.171761
Kiribati,KIR,2005,11.36302
Kiribati,KIR,2006,11.308523
Kiribati,KIR,2007,10.945455
Kiribati,KIR,2008,13.514286
Kiribati,KIR,2009,12.738889
Kiribati,KIR,2010,8.766666
Kiribati,KIR,2011,7.989474
Kiribati,KIR,2012,7.95
Kiribati,KIR,2013,8.708134
Kiribati,KIR,2014,8.954955
Kiribati,KIR,2015,7.2156863
Kiribati,KIR,2016,9.042651
Kiribati,KIR,2017,9.684242
Kiribati,KIR,2018,10.896942
Kiribati,KIR,2019,10.166002
Kiribati,KIR,2020,13.65645
Kiribati,KIR,2021,11.832286
Kiribati,KIR,2022,10.525538
Kiribati,KIR,2023,10.945256
Kuwait,KWT,2000,2.20363
Kuwait,KWT,2001,3.1871963
Kuwait,KWT,2002,3.1244175
Kuwait,KWT,2003,2.760426
Kuwait,KWT,2004,2.3570247
Kuwait,KWT,2005,2.013309
Kuwait,KWT,2006,1.8213098
Kuwait,KWT,2007,1.9267365
Kuwait,KWT,2008,1.924003
Kuwait,KWT,2009,2.7063878
Kuwait,KWT,2010,2.6787992
Kuwait,KWT,2011,2.3330355
Kuwait,KWT,2012,2.3331144
Kuwait,KWT,2013,2.4878929
Kuwait,KWT,2014,2.9159987
Kuwait,KWT,2015,4.2149796
Kuwait,KWT,2016,4.730963
Kuwait,KWT,2017,4.653268
Kuwait,KWT,2018,5.1720185
Kuwait,KWT,2019,5.182004
Kuwait,KWT,2020,6.112952
Kuwait,KWT,2021,5.3727317
Kuwait,KWT,2022,4.2002454
Kuwait,KWT,2023,4.96312
Kyrgyzstan,KGZ,2000,4.4141498
Kyrgyzstan,KGZ,2001,4.2770324
Kyrgyzstan,KGZ,2002,4.5921955
Kyrgyzstan,KGZ,2003,5.823821
Kyrgyzstan,KGZ,2004,6.202813
Kyrgyzstan,KGZ,2005,7.4501066
Kyrgyzstan,KGZ,2006,8.311839
Kyrgyzstan,KGZ,2007,6.9321065
Kyrgyzstan,KGZ,2008,6.525119
Kyrgyzstan,KGZ,2009,6.8987346
Kyrgyzstan,KGZ,2010,6.9502716
Kyrgyzstan,KGZ,2011,7.1072917
Kyrgyzstan,KGZ,2012,8.509664
Kyrgyzstan,KGZ,2013,8.18745
Kyrgyzstan,KGZ,2014,7.3576646
Kyrgyzstan,KGZ,2015,7.149309
Kyrgyzstan,KGZ,2016,6.4124823
Kyrgyzstan,KGZ,2017,6.1858635
Kyrgyzstan,KGZ,2018,5.010309
Kyrgyzstan,KGZ,2019,4.254618
Kyrgyzstan,KGZ,2020,4.93559
Kyrgyzstan,KGZ,2021,5.352756
Kyrgyzstan,KGZ,2022,5.0487494
Kyrgyzstan,KGZ,2023,4.5034447
Laos,LAO,2000,4.275136
Laos,LAO,2001,4.2903166
Laos,LAO,2002,3.6975126
Laos,LAO,2003,4.479207
Laos,LAO,2004,3.5405724
Laos,LAO,2005,3.336732
Laos,LAO,2006,2.9320092
Laos,LAO,2007,3.1298623
Laos,LAO,2008,2.767273
Laos,LAO,2009,3.463004
Laos,LAO,2010,2.9115493
Laos,LAO,2011,1.9445751
Laos,LAO,2012,2.0763757
Laos,LAO,2013,2.3998497
Laos,LAO,2014,2.2984555
Laos,LAO,2015,2.4536645
Laos,LAO,2016,2.360875
Laos,LAO,2017,2.5260682
Laos,LAO,2018,2.2463005
Laos,LAO,2019,2.6031222
Laos,LAO,2020,2.0596519
Laos,LAO,2021,2.74392
Laos,LAO,2022,2.0182548
Laos,LAO,2023,1.3265162
Latvia,LVA,2000,5.571693
Latvia,LVA,2001,5.890922
Latvia,LVA,2002,5.9547777
Latvia,LVA,2003,5.7364483
Latvia,LVA,2004,6.4751854
Latvia,LVA,2005,6.0816174
Latvia,LVA,2006,6.0212708
Latvia,LVA,2007,5.819692
Latvia,LVA,2008,5.866032
Latvia,LVA,2009,6.268324
Latvia,LVA,2010,6.2242036
Latvia,LVA,2011,5.9175825
Latvia,LVA,2012,5.6207504
Latvia,LVA,2013,5.6040483
Latvia,LVA,2014,5.663636
Latvia,LVA,2015,5.849168
Latvia,LVA,2016,6.351845
Latvia,LVA,2017,6.1872187
Latvia,LVA,2018,6.4085426
Latvia,LVA,2019,6.862769
Latvia,LVA,2020,7.5058737
Latvia,LVA,2021,9.410507
Latvia,LVA,2022,8.10443
Latvia,LVA,2023,7.277838
Lebanon,LBN,2000,10.829514
Lebanon,LBN,2001,10.562548
Lebanon,LBN,2002,9.282337
Lebanon,LBN,2003,8.671099
Lebanon,LBN,2004,7.999231
Lebanon,LBN,2005,7.5486765
Lebanon,LBN,2006,8.660579
Lebanon,LBN,2007,8.559842
Lebanon,LBN,2008,7.8175173
Lebanon,LBN,2009,7.0073576
Lebanon,LBN,2010,7.438645
Lebanon,LBN,2011,8.177444
Lebanon,LBN,2012,7.004201
Lebanon,LBN,2013,7.067422
Lebanon,LBN,2014,7.521914
Lebanon,LBN,2015,7.4159665
Lebanon,LBN,2016,7.9234495
Lebanon,LBN,2017,7.8035755
Lebanon,LBN,2018,8.070317
Lebanon,LBN,2019,8.685339
Lebanon,LBN,2020,7.482218
Lebanon,LBN,2021,4.400062
Lebanon,LBN,2022,4.9125595
Lebanon,LBN,2023,5.5749726
Lesotho,LSO,2000,5.156334
Lesotho,LSO,2001,6.590757
Lesotho,LSO,2002,5.86075
Lesotho,LSO,2003,5.3375483
Lesotho,LSO,2004,5.2465854
Lesotho,LSO,2005,4.6745267
Lesotho,LSO,2006,5.405324
Lesotho,LSO,2007,7.2225184
Lesotho,LSO,2008,7.666482
Lesotho,LSO,2009,8.952983
Lesotho,LSO,2010,7.404848
Lesotho,LSO,2011,8.994871
Lesotho,LSO,2012,9.986013
Lesotho,LSO,2013,10.97986
Lesotho,LSO,2014,9.988239
Lesotho,LSO,2015,9.252805
Lesotho,LSO,2016,9.197443
Lesotho,LSO,2017,10.529566
Lesotho,LSO,2018,11.126373
Lesotho,LSO,2019,21.92373
Lesotho,LSO,2020,10.408369
Lesotho,LSO,2021,10.661657
Lesotho,LSO,2022,12.895692
Lesotho,LSO,2023,12.611821
Liberia,LBR,2000,2.692154
Liberia,LBR,2001,2.1558104
Liberia,LBR,2002,2.1646292
Liberia,LBR,2003,2.5184748
Liberia,LBR,2004,5.9050965
Liberia,LBR,2005,6.6949735
Liberia,LBR,2006,5.774266
Liberia,LBR,2007,4.3288493
Liberia,LBR,2008,5.996157
Liberia,LBR,2009,8.985148
Liberia,LBR,2010,8.438602
Liberia,LBR,2011,8.583996
Liberia,LBR,2012,7.629872
Liberia,LBR,2013,7.156104
Liberia,LBR,2014,8.098179
Liberia,LBR,2015,10.382444
Liberia,LBR,2016,9.885145
Liberia,LBR,2017,9.910874
Liberia,LBR,2018,10.435279
Liberia,LBR,2019,8.38326
Liberia,LBR,2020,12.905043
Liberia,LBR,2021,13.27176
Liberia,LBR,2022,13.588197
Liberia,LBR,2023,13.005749
Libya,LBY,2000,3.3190851
Libya,LBY,2001,3.9257162
Libya,LBY,2002,4.738183
Libya,LBY,2003,3.9730124
Libya,LBY,2004,3.383282
Libya,LBY,2005,2.5170715
Libya,LBY,2006,2.2999644
Libya,LBY,2007,2.4192963
Libya,LBY,2008,2.2444189
Libya,LBY,2009,3.5828805
Libya,LBY,2010,3.2806444
Libya,LBY,2011,4.01902
Libya,LBY,2012,3.956121
Libya,LBY,2013,4.9754863
Libya,LBY,2014,5.1777782
Libya,LBY,2015,5.8063865
Libya,LBY,2016,6.171787
Libya,LBY,2017,4.676853
Libya,LBY,2018,4.866484
Libya,LBY,2019,5.5477343
Libya,LBY,2020,7.1067405
Libya,LBY,2021,6.0545745
Libya,LBY,2022,4.744336
Libya,LBY,2023,7.8051586
Liechtenstein,LIE,2013,5.7494297
Liechtenstein,LIE,2014,5.6361566
Liechtenstein,LIE,2015,5.751392
Liechtenstein,LIE,2016,5.852002
Liechtenstein,LIE,2017,5.679685
Liechtenstein,LIE,2018,5.5468802
Liechtenstein,LIE,2019,5.7848377
Liechtenstein,LIE,2020,6.055327
Liechtenstein,LIE,2021,5.384602
Liechtenstein,LIE,2022,5.644091
Liechtenstein,LIE,2023,5.7146072
Lithuania,LTU,2000,6.185593
Lithuania,LTU,2001,6.0019326
Lithuania,LTU,2002,6.1347766
Lithuania,LTU,2003,6.177241
Lithuania,LTU,2004,5.483472
Lithuania,LTU,2005,5.6463757
Lithuania,LTU,2006,5.8572574
Lithuania,LTU,2007,5.759786
Lithuania,LTU,2008,6.290102
Lithuania,LTU,2009,7.3449984
Lithuania,LTU,2010,6.905867
Lithuania,LTU,2011,6.540177
Lithuania,LTU,2012,6.307981
Lithuania,LTU,2013,6.15501
Lithuania,LTU,2014,6.2224445
Lithuania,LTU,2015,6.4739685
Lithuania,LTU,2016,6.649288
Lithuania,LTU,2017,6.4447284
Lithuania,LTU,2018,6.4689617
Lithuania,LTU,2019,6.9447265
Lithuania,LTU,2020,7.4161906
Lithuania,LTU,2021,7.732108
Lithuania,LTU,2022,7.2436795
Lithuania,LTU,2023,7.3180194
Luxembourg,LUX,2000,5.9253387
Luxembourg,LUX,2001,6.3819394
Luxembourg,LUX,2002,6.7609997
Luxembourg,LUX,2003,6.9622145
Luxembourg,LUX,2004,7.2793355
Luxembourg,LUX,2005,7.123282
Luxembourg,LUX,2006,6.636421
Luxembourg,LUX,2007,6.158031
Luxembourg,LUX,2008,6.231011
Luxembourg,LUX,2009,6.9499316
Luxembourg,LUX,2010,6.66263
Luxembourg,LUX,2011,5.9522533
Luxembourg,LUX,2012,5.294043
Luxembourg,LUX,2013,5.235574
Luxembourg,LUX,2014,5.230409
Luxembourg,LUX,2015,5.0811357
Luxembourg,LUX,2016,5.0710387
Luxembourg,LUX,2017,5.1353536
Luxembourg,LUX,2018,5.273552
Luxembourg,LUX,2019,5.466403
Luxembourg,LUX,2020,5.7671175
Luxembourg,LUX,2021,5.608061
Luxembourg,LUX,2022,5.609269
Luxembourg,LUX,2023,5.78778
Madagascar,MDG,2000,3.9917762
Madagascar,MDG,2001,4.1151385
Madagascar,MDG,2002,4.9286695
Madagascar,MDG,2003,5.0027657
Madagascar,MDG,2004,5.2509003
Madagascar,MDG,2005,5.215578
Madagascar,MDG,2006,5.0720387
Madagascar,MDG,2007,4.608658
Madagascar,MDG,2008,4.081118
Madagascar,MDG,2009,4.3846984
Madagascar,MDG,2010,4.6976266
Madagascar,MDG,2011,4.521595
Madagascar,MDG,2012,3.9110591
Madagascar,MDG,2013,3.751563
Madagascar,MDG,2014,4.462403
Madagascar,MDG,2015,5.006254
Madagascar,MDG,2016,5.3324885
Madagascar,MDG,2017,4.8022594
Madagascar,MDG,2018,4.221604
Madagascar,MDG,2019,3.101293
Madagascar,MDG,2020,3.7231612
Madagascar,MDG,2021,3.5533555
Madagascar,MDG,2022,3.1494806
Madagascar,MDG,2023,3.4282296
Malawi,MWI,2000,2.3524752
Malawi,MWI,2001,2.0604005
Malawi,MWI,2002,2.6972597
Malawi,MWI,2003,3.320198
Malawi,MWI,2004,4.071999
Malawi,MWI,2005,4.300465
Malawi,MWI,2006,4.912233
Malawi,MWI,2007,5.4425836
Malawi,MWI,2008,6.106688
Malawi,MWI,2009,5.873338
Malawi,MWI,2010,5.143048
Malawi,MWI,2011,5.3222666
Malawi,MWI,2012,6.021998
Malawi,MWI,2013,8.223795
Malawi,MWI,2014,6.897762
Malawi,MWI,2015,6.628791
Malawi,MWI,2016,7.727038
Malawi,MWI,2017,7.584389
Malawi,MWI,2018,6.882499
Malawi,MWI,2019,6.3702173
Malawi,MWI,2020,7.0385957
Malawi,MWI,2021,7.516463
Malawi,MWI,2022,6.625276
Malawi,MWI,2023,6.534596
Malaysia,MYS,2000,2.5146337
Malaysia,MYS,2001,2.6753974
Malaysia,MYS,2002,2.6687655
Malaysia,MYS,2003,2.9241707
Malaysia,MYS,2004,2.8601694
Malaysia,MYS,2005,2.786927
Malaysia,MYS,2006,3.1089773
Malaysia,MYS,2007,3.0704114
Malaysia,MYS,2008,3.0069256
Malaysia,MYS,2009,3.261057
Malaysia,MYS,2010,3.1647427
Malaysia,MYS,2011,3.3145192
Malaysia,MYS,2012,3.4578636
Malaysia,MYS,2013,3.5127692
Malaysia,MYS,2014,3.7103696
Malaysia,MYS,2015,3.8220148
Malaysia,MYS,2016,3.7008533
Malaysia,MYS,2017,3.714723
Malaysia,MYS,2018,3.7594428
Malaysia,MYS,2019,3.8399105
Malaysia,MYS,2020,4.0825434
Malaysia,MYS,2021,4.3743834
Malaysia,MYS,2022,3.9003782
Malaysia,MYS,2023,3.9576004
Maldives,MDV,2000,7.7365584
Maldives,MDV,2001,8.21365
Maldives,MDV,2002,8.784402
Maldives,MDV,2003,6.7785754
Maldives,MDV,2004,7.4835696
Maldives,MDV,2005,8.827534
Maldives,MDV,2006,8.04819
Maldives,MDV,2007,8.305681
Maldives,MDV,2008,11.471042
Maldives,MDV,2009,10.092881
Maldives,MDV,2010,8.48759
Maldives,MDV,2011,7.922516
Maldives,MDV,2012,8.673048
Maldives,MDV,2013,8.155093
Maldives,MDV,2014,7.9134507
Maldives,MDV,2015,8.683106
Maldives,MDV,2016,10.233371
Maldives,MDV,2017,9.149483
Maldives,MDV,2018,7.2940383
Maldives,MDV,2019,7.502381
Maldives,MDV,2020,11.439432
Maldives,MDV,2021,8.851695
Maldives,MDV,2022,7.4997015
Maldives,MDV,2023,9.249736
Mali,MLI,2000,5.466337
Mali,MLI,2001,4.5195208
Mali,MLI,2002,4.99776
Mali,MLI,2003,5.0506144
Mali,MLI,2004,5.217687
Mali,MLI,2005,5.195173
Mali,MLI,2006,5.455902
Mali,MLI,2007,5.2530427
Mali,MLI,2008,5.0268807
Mali,MLI,2009,5.212257
Mali,MLI,2010,4.6786714
Mali,MLI,2011,4.01485
Mali,MLI,2012,3.75218
Mali,MLI,2013,3.9640858
Mali,MLI,2014,4.481583
Mali,MLI,2015,4.1114335
Mali,MLI,2016,3.7737756
Mali,MLI,2017,3.6742575
Mali,MLI,2018,3.732511
Mali,MLI,2019,3.829438
Mali,MLI,2020,3.5062337
Mali,MLI,2021,3.5431867
Mali,MLI,2022,3.7217011
Mali,MLI,2023,3.81317
Malta,MLT,2000,6.6262136
Malta,MLT,2001,7.029712
Malta,MLT,2002,7.733333
Malta,MLT,2003,7.939175
Malta,MLT,2004,8.039668
Malta,MLT,2005,8.694976
Malta,MLT,2006,8.846597
Malta,MLT,2007,8.18594
Malta,MLT,2008,7.8249016
Malta,MLT,2009,7.8885427
Malta,MLT,2010,7.898572
Malta,MLT,2011,8.318167
Malta,MLT,2012,8.249214
Malta,MLT,2013,8.303196
Malta,MLT,2014,8.88464
Malta,MLT,2015,8.701998
Malta,MLT,2016,8.699281
Malta,MLT,2017,8.313663
Malta,MLT,2018,8.112696
Malta,MLT,2019,8.892822
Malta,MLT,2020,9.854035
Malta,MLT,2021,9.527821
Malta,MLT,2022,9.091054
Malta,MLT,2023,8.843014
Marshall Islands,MHL,2000,13.524676
Marshall Islands,MHL,2001,11.189654
Marshall Islands,MHL,2002,12.066346
Marshall Islands,MHL,2003,13.332434
Marshall Islands,MHL,2004,14.151281
Marshall Islands,MHL,2005,18.452932
Marshall Islands,MHL,2006,22.298548
Marshall Islands,MHL,2007,16.825224
Marshall Islands,MHL,2008,18.979637
Marshall Islands,MHL,2009,18.729288
Marshall Islands,MHL,2010,17.73355
Marshall Islands,MHL,2011,11.359054
Marshall Islands,MHL,2012,11.661544
Marshall Islands,MHL,2013,12.136853
Marshall Islands,MHL,2014,12.044893
Marshall Islands,MHL,2015,14.7821
Marshall Islands,MHL,2016,14.628162
Marshall Islands,MHL,2017,12.024984
Marshall Islands,MHL,2018,14.467239
Marshall Islands,MHL,2019,14.989945
Marshall Islands,MHL,2020,12.124134
Marshall Islands,MHL,2021,12.492571
Marshall Islands,MHL,2022,13.607968
Marshall Islands,MHL,2023,13.40529
Mauritania,MRT,2000,3.3782465
Mauritania,MRT,2001,3.571838
Mauritania,MRT,2002,4.0022497
Mauritania,MRT,2003,4.0325465
Mauritania,MRT,2004,3.704295
Mauritania,MRT,2005,3.4031265
Mauritania,MRT,2006,2.7025275
Mauritania,MRT,2007,2.87644
Mauritania,MRT,2008,3.0133898
Mauritania,MRT,2009,3.1103404
Mauritania,MRT,2010,2.6361892
Mauritania,MRT,2011,2.4738367
Mauritania,MRT,2012,2.6491933
Mauritania,MRT,2013,2.8679988
Mauritania,MRT,2014,3.467244
Mauritania,MRT,2015,3.6736376
Mauritania,MRT,2016,3.186995
Mauritania,MRT,2017,3.4194756
Mauritania,MRT,2018,2.8836255
Mauritania,MRT,2019,3.0917659
Mauritania,MRT,2020,3.0014784
Mauritania,MRT,2021,3.7802253
Mauritania,MRT,2022,4.6696267
Mauritania,MRT,2023,4.3433347
Mauritius,MUS,2000,2.8573465
Mauritius,MUS,2001,2.9215186
Mauritius,MUS,2002,3.1889727
Mauritius,MUS,2003,3.1820161
Mauritius,MUS,2004,3.3165255
Mauritius,MUS,2005,3.5179403
Mauritius,MUS,2006,3.6057365
Mauritius,MUS,2007,3.5232167
Mauritius,MUS,2008,3.938965
Mauritius,MUS,2009,4.1703563
Mauritius,MUS,2010,4.518983
Mauritius,MUS,2011,4.2505965
Mauritius,MUS,2012,4.219934
Mauritius,MUS,2013,4.620821
Mauritius,MUS,2014,5.3802466
Mauritius,MUS,2015,5.5504236
Mauritius,MUS,2016,5.5428953
Mauritius,MUS,2017,5.5985727
Mauritius,MUS,2018,5.603102
Mauritius,MUS,2019,5.6950817
Mauritius,MUS,2020,6.0960603
Mauritius,MUS,2021,6.616084
Mauritius,MUS,2022,5.8420973
Mauritius,MUS,2023,5.565445
Mexico,MEX,2000,4.244365
Mexico,MEX,2001,4.5820136
Mexico,MEX,2002,4.830428
Mexico,MEX,2003,5.539788
Mexico,MEX,2004,5.683502
Mexico,MEX,2005,5.5811014
Mexico,MEX,2006,5.406479
Mexico,MEX,2007,5.5066805
Mexico,MEX,2008,5.4458737
Mexico,MEX,2009,5.8478646
Mexico,MEX,2010,5.4897337
Mexico,MEX,2011,5.30093
Mexico,MEX,2012,5.421405
Mexico,MEX,2013,5.5773263
Mexico,MEX,2014,5.353368
Mexico,MEX,2015,5.527386
Mexico,MEX,2016,5.38499
Mexico,MEX,2017,5.311794
Mexico,MEX,2018,5.238214
Mexico,MEX,2019,5.3013463
Mexico,MEX,2020,6.052486
Mexico,MEX,2021,5.87678
Mexico,MEX,2022,5.709197
Mexico,MEX,2023,5.503987
Micronesia (country),FSM,2000,7.7651114
Micronesia (country),FSM,2001,8.48782
Micronesia (country),FSM,2002,7.9630136
Micronesia (country),FSM,2003,9.650283
Micronesia (country),FSM,2004,12.235387
Micronesia (country),FSM,2005,17.948448
Micronesia (country),FSM,2006,10.870187
Micronesia (country),FSM,2007,11.233342
Micronesia (country),FSM,2008,12.083267
Micronesia (country),FSM,2009,12.688541
Micronesia (country),FSM,2010,13.3306675
Micronesia (country),FSM,2011,13.222826
Micronesia (country),FSM,2012,12.390774
Micronesia (country),FSM,2013,12.21771
Micronesia (country),FSM,2014,11.834918
Micronesia (country),FSM,2015,12.623412
Micronesia (country),FSM,2016,13.334811
Micronesia (country),FSM,2017,12.407425
Micronesia (country),FSM,2018,11.939613
Micronesia (country),FSM,2019,11.8736315
Micronesia (country),FSM,2020,11.984793
Micronesia (country),FSM,2021,11.374305
Micronesia (country),FSM,2022,12.62719
Micronesia (country),FSM,2023,12.880876
Moldova,MDA,2000,5.9268727
Moldova,MDA,2001,6.2344975
Moldova,MDA,2002,7.4043765
Moldova,MDA,2003,7.022276
Moldova,MDA,2004,8.971149
Moldova,MDA,2005,9.558148
Moldova,MDA,2006,10.544453
Moldova,MDA,2007,11.020668
Moldova,MDA,2008,10.949201
Moldova,MDA,2009,13.676624
Moldova,MDA,2010,10.131128
Moldova,MDA,2011,9.096704
Moldova,MDA,2012,9.139621
Moldova,MDA,2013,8.683003
Moldova,MDA,2014,8.73206
Moldova,MDA,2015,8.5001335
Moldova,MDA,2016,7.6210623
Moldova,MDA,2017,7.127804
Moldova,MDA,2018,6.7076035
Moldova,MDA,2019,6.4966245
Moldova,MDA,2020,7.0048404
Moldova,MDA,2021,7.7490406
Moldova,MDA,2022,6.965054
Moldova,MDA,2023,6.7359705
Monaco,MCO,2000,3.6951785
Monaco,MCO,2001,3.7540925
Monaco,MCO,2002,3.8090076
Monaco,MCO,2003,4.432289
Monaco,MCO,2004,4.524766
Monaco,MCO,2005,4.502888
Monaco,MCO,2006,4.2961125
Monaco,MCO,2007,3.812329
Monaco,MCO,2008,4.084344
Monaco,MCO,2009,4.842222
Monaco,MCO,2010,4.958329
Monaco,MCO,2011,4.6354504
Monaco,MCO,2012,4.7567677
Monaco,MCO,2013,4.5739613
Monaco,MCO,2014,4.4414835
Monaco,MCO,2015,4.314868
Monaco,MCO,2016,4.1231184
Monaco,MCO,2017,4.1611953
Monaco,MCO,2018,4.047868
Monaco,MCO,2019,3.8799381
Monaco,MCO,2020,4.286527
Monaco,MCO,2021,3.6749463
Monaco,MCO,2022,3.3948803
Monaco,MCO,2023,3.119593
Mongolia,MNG,2000,6.0760508
Mongolia,MNG,2001,5.4423995
Mongolia,MNG,2002,5.49191
Mongolia,MNG,2003,4.2976894
Mongolia,MNG,2004,4.302045
Mongolia,MNG,2005,3.8645627
Mongolia,MNG,2006,3.749715
Mongolia,MNG,2007,4.0752277
Mongolia,MNG,2008,4.55693
Mongolia,MNG,2009,4.4598007
Mongolia,MNG,2010,3.7394564
Mongolia,MNG,2011,3.5861208
Mongolia,MNG,2012,3.8580008
Mongolia,MNG,2013,4.08932
Mongolia,MNG,2014,4.2098975
Mongolia,MNG,2015,4.2315454
Mongolia,MNG,2016,4.5800858
Mongolia,MNG,2017,4.339542
Mongolia,MNG,2018,4.534493
Mongolia,MNG,2019,4.49498
Mongolia,MNG,2020,4.666249
Mongolia,MNG,2021,7.2104273
Mongolia,MNG,2022,8.851702
Mongolia,MNG,2023,6.072075
Montenegro,MNE,2011,7.966922
Montenegro,MNE,2012,8.295505
Montenegro,MNE,2013,8.471446
Montenegro,MNE,2014,8.000868
Montenegro,MNE,2015,9.021888
Montenegro,MNE,2016,8.63303
Montenegro,MNE,2017,7.982554
Montenegro,MNE,2018,8.343555
Montenegro,MNE,2019,8.329832
Montenegro,MNE,2020,11.421776
Montenegro,MNE,2021,10.5838
Montenegro,MNE,2022,10.190818
Montenegro,MNE,2023,9.654992
Morocco,MAR,2000,3.6930459
Morocco,MAR,2001,3.816012
Morocco,MAR,2002,4.0611753
Morocco,MAR,2003,4.080375
Morocco,MAR,2004,4.232111
Morocco,MAR,2005,4.3735065
Morocco,MAR,2006,4.5658665
Morocco,MAR,2007,4.80759
Morocco,MAR,2008,4.8378916
Morocco,MAR,2009,5.273122
Morocco,MAR,2010,5.4186106
Morocco,MAR,2011,5.370194
Morocco,MAR,2012,5.39619
Morocco,MAR,2013,5.2554054
Morocco,MAR,2014,5.416266
Morocco,MAR,2015,5.104356
Morocco,MAR,2016,5.092034
Morocco,MAR,2017,4.989204
Morocco,MAR,2018,4.9451666
Morocco,MAR,2019,5.020401
Morocco,MAR,2020,5.789395
Morocco,MAR,2021,5.453145
Morocco,MAR,2022,5.75281
Morocco,MAR,2023,6.063962
Mozambique,MOZ,2000,2.1425304
Mozambique,MOZ,2001,2.8009822
Mozambique,MOZ,2002,3.1865265
Mozambique,MOZ,2003,3.2509537
Mozambique,MOZ,2004,3.5306265
Mozambique,MOZ,2005,4.2143564
Mozambique,MOZ,2006,3.9455903
Mozambique,MOZ,2007,3.7995555
Mozambique,MOZ,2008,4.1349683
Mozambique,MOZ,2009,5.0556235
Mozambique,MOZ,2010,5.2924967
Mozambique,MOZ,2011,4.921764
Mozambique,MOZ,2012,5.140357
Mozambique,MOZ,2013,6.0455604
Mozambique,MOZ,2014,6.2401304
Mozambique,MOZ,2015,6.609729
Mozambique,MOZ,2016,7.2150187
Mozambique,MOZ,2017,7.8053217
Mozambique,MOZ,2018,7.9790335
Mozambique,MOZ,2019,7.9020743
Mozambique,MOZ,2020,7.5519004
Mozambique,MOZ,2021,8.648414
Mozambique,MOZ,2022,8.248681
Mozambique,MOZ,2023,8.501266
Myanmar,MMR,2000,2.0078197
Myanmar,MMR,2001,2.1620898
Myanmar,MMR,2002,2.5944676
Myanmar,MMR,2003,2.3959713
Myanmar,MMR,2004,2.3325377
Myanmar,MMR,2005,2.3447094
Myanmar,MMR,2006,2.2655919
Myanmar,MMR,2007,2.0360687
Myanmar,MMR,2008,2.1217532
Myanmar,MMR,2009,2.172837
Myanmar,MMR,2010,1.9679378
Myanmar,MMR,2011,1.9507781
Myanmar,MMR,2012,2.4360523
Myanmar,MMR,2013,3.1111202
Myanmar,MMR,2014,4.149409
Myanmar,MMR,2015,5.1971154
Myanmar,MMR,2016,4.7622094
Myanmar,MMR,2017,4.692126
Myanmar,MMR,2018,4.5351467
Myanmar,MMR,2019,3.814466
Myanmar,MMR,2020,4.278087
Myanmar,MMR,2021,5.5353065
Myanmar,MMR,2022,4.491585
Myanmar,MMR,2023,4.4574842
Namibia,NAM,2000,10.045453
Namibia,NAM,2001,10.465676
Namibia,NAM,2002,10.478712
Namibia,NAM,2003,10.744746
Namibia,NAM,2004,10.885438
Namibia,NAM,2005,10.825065
Namibia,NAM,2006,11.3029
Namibia,NAM,2007,11.413729
Namibia,NAM,2008,10.67727
Namibia,NAM,2009,9.904353
Namibia,NAM,2010,10.622789
Namibia,NAM,2011,10.860683
Namibia,NAM,2012,10.203602
Namibia,NAM,2013,10.088876
Namibia,NAM,2014,8.40891
Namibia,NAM,2015,9.981063
Namibia,NAM,2016,9.32231
Namibia,NAM,2017,8.713485
Namibia,NAM,2018,8.621483
Namibia,NAM,2019,8.858058
Namibia,NAM,2020,9.560602
Namibia,NAM,2021,10.196447
Namibia,NAM,2022,9.621988
Namibia,NAM,2023,9.482516
Nauru,NRU,2000,18.966713
Nauru,NRU,2001,16.2233
Nauru,NRU,2002,13.808125
Nauru,NRU,2003,9.9744425
Nauru,NRU,2004,6.8788958
Nauru,NRU,2005,10.820818
Nauru,NRU,2006,12.417615
Nauru,NRU,2007,24.23069
Nauru,NRU,2008,23.004093
Nauru,NRU,2009,12.3157625
Nauru,NRU,2010,12.696401
Nauru,NRU,2011,9.971237
Nauru,NRU,2012,8.84149
Nauru,NRU,2013,9.568994
Nauru,NRU,2014,8.121445
Nauru,NRU,2015,13.913319
Nauru,NRU,2016,10.952517
Nauru,NRU,2017,11.488645
Nauru,NRU,2018,11.090157
Nauru,NRU,2019,11.561557
Nauru,NRU,2020,11.556502
Nauru,NRU,2021,10.853991
Nauru,NRU,2022,18.342293
Nauru,NRU,2023,18.21076
Nepal,NPL,2000,3.1329207
Nepal,NPL,2001,3.812299
Nepal,NPL,2002,3.9386334
Nepal,NPL,2003,3.856073
Nepal,NPL,2004,4.046299
Nepal,NPL,2005,3.9509532
Nepal,NPL,2006,3.5440245
Nepal,NPL,2007,3.6729748
Nepal,NPL,2008,3.8175635
Nepal,NPL,2009,3.9017951
Nepal,NPL,2010,4.3613153
Nepal,NPL,2011,4.452202
Nepal,NPL,2012,4.4907875
Nepal,NPL,2013,4.63013
Nepal,NPL,2014,5.075494
Nepal,NPL,2015,5.4661555
Nepal,NPL,2016,5.42379
Nepal,NPL,2017,4.7217402
Nepal,NPL,2018,4.528454
Nepal,NPL,2019,4.445247
Nepal,NPL,2020,5.2080965
Nepal,NPL,2021,5.534983
Nepal,NPL,2022,6.529503
Nepal,NPL,2023,6.158437
Netherlands,NLD,2000,7.703824
Netherlands,NLD,2001,8.041769
Netherlands,NLD,2002,8.6187935
Netherlands,NLD,2003,9.019793
Netherlands,NLD,2004,9.071567
Netherlands,NLD,2005,9.059846
Netherlands,NLD,2006,9.035755
Netherlands,NLD,2007,9.000522
Netherlands,NLD,2008,9.218193
Netherlands,NLD,2009,9.90839
Netherlands,NLD,2010,10.094522
Netherlands,NLD,2011,10.145378
Netherlands,NLD,2012,10.454673
Netherlands,NLD,2013,10.502474
Netherlands,NLD,2014,10.456996
Netherlands,NLD,2015,10.18858
Netherlands,NLD,2016,9.891484
Netherlands,NLD,2017,9.937125
Netherlands,NLD,2018,9.85084
Netherlands,NLD,2019,9.936163
Netherlands,NLD,2020,10.949547
Netherlands,NLD,2021,11.13499
Netherlands,NLD,2022,10.031092
Netherlands,NLD,2023,9.8315
New Zealand,NZL,2000,7.4699597
New Zealand,NZL,2001,7.578936
New Zealand,NZL,2002,7.9003425
New Zealand,NZL,2003,7.7217994
New Zealand,NZL,2004,7.900957
New Zealand,NZL,2005,8.273247
New Zealand,NZL,2006,8.638467
New Zealand,NZL,2007,8.3289995
New Zealand,NZL,2008,8.651337
New Zealand,NZL,2009,9.135664
New Zealand,NZL,2010,9.095111
New Zealand,NZL,2011,9.107482
New Zealand,NZL,2012,9.202432
New Zealand,NZL,2013,8.939355
New Zealand,NZL,2014,8.972041
New Zealand,NZL,2015,8.889206
New Zealand,NZL,2016,8.76869
New Zealand,NZL,2017,8.617958
New Zealand,NZL,2018,8.56967
New Zealand,NZL,2019,8.618987
New Zealand,NZL,2020,9.252402
New Zealand,NZL,2021,9.550724
New Zealand,NZL,2022,10.568146
New Zealand,NZL,2023,10.129477
Nicaragua,NIC,2000,5.238837
Nicaragua,NIC,2001,5.4845977
Nicaragua,NIC,2002,5.7331586
Nicaragua,NIC,2003,6.083176
Nicaragua,NIC,2004,6.0574036
Nicaragua,NIC,2005,6.2246895
Nicaragua,NIC,2006,6.3575644
Nicaragua,NIC,2007,6.9564304
Nicaragua,NIC,2008,7.167007
Nicaragua,NIC,2009,7.685844
Nicaragua,NIC,2010,7.7101917
Nicaragua,NIC,2011,7.44982
Nicaragua,NIC,2012,7.488369
Nicaragua,NIC,2013,7.6386924
Nicaragua,NIC,2014,7.9771614
Nicaragua,NIC,2015,7.9630327
Nicaragua,NIC,2016,8.048776
Nicaragua,NIC,2017,8.327544
Nicaragua,NIC,2018,8.4993515
Nicaragua,NIC,2019,8.500371
Nicaragua,NIC,2020,8.557393
Nicaragua,NIC,2021,9.549849
Nicaragua,NIC,2022,8.978827
Nicaragua,NIC,2023,8.298793
Niger,NER,2000,4.658915
Niger,NER,2001,4.7265935
Niger,NER,2002,4.8271704
Niger,NER,2003,4.7474065
Niger,NER,2004,4.9781833
Niger,NER,2005,5.8774962
Niger,NER,2006,5.9933558
Niger,NER,2007,5.431059
Niger,NER,2008,5.246406
Niger,NER,2009,5.3385015
Niger,NER,2010,4.9610047
Niger,NER,2011,4.8732386
Niger,NER,2012,4.307327
Niger,NER,2013,4.46636
Niger,NER,2014,4.4537716
Niger,NER,2015,5.3474593
Niger,NER,2016,4.5323906
Niger,NER,2017,5.576096
Niger,NER,2018,5.303108
Niger,NER,2019,5.666421
Niger,NER,2020,6.1701226
Niger,NER,2021,5.8145275
Niger,NER,2022,4.349805
Niger,NER,2023,4.048958
Nigeria,NGA,2000,3.1973834
Nigeria,NGA,2001,3.1894686
Nigeria,NGA,2002,2.4906397
Nigeria,NGA,2003,5.05361
Nigeria,NGA,2004,4.633684
Nigeria,NGA,2005,4.4659195
Nigeria,NGA,2006,4.2577515
Nigeria,NGA,2007,3.9099724
Nigeria,NGA,2008,3.6958153
Nigeria,NGA,2009,3.580197
Nigeria,NGA,2010,3.2965329
Nigeria,NGA,2011,3.3207793
Nigeria,NGA,2012,3.3598425
Nigeria,NGA,2013,3.4206934
Nigeria,NGA,2014,3.3484042
Nigeria,NGA,2015,3.58195
Nigeria,NGA,2016,3.6477368
Nigeria,NGA,2017,3.747625
Nigeria,NGA,2018,3.0906935
Nigeria,NGA,2019,2.9854705
Nigeria,NGA,2020,3.3806343
Nigeria,NGA,2021,4.076257
Nigeria,NGA,2022,4.0426903
Nigeria,NGA,2023,3.86158
Niue,NIU,2000,7.925661
Niue,NIU,2001,38.13646
Niue,NIU,2002,11.112933
Niue,NIU,2003,9.526665
Niue,NIU,2004,17.34155
Niue,NIU,2005,11.654047
Niue,NIU,2006,79.732925
Niue,NIU,2007,16.034208
Niue,NIU,2008,25.744392
Niue,NIU,2009,31.050987
Niue,NIU,2010,13.11418
Niue,NIU,2011,20.504795
Niue,NIU,2012,9.256626
Niue,NIU,2013,9.886174
Niue,NIU,2014,10.930905
Niue,NIU,2015,8.636238
Niue,NIU,2016,7.622278
Niue,NIU,2017,8.516591
Niue,NIU,2018,7.967127
Niue,NIU,2019,7.2362924
Niue,NIU,2020,9.13783
Niue,NIU,2021,15.082194
Niue,NIU,2022,17.245304
Niue,NIU,2023,16.140026
North Macedonia,MKD,2000,8.869915
North Macedonia,MKD,2001,8.381592
North Macedonia,MKD,2002,8.97827
North Macedonia,MKD,2003,9.008577
North Macedonia,MKD,2004,8.4650545
North Macedonia,MKD,2005,7.6790752
North Macedonia,MKD,2006,7.383146
North Macedonia,MKD,2007,6.5706534
North Macedonia,MKD,2008,6.553176
North Macedonia,MKD,2009,6.528464
North Macedonia,MKD,2010,6.713697
North Macedonia,MKD,2011,6.5188737
North Macedonia,MKD,2012,6.6146836
North Macedonia,MKD,2013,6.7192836
North Macedonia,MKD,2014,6.2899337
North Macedonia,MKD,2015,6.342279
North Macedonia,MKD,2016,6.3794336
North Macedonia,MKD,2017,6.4390945
North Macedonia,MKD,2018,6.4569936
North Macedonia,MKD,2019,7.066541
North Macedonia,MKD,2020,7.732124
North Macedonia,MKD,2021,8.418512
North Macedonia,MKD,2022,7.4216475
North Macedonia,MKD,2023,7.427303
Norway,NOR,2000,7.702706
Norway,NOR,2001,8.009725
Norway,NOR,2002,8.982671
Norway,NOR,2003,9.193551
Norway,NOR,2004,8.795983
Norway,NOR,2005,8.298995
Norway,NOR,2006,7.8823
Norway,NOR,2007,8.01674
Norway,NOR,2008,7.9150767
Norway,NOR,2009,9.032541
Norway,NOR,2010,8.858115
Norway,NOR,2011,8.73474
Norway,NOR,2012,8.721886
Norway,NOR,2013,8.874313
Norway,NOR,2014,9.282979
Norway,NOR,2015,10.069922
Norway,NOR,2016,10.530498
Norway,NOR,2017,10.229836
Norway,NOR,2018,9.960379
Norway,NOR,2019,10.438075
Norway,NOR,2020,11.424164
Norway,NOR,2021,9.814264
Norway,NOR,2022,7.9087305
Norway,NOR,2023,9.429255
Oman,OMN,2000,2.6848543
Oman,OMN,2001,2.7007372
Oman,OMN,2002,2.7773716
Oman,OMN,2003,2.7752445
Oman,OMN,2004,2.596601
Oman,OMN,2005,2.2647905
Oman,OMN,2006,2.0198512
Oman,OMN,2007,2.113711
Oman,OMN,2008,1.7556757
Oman,OMN,2009,2.469458
Oman,OMN,2010,2.4758859
Oman,OMN,2011,2.236114
Oman,OMN,2012,2.2770283
Oman,OMN,2013,2.505401
Oman,OMN,2014,3.1374013
Oman,OMN,2015,4.0782623
Oman,OMN,2016,4.1758084
Oman,OMN,2017,3.9541867
Oman,OMN,2018,3.2146947
Oman,OMN,2019,3.80649
Oman,OMN,2020,5.1192293
Oman,OMN,2021,4.3446865
Oman,OMN,2022,3.0661404
Oman,OMN,2023,3.4904745
Pakistan,PAK,2000,2.4807932
Pakistan,PAK,2001,2.3395972
Pakistan,PAK,2002,2.422199
Pakistan,PAK,2003,2.103992
Pakistan,PAK,2004,2.0366628
Pakistan,PAK,2005,2.373239
Pakistan,PAK,2006,2.731325
Pakistan,PAK,2007,2.6237073
Pakistan,PAK,2008,2.5680673
Pakistan,PAK,2009,2.4999588
Pakistan,PAK,2010,2.4296765
Pakistan,PAK,2011,2.2312133
Pakistan,PAK,2012,2.2218528
Pakistan,PAK,2013,2.4164784
Pakistan,PAK,2014,2.4889908
Pakistan,PAK,2015,2.4949327
Pakistan,PAK,2016,2.5702636
Pakistan,PAK,2017,2.786301
Pakistan,PAK,2018,2.8284495
Pakistan,PAK,2019,2.8473694
Pakistan,PAK,2020,2.9527302
Pakistan,PAK,2021,2.9901583
Pakistan,PAK,2022,2.9035478
Pakistan,PAK,2023,2.5198832
Palau,PLW,2000,8.637289
Palau,PLW,2001,7.7965946
Palau,PLW,2002,7.2869115
Palau,PLW,2003,8.095788
Palau,PLW,2004,9.134798
Palau,PLW,2005,8.6317425
Palau,PLW,2006,8.739992
Palau,PLW,2007,8.837099
Palau,PLW,2008,8.413782
Palau,PLW,2009,9.630574
Palau,PLW,2010,10.931
Palau,PLW,2011,9.943211
Palau,PLW,2012,10.246091
Palau,PLW,2013,10.926917
Palau,PLW,2014,10.711115
Palau,PLW,2015,9.763253
Palau,PLW,2016,10.01227
Palau,PLW,2017,10.90419
Palau,PLW,2018,11.191098
Palau,PLW,2019,12.174058
Palau,PLW,2020,13.315411
Palau,PLW,2021,14.55276
Palau,PLW,2022,14.878421
Palau,PLW,2023,10.854682
Palestine,PSE,2000,9.465412
Palestine,PSE,2001,10.315458
Palestine,PSE,2002,11.046741
Palestine,PSE,2003,9.558971
Palestine,PSE,2004,11.379288
Palestine,PSE,2005,10.995571
Palestine,PSE,2006,10.502402
Palestine,PSE,2007,9.58784
Palestine,PSE,2008,10.5261
Palestine,PSE,2009,10.764684
Palestine,PSE,2010,9.104994
Palestine,PSE,2011,11.346225
Palestine,PSE,2012,10.301105
Palestine,PSE,2013,10.448744
Palestine,PSE,2014,9.920156
Palestine,PSE,2015,9.284733
Palestine,PSE,2016,9.003985
Palestine,PSE,2017,9.122353
Palestine,PSE,2018,9.656177
Palestine,PSE,2019,9.185769
Palestine,PSE,2020,10.276102
Palestine,PSE,2021,10.434735
Palestine,PSE,2022,9.706139
Palestine,PSE,2023,10.733439
Panama,PAN,2000,6.984866
Panama,PAN,2001,6.9184985
Panama,PAN,2002,7.0564384
Panama,PAN,2003,6.7117667
Panama,PAN,2004,7.0819283
Panama,PAN,2005,6.206666
Panama,PAN,2006,6.5460486
Panama,PAN,2007,7.3522763
Panama,PAN,2008,6.8045254
Panama,PAN,2009,6.9857955
Panama,PAN,2010,7.2233257
Panama,PAN,2011,6.8319626
Panama,PAN,2012,6.5045066
Panama,PAN,2013,6.5221043
Panama,PAN,2014,6.915321
Panama,PAN,2015,6.936985
Panama,PAN,2016,7.093781
Panama,PAN,2017,7.1649265
Panama,PAN,2018,7.6013293
Panama,PAN,2019,8.135418
Panama,PAN,2020,10.2163
Panama,PAN,2021,9.135711
Panama,PAN,2022,9.045789
Panama,PAN,2023,8.33023
Papua New Guinea,PNG,2000,2.0184176
Papua New Guinea,PNG,2001,2.3006382
Papua New Guinea,PNG,2002,2.7756295
Papua New Guinea,PNG,2003,2.4531486
Papua New Guinea,PNG,2004,2.593729
Papua New Guinea,PNG,2005,2.4487405
Papua New Guinea,PNG,2006,2.4260032
Papua New Guinea,PNG,2007,2.4210212
Papua New Guinea,PNG,2008,2.1352606
Papua New Guinea,PNG,2009,2.3293753
Papua New Guinea,PNG,2010,2.1075602
Papua New Guinea,PNG,2011,2.293978
Papua New Guinea,PNG,2012,2.6669354
Papua New Guinea,PNG,2013,2.997279
Papua New Guinea,PNG,2014,3.2711906
Papua New Guinea,PNG,2015,1.8188171
Papua New Guinea,PNG,2016,2.3306305
Papua New Guinea,PNG,2017,2.2297099
Papua New Guinea,PNG,2018,2.300519
Papua New Guinea,PNG,2019,2.3253386
Papua New Guinea,PNG,2020,2.3019397
Papua New Guinea,PNG,2021,2.3399472
Papua New Guinea,PNG,2022,2.6146314
Papua New Guinea,PNG,2023,2.8708143
Paraguay,PRY,2000,6.0186524
Paraguay,PRY,2001,5.608158
Paraguay,PRY,2002,4.7577057
Paraguay,PRY,2003,4.907039
Paraguay,PRY,2004,4.9322433
Paraguay,PRY,2005,4.829347
Paraguay,PRY,2006,5.0192757
Paraguay,PRY,2007,5.020427
Paraguay,PRY,2008,5.0377603
Paraguay,PRY,2009,5.5249686
Paraguay,PRY,2010,5.4659395
Paraguay,PRY,2011,5.8222585
Paraguay,PRY,2012,6.531446
Paraguay,PRY,2013,6.064285
Paraguay,PRY,2014,6.6271906
Paraguay,PRY,2015,6.691658
Paraguay,PRY,2016,6.6755657
Paraguay,PRY,2017,6.6090255
Paraguay,PRY,2018,6.7449765
Paraguay,PRY,2019,7.160819
Paraguay,PRY,2020,7.6753306
Paraguay,PRY,2021,8.03277
Paraguay,PRY,2022,7.7353783
Paraguay,PRY,2023,8.357313
Peru,PER,2000,4.4148264
Peru,PER,2001,4.72161
Peru,PER,2002,4.939026
Peru,PER,2003,4.587038
Peru,PER,2004,4.429723
Peru,PER,2005,4.665985
Peru,PER,2006,4.409585
Peru,PER,2007,4.426113
Peru,PER,2008,4.5309834
Peru,PER,2009,4.959769
Peru,PER,2010,4.7058296
Peru,PER,2011,4.5221686
Peru,PER,2012,4.729396
Peru,PER,2013,4.7127266
Peru,PER,2014,4.909673
Peru,PER,2015,4.9045362
Peru,PER,2016,4.893533
Peru,PER,2017,4.809155
Peru,PER,2018,5.0835557
Peru,PER,2019,5.1252527
Peru,PER,2020,6.347394
Peru,PER,2021,6.6730943
Peru,PER,2022,6.0974617
Peru,PER,2023,5.637864
Philippines,PHL,2000,3.0551236
Philippines,PHL,2001,2.8477597
Philippines,PHL,2002,2.6376739
Philippines,PHL,2003,3.076635
Philippines,PHL,2004,3.0468533
Philippines,PHL,2005,3.7425303
Philippines,PHL,2006,3.7776294
Philippines,PHL,2007,3.7531807
Philippines,PHL,2008,3.8631592
Philippines,PHL,2009,4.1645193
Philippines,PHL,2010,4.1310787
Philippines,PHL,2011,4.0251856
Philippines,PHL,2012,4.177092
Philippines,PHL,2013,4.274087
Philippines,PHL,2014,3.7031367
Philippines,PHL,2015,3.898275
Philippines,PHL,2016,3.9548433
Philippines,PHL,2017,3.9604278
Philippines,PHL,2018,3.9538188
Philippines,PHL,2019,4.16646
Philippines,PHL,2020,5.1621404
Philippines,PHL,2021,5.9750056
Philippines,PHL,2022,5.155884
Philippines,PHL,2023,5.1012254
Poland,POL,2000,5.2654824
Poland,POL,2001,5.6401014
Poland,POL,2002,6.048284
Poland,POL,2003,5.933758
Poland,POL,2004,5.8418565
Poland,POL,2005,5.7907386
Poland,POL,2006,5.7814837
Poland,POL,2007,5.863901
Poland,POL,2008,6.351968
Poland,POL,2009,6.5703773
Poland,POL,2010,6.4353347
Poland,POL,2011,6.245336
Poland,POL,2012,6.2285404
Poland,POL,2013,6.449937
Poland,POL,2014,6.390595
Poland,POL,2015,6.3649035
Poland,POL,2016,6.547044
Poland,POL,2017,6.5371323
Poland,POL,2018,6.2509413
Poland,POL,2019,6.3890696
Poland,POL,2020,6.427391
Poland,POL,2021,6.365481
Poland,POL,2022,6.466198
Poland,POL,2023,7.138488
Portugal,PRT,2000,8.601042
Portugal,PRT,2001,8.627516
Portugal,PRT,2002,8.786429
Portugal,PRT,2003,9.124157
Portugal,PRT,2004,9.532508
Portugal,PRT,2005,9.653068
Portugal,PRT,2006,9.354226
Portugal,PRT,2007,9.251866
Portugal,PRT,2008,9.583078
Portugal,PRT,2009,10.130704
Portugal,PRT,2010,10.018584
Portugal,PRT,2011,9.718474
Portugal,PRT,2012,9.640002
Portugal,PRT,2013,9.394761
Portugal,PRT,2014,9.335708
Portugal,PRT,2015,9.333099
Portugal,PRT,2016,9.399893
Portugal,PRT,2017,9.32669
Portugal,PRT,2018,9.42121
Portugal,PRT,2019,9.508686
Portugal,PRT,2020,10.5207405
Portugal,PRT,2021,11.220315
Portugal,PRT,2022,10.549224
Portugal,PRT,2023,10.027612
Qatar,QAT,2000,1.972585
Qatar,QAT,2001,2.3197093
Qatar,QAT,2002,2.4604406
Qatar,QAT,2003,3.5025718
Qatar,QAT,2004,3.1831174
Qatar,QAT,2005,2.5630004
Qatar,QAT,2006,2.288064
Qatar,QAT,2007,2.0700805
Qatar,QAT,2008,1.6377535
Qatar,QAT,2009,2.383563
Qatar,QAT,2010,1.8701776
Qatar,QAT,2011,1.599962
Qatar,QAT,2012,1.7482215
Qatar,QAT,2013,2.0762017
Qatar,QAT,2014,2.4229357
Qatar,QAT,2015,3.6358135
Qatar,QAT,2016,3.5497143
Qatar,QAT,2017,3.2123709
Qatar,QAT,2018,2.9617622
Qatar,QAT,2019,3.1846871
Qatar,QAT,2020,3.818722
Qatar,QAT,2021,2.8927927
Qatar,QAT,2022,2.1861331
Qatar,QAT,2023,2.5235882
Romania,ROU,2000,4.2087617
Romania,ROU,2001,4.3759813
Romania,ROU,2002,4.5769463
Romania,ROU,2003,5.371368
Romania,ROU,2004,5.477336
Romania,ROU,2005,5.527782
Romania,ROU,2006,5.0710607
Romania,ROU,2007,5.0222335
Romania,ROU,2008,5.022772
Romania,ROU,2009,5.2781625
Romania,ROU,2010,5.638827
Romania,ROU,2011,4.47504
Romania,ROU,2012,4.509391
Romania,ROU,2013,5.2240696
Romania,ROU,2014,5.0276823
Romania,ROU,2015,4.94292
Romania,ROU,2016,5.0801277
Romania,ROU,2017,5.1887856
Romania,ROU,2018,5.514549
Romania,ROU,2019,5.6992464
Romania,ROU,2020,6.209597
Romania,ROU,2021,6.45247
Romania,ROU,2022,5.7982326
Romania,ROU,2023,5.709015
Russia,RUS,2000,5.019898
Russia,RUS,2001,5.242848
Russia,RUS,2002,5.5216656
Russia,RUS,2003,5.163689
Russia,RUS,2004,4.7603755
Russia,RUS,2005,4.771775
Russia,RUS,2006,4.766544
Russia,RUS,2007,4.7479253
Russia,RUS,2008,4.903641
Russia,RUS,2009,5.6439247
Russia,RUS,2010,4.971118
Russia,RUS,2011,4.7949147
Russia,RUS,2012,4.9363728
Russia,RUS,2013,5.0810485
Russia,RUS,2014,5.182094
Russia,RUS,2015,5.2960463
Russia,RUS,2016,5.2897034
Russia,RUS,2017,5.3589005
Russia,RUS,2018,5.355208
Russia,RUS,2019,5.648491
Russia,RUS,2020,8.04076
Russia,RUS,2021,7.029914
Russia,RUS,2022,6.878866
Russia,RUS,2023,7.044385
Rwanda,RWA,2000,3.5758343
Rwanda,RWA,2001,3.3159997
Rwanda,RWA,2002,3.127873
Rwanda,RWA,2003,6.9288874
Rwanda,RWA,2004,7.5085697
Rwanda,RWA,2005,7.71997
Rwanda,RWA,2006,7.6051197
Rwanda,RWA,2007,7.8626223
Rwanda,RWA,2008,7.559719
Rwanda,RWA,2009,7.799514
Rwanda,RWA,2010,8.081855
Rwanda,RWA,2011,7.9323378
Rwanda,RWA,2012,8.102147
Rwanda,RWA,2013,6.7738876
Rwanda,RWA,2014,6.98449
Rwanda,RWA,2015,6.650613
Rwanda,RWA,2016,5.968925
Rwanda,RWA,2017,5.3762383
Rwanda,RWA,2018,5.457228
Rwanda,RWA,2019,4.914715
Rwanda,RWA,2020,5.7986226
Rwanda,RWA,2021,6.231472
Rwanda,RWA,2022,5.928426
Rwanda,RWA,2023,5.12709
Saint Kitts and Nevis,KNA,2000,4.799338
Saint Kitts and Nevis,KNA,2001,4.3969374
Saint Kitts and Nevis,KNA,2002,4.4521055
Saint Kitts and Nevis,KNA,2003,4.751597
Saint Kitts and Nevis,KNA,2004,4.490674
Saint Kitts and Nevis,KNA,2005,4.7280383
Saint Kitts and Nevis,KNA,2006,4.982034
Saint Kitts and Nevis,KNA,2007,4.7973347
Saint Kitts and Nevis,KNA,2008,5.3056602
Saint Kitts and Nevis,KNA,2009,5.2867374
Saint Kitts and Nevis,KNA,2010,5.217275
Saint Kitts and Nevis,KNA,2011,5.1724777
Saint Kitts and Nevis,KNA,2012,5.018665
Saint Kitts and Nevis,KNA,2013,5.051678
Saint Kitts and Nevis,KNA,2014,4.752966
Saint Kitts and Nevis,KNA,2015,5.12752
Saint Kitts and Nevis,KNA,2016,5.429233
Saint Kitts and Nevis,KNA,2017,5.273594
Saint Kitts and Nevis,KNA,2018,4.896709
Saint Kitts and Nevis,KNA,2019,5.1920147
Saint Kitts and Nevis,KNA,2020,5.6613045
Saint Kitts and Nevis,KNA,2021,6.1691213
Saint Kitts and Nevis,KNA,2022,5.526343
Saint Kitts and Nevis,KNA,2023,5.7359543
Saint Lucia,LCA,2000,4.865499
Saint Lucia,LCA,2001,5.1213946
Saint Lucia,LCA,2002,5.3888702
Saint Lucia,LCA,2003,5.2406964
Saint Lucia,LCA,2004,4.767608
Saint Lucia,LCA,2005,4.8603983
Saint Lucia,LCA,2006,5.1270175
Saint Lucia,LCA,2007,5.541666
Saint Lucia,LCA,2008,5.0906196
Saint Lucia,LCA,2009,5.2441077
Saint Lucia,LCA,2010,5.0505605
Saint Lucia,LCA,2011,5.061343
Saint Lucia,LCA,2012,4.9251027
Saint Lucia,LCA,2013,5.071076
Saint Lucia,LCA,2014,4.683634
Saint Lucia,LCA,2015,4.57866
Saint Lucia,LCA,2016,4.510955
Saint Lucia,LCA,2017,4.4556193
Saint Lucia,LCA,2018,4.272624
Saint Lucia,LCA,2019,4.290905
Saint Lucia,LCA,2020,7.010334
Saint Lucia,LCA,2021,6.261933
Saint Lucia,LCA,2022,4.747506
Saint Lucia,LCA,2023,4.7298274
Saint Vincent and the Grenadines,VCT,2000,3.9828413
Saint Vincent and the Grenadines,VCT,2001,4.010575
Saint Vincent and the Grenadines,VCT,2002,4.080795
Saint Vincent and the Grenadines,VCT,2003,3.9634104
Saint Vincent and the Grenadines,VCT,2004,3.8710556
Saint Vincent and the Grenadines,VCT,2005,3.834108
Saint Vincent and the Grenadines,VCT,2006,3.6556716
Saint Vincent and the Grenadines,VCT,2007,3.822133
Saint Vincent and the Grenadines,VCT,2008,3.8878386
Saint Vincent and the Grenadines,VCT,2009,4.0929956
Saint Vincent and the Grenadines,VCT,2010,4.303252
Saint Vincent and the Grenadines,VCT,2011,4.2332773
Saint Vincent and the Grenadines,VCT,2012,4.4685597
Saint Vincent and the Grenadines,VCT,2013,4.2378063
Saint Vincent and the Grenadines,VCT,2014,4.174313
Saint Vincent and the Grenadines,VCT,2015,4.116058
Saint Vincent and the Grenadines,VCT,2016,4.0976014
Saint Vincent and the Grenadines,VCT,2017,4.2317133
Saint Vincent and the Grenadines,VCT,2018,4.2534623
Saint Vincent and the Grenadines,VCT,2019,4.2606325
Saint Vincent and the Grenadines,VCT,2020,4.8707128
Saint Vincent and the Grenadines,VCT,2021,5.2660713
Saint Vincent and the Grenadines,VCT,2022,4.6054697
Saint Vincent and the Grenadines,VCT,2023,4.436963
Samoa,WSM,2000,4.2823253
Samoa,WSM,2001,3.81805
Samoa,WSM,2002,4.492055
Samoa,WSM,2003,4.1723714
Samoa,WSM,2004,4.5257854
Samoa,WSM,2005,4.6336546
Samoa,WSM,2006,4.884514
Samoa,WSM,2007,4.744633
Samoa,WSM,2008,4.532581
Samoa,WSM,2009,5.1273203
Samoa,WSM,2010,5.1526833
Samoa,WSM,2011,5.3835716
Samoa,WSM,2012,4.988346
Samoa,WSM,2013,6.218239
Samoa,WSM,2014,6.3614717
Samoa,WSM,2015,6.0132194
Samoa,WSM,2016,5.639599
Samoa,WSM,2017,5.16343
Samoa,WSM,2018,4.775258
Samoa,WSM,2019,5.647616
Samoa,WSM,2020,6.0910583
Samoa,WSM,2021,7.1965146
Samoa,WSM,2022,6.9341235
Samoa,WSM,2023,6.781033
San Marino,SMR,2000,5.787679
San Marino,SMR,2001,5.6412754
San Marino,SMR,2002,5.3915577
San Marino,SMR,2003,4.7720013
San Marino,SMR,2004,4.864793
San Marino,SMR,2005,4.8868365
San Marino,SMR,2006,4.913619
San Marino,SMR,2007,5.095873
San Marino,SMR,2008,5.411109
San Marino,SMR,2009,6.184096
San Marino,SMR,2010,6.208535
San Marino,SMR,2011,8.070728
San Marino,SMR,2012,8.988837
San Marino,SMR,2013,8.238003
San Marino,SMR,2014,8.300918
San Marino,SMR,2015,8.433153
San Marino,SMR,2016,8.421953
San Marino,SMR,2017,8.259723
San Marino,SMR,2018,8.277849
San Marino,SMR,2019,8.148016
San Marino,SMR,2020,8.481474
San Marino,SMR,2021,7.5127225
San Marino,SMR,2022,7.223363
San Marino,SMR,2023,6.608291
Sao Tome and Principe,STP,2000,9.318928
Sao Tome and Principe,STP,2001,9.640019
Sao Tome and Principe,STP,2002,9.498605
Sao Tome and Principe,STP,2003,11.465274
Sao Tome and Principe,STP,2004,10.721177
Sao Tome and Principe,STP,2005,10.351997
Sao Tome and Principe,STP,2006,7.1055965
Sao Tome and Principe,STP,2007,7.006086
Sao Tome and Principe,STP,2008,5.9700904
Sao Tome and Principe,STP,2009,5.75177
Sao Tome and Principe,STP,2010,5.808279
Sao Tome and Principe,STP,2011,5.6516004
Sao Tome and Principe,STP,2012,7.0729966
Sao Tome and Principe,STP,2013,8.940609
Sao Tome and Principe,STP,2014,7.914521
Sao Tome and Principe,STP,2015,6.5322685
Sao Tome and Principe,STP,2016,7.602116
Sao Tome and Principe,STP,2017,7.466314
Sao Tome and Principe,STP,2018,5.919603
Sao Tome and Principe,STP,2019,5.480788
Sao Tome and Principe,STP,2020,7.320444
Sao Tome and Principe,STP,2021,7.858897
Sao Tome and Principe,STP,2022,5.7744813
Sao Tome and Principe,STP,2023,5.7729216
Saudi Arabia,SAU,2000,4.211594
Saudi Arabia,SAU,2001,4.4617357
Saudi Arabia,SAU,2002,4.2493763
Saudi Arabia,SAU,2003,3.9790974
Saudi Arabia,SAU,2004,3.5840096
Saudi Arabia,SAU,2005,3.4186728
Saudi Arabia,SAU,2006,3.61922
Saudi Arabia,SAU,2007,3.5622916
Saudi Arabia,SAU,2008,2.971007
Saudi Arabia,SAU,2009,4.2904277
Saudi Arabia,SAU,2010,3.6478615
Saudi Arabia,SAU,2011,3.6821826
Saudi Arabia,SAU,2012,3.9877985
Saudi Arabia,SAU,2013,4.422936
Saudi Arabia,SAU,2014,5.158009
Saudi Arabia,SAU,2015,5.8620224
Saudi Arabia,SAU,2016,6.2414284
Saudi Arabia,SAU,2017,6.0312605
Saudi Arabia,SAU,2018,5.340631
Saudi Arabia,SAU,2019,5.46743
Saudi Arabia,SAU,2020,6.6463013
Saudi Arabia,SAU,2021,5.9303365
Saudi Arabia,SAU,2022,5.314006
Saudi Arabia,SAU,2023,5.6872225
Senegal,SEN,2000,3.5501537
Senegal,SEN,2001,3.6814876
Senegal,SEN,2002,3.952944
Senegal,SEN,2003,4.2970357
Senegal,SEN,2004,4.568562
Senegal,SEN,2005,3.6746652
Senegal,SEN,2006,3.7633762
Senegal,SEN,2007,3.4149659
Senegal,SEN,2008,3.5068758
Senegal,SEN,2009,3.841573
Senegal,SEN,2010,4.0276437
Senegal,SEN,2011,4.214167
Senegal,SEN,2012,4.26688
Senegal,SEN,2013,4.385736
Senegal,SEN,2014,4.3896227
Senegal,SEN,2015,4.3778963
Senegal,SEN,2016,4.2560687
Senegal,SEN,2017,4.163594
Senegal,SEN,2018,4.431821
Senegal,SEN,2019,4.4953103
Senegal,SEN,2020,5.1511917
Senegal,SEN,2021,4.4425626
Senegal,SEN,2022,4.044481
Senegal,SEN,2023,4.3231483
Serbia,SRB,2000,5.807706
Serbia,SRB,2001,6.1915584
Serbia,SRB,2002,7.249509
Serbia,SRB,2003,7.306026
Serbia,SRB,2004,7.6364493
Serbia,SRB,2005,8.093469
Serbia,SRB,2006,8.285757
Serbia,SRB,2007,9.017826
Serbia,SRB,2008,9.128072
Serbia,SRB,2009,8.989335
Serbia,SRB,2010,9.15153
Serbia,SRB,2011,8.759404
Serbia,SRB,2012,8.957167
Serbia,SRB,2013,8.931883
Serbia,SRB,2014,8.859668
Serbia,SRB,2015,8.462899
Serbia,SRB,2016,8.151843
Serbia,SRB,2017,7.8996515
Serbia,SRB,2018,8.184699
Serbia,SRB,2019,8.287625
Serbia,SRB,2020,8.306436
Serbia,SRB,2021,9.23441
Serbia,SRB,2022,8.583972
Serbia,SRB,2023,8.031338
Seychelles,SYC,2000,4.610718
Seychelles,SYC,2001,4.5476832
Seychelles,SYC,2002,4.1956286
Seychelles,SYC,2003,4.8607597
Seychelles,SYC,2004,4.6662893
Seychelles,SYC,2005,4.4460654
Seychelles,SYC,2006,4.3319125
Seychelles,SYC,2007,3.7931502
Seychelles,SYC,2008,3.5151868
Seychelles,SYC,2009,3.435805
Seychelles,SYC,2010,4.4014845
Seychelles,SYC,2011,4.3553967
Seychelles,SYC,2012,5.2896843
Seychelles,SYC,2013,4.191295
Seychelles,SYC,2014,4.4360914
Seychelles,SYC,2015,4.2442865
Seychelles,SYC,2016,4.713497
Seychelles,SYC,2017,4.47661
Seychelles,SYC,2018,4.4170604
Seychelles,SYC,2019,4.252698
Seychelles,SYC,2020,5.837092
Seychelles,SYC,2021,5.208815
Seychelles,SYC,2022,4.399097
Seychelles,SYC,2023,4.482381
Sierra Leone,SLE,2000,5.290865
Sierra Leone,SLE,2001,5.221835
Sierra Leone,SLE,2002,5.5538883
Sierra Leone,SLE,2003,5.062198
Sierra Leone,SLE,2004,5.2379894
Sierra Leone,SLE,2005,5.23005
Sierra Leone,SLE,2006,5.2991314
Sierra Leone,SLE,2007,5.31663
Sierra Leone,SLE,2008,5.603326
Sierra Leone,SLE,2009,6.270755
Sierra Leone,SLE,2010,5.6420474
Sierra Leone,SLE,2011,6.6063676
Sierra Leone,SLE,2012,5.927642
Sierra Leone,SLE,2013,8.45845
Sierra Leone,SLE,2014,15.11887
Sierra Leone,SLE,2015,12.383123
Sierra Leone,SLE,2016,10.054385
Sierra Leone,SLE,2017,6.0053205
Sierra Leone,SLE,2018,5.2992744
Sierra Leone,SLE,2019,5.7052846
Sierra Leone,SLE,2020,5.6648974
Sierra Leone,SLE,2021,5.0724463
Sierra Leone,SLE,2022,4.8037744
Sierra Leone,SLE,2023,4.71883
Singapore,SGP,2000,3.343364
Singapore,SGP,2001,3.1630266
Singapore,SGP,2002,3.358464
Singapore,SGP,2003,3.6069927
Singapore,SGP,2004,3.150198
Singapore,SGP,2005,3.0336792
Singapore,SGP,2006,2.9347465
Singapore,SGP,2007,2.8374906
Singapore,SGP,2008,3.1948845
Singapore,SGP,2009,3.3937051
Singapore,SGP,2010,3.1982615
Singapore,SGP,2011,3.1539185
Singapore,SGP,2012,3.3239279
Singapore,SGP,2013,3.6822534
Singapore,SGP,2014,3.871326
Singapore,SGP,2015,4.180614
Singapore,SGP,2016,4.379895
Singapore,SGP,2017,4.359784
Singapore,SGP,2018,4.0727572
Singapore,SGP,2019,4.4074674
Singapore,SGP,2020,5.700153
Singapore,SGP,2021,5.145997
Singapore,SGP,2022,4.331216
Singapore,SGP,2023,4.4916325
Slovakia,SVK,2000,5.3074393
Slovakia,SVK,2001,5.3405495
Slovakia,SVK,2002,5.517939
Slovakia,SVK,2003,5.484009
Slovakia,SVK,2004,6.3966246
Slovakia,SVK,2005,6.6161904
Slovakia,SVK,2006,6.8522706
Slovakia,SVK,2007,7.1753836
Slovakia,SVK,2008,6.9597836
Slovakia,SVK,2009,7.952804
Slovakia,SVK,2010,7.6706524
Slovakia,SVK,2011,7.3145223
Slovakia,SVK,2012,7.527806
Slovakia,SVK,2013,7.4801316
Slovakia,SVK,2014,6.8654337
Slovakia,SVK,2015,6.7410975
Slovakia,SVK,2016,7.0608134
Slovakia,SVK,2017,6.7338877
Slovakia,SVK,2018,6.636775
Slovakia,SVK,2019,6.91103
Slovakia,SVK,2020,7.060278
Slovakia,SVK,2021,7.628579
Slovakia,SVK,2022,7.702452
Slovakia,SVK,2023,7.352622
Slovenia,SVN,2000,7.8545637
Slovenia,SVN,2001,7.955057
Slovenia,SVN,2002,8.116325
Slovenia,SVN,2003,8.174474
Slovenia,SVN,2004,7.999595
Slovenia,SVN,2005,8.053467
Slovenia,SVN,2006,7.8672
Slovenia,SVN,2007,7.5407605
Slovenia,SVN,2008,7.8928757
Slovenia,SVN,2009,8.642013
Slovenia,SVN,2010,8.63942
Slovenia,SVN,2011,8.600543
Slovenia,SVN,2012,8.792637
Slovenia,SVN,2013,8.840439
Slovenia,SVN,2014,8.584872
Slovenia,SVN,2015,8.577429
Slovenia,SVN,2016,8.5691185
Slovenia,SVN,2017,8.258889
Slovenia,SVN,2018,8.352286
Slovenia,SVN,2019,8.565645
Slovenia,SVN,2020,9.489844
Slovenia,SVN,2021,9.527244
Slovenia,SVN,2022,9.626833
Slovenia,SVN,2023,9.300089
Solomon Islands,SLB,2000,4.8277893
Solomon Islands,SLB,2001,6.607128
Solomon Islands,SLB,2002,10.106276
Solomon Islands,SLB,2003,7.077247
Solomon Islands,SLB,2004,7.7255664
Solomon Islands,SLB,2005,9.017945
Solomon Islands,SLB,2006,8.008022
Solomon Islands,SLB,2007,7.1858306
Solomon Islands,SLB,2008,5.5065627
Solomon Islands,SLB,2009,6.6096673
Solomon Islands,SLB,2010,4.66862
Solomon Islands,SLB,2011,5.0300865
Solomon Islands,SLB,2012,4.880457
Solomon Islands,SLB,2013,4.580309
Solomon Islands,SLB,2014,4.8896236
Solomon Islands,SLB,2015,4.453102
Solomon Islands,SLB,2016,4.529529
Solomon Islands,SLB,2017,4.165564
Solomon Islands,SLB,2018,3.8644083
Solomon Islands,SLB,2019,4.4372807
Solomon Islands,SLB,2020,4.8947845
Solomon Islands,SLB,2021,4.947959
Solomon Islands,SLB,2022,4.824184
Solomon Islands,SLB,2023,5.363662
Somalia,SOM,2013,3.3695374
Somalia,SOM,2014,3.0205376
Somalia,SOM,2015,2.940745
Somalia,SOM,2016,2.2842648
Somalia,SOM,2017,2.443481
Somalia,SOM,2018,2.5087326
Somalia,SOM,2019,2.4061725
Somalia,SOM,2020,2.4701052
Somalia,SOM,2021,2.7350917
Somalia,SOM,2022,2.8469162
Somalia,SOM,2023,3.7441359
South Africa,ZAF,2000,7.336619
South Africa,ZAF,2001,7.123279
South Africa,ZAF,2002,6.677745
South Africa,ZAF,2003,7.040982
South Africa,ZAF,2004,6.938416
South Africa,ZAF,2005,6.8621616
South Africa,ZAF,2006,6.8765087
South Africa,ZAF,2007,6.9051085
South Africa,ZAF,2008,7.1483226
South Africa,ZAF,2009,7.6494145
South Africa,ZAF,2010,7.7935824
South Africa,ZAF,2011,7.944344
South Africa,ZAF,2012,8.004289
South Africa,ZAF,2013,8.103223
South Africa,ZAF,2014,7.8713655
South Africa,ZAF,2015,8.053042
South Africa,ZAF,2016,8.079594
South Africa,ZAF,2017,7.9771137
South Africa,ZAF,2018,8.081966
South Africa,ZAF,2019,8.246529
South Africa,ZAF,2020,9.021741
South Africa,ZAF,2021,8.664503
South Africa,ZAF,2022,8.745123
South Africa,ZAF,2023,8.909668
South Korea,KOR,2000,3.717948
South Korea,KOR,2001,4.16984
South Korea,KOR,2002,3.9085476
South Korea,KOR,2003,4.4664035
South Korea,KOR,2004,4.43288
South Korea,KOR,2005,4.6522355
South Korea,KOR,2006,4.958518
South Korea,KOR,2007,4.958342
South Korea,KOR,2008,5.2464232
South Korea,KOR,2009,5.6852508
South Korea,KOR,2010,5.793907
South Korea,KOR,2011,5.902929
South Korea,KOR,2012,5.9576025
South Korea,KOR,2013,6.0685863
South Korea,KOR,2014,6.2448735
South Korea,KOR,2015,6.462026
South Korea,KOR,2016,6.6356945
South Korea,KOR,2017,6.798275
South Korea,KOR,2018,7.14222
South Korea,KOR,2019,7.693971
South Korea,KOR,2020,8.027228
South Korea,KOR,2021,8.344128
South Korea,KOR,2022,8.859531
South Korea,KOR,2023,8.565069
South Sudan,SSD,2017,22.113224
South Sudan,SSD,2018,11.695394
South Sudan,SSD,2019,9.065701
South Sudan,SSD,2020,9.351167
South Sudan,SSD,2021,6.301171
South Sudan,SSD,2022,6.572543
South Sudan,SSD,2023,11.610023
South-East Asia (WHO),WHO_SEAR,2000,3.7670186
South-East Asia (WHO),WHO_SEAR,2001,3.9976056
South-East Asia (WHO),WHO_SEAR,2002,4.1112123
South-East Asia (WHO),WHO_SEAR,2003,3.6263554
South-East Asia (WHO),WHO_SEAR,2004,3.954535
South-East Asia (WHO),WHO_SEAR,2005,4.1321516
South-East Asia (WHO),WHO_SEAR,2006,4.0744834
South-East Asia (WHO),WHO_SEAR,2007,4.029943
South-East Asia (WHO),WHO_SEAR,2008,4.505104
South-East Asia (WHO),WHO_SEAR,2009,4.46436
South-East Asia (WHO),WHO_SEAR,2010,4.1445446
South-East Asia (WHO),WHO_SEAR,2011,4.10803
South-East Asia (WHO),WHO_SEAR,2012,4.262733
South-East Asia (WHO),WHO_SEAR,2013,4.552147
South-East Asia (WHO),WHO_SEAR,2014,4.557918
South-East Asia (WHO),WHO_SEAR,2015,4.8752375
South-East Asia (WHO),WHO_SEAR,2016,4.8988914
South-East Asia (WHO),WHO_SEAR,2017,4.551867
South-East Asia (WHO),WHO_SEAR,2018,4.279543
South-East Asia (WHO),WHO_SEAR,2019,4.0777593
South-East Asia (WHO),WHO_SEAR,2020,5.158906
South-East Asia (WHO),WHO_SEAR,2021,5.065441
South-East Asia (WHO),WHO_SEAR,2022,4.983498
South-East Asia (WHO),WHO_SEAR,2023,5.289952
Spain,ESP,2000,6.8021784
Spain,ESP,2001,6.7692957
Spain,ESP,2002,6.798786
Spain,ESP,2003,7.5922318
Spain,ESP,2004,7.6844788
Spain,ESP,2005,7.7780747
Spain,ESP,2006,7.8707247
Spain,ESP,2007,7.962412
Spain,ESP,2008,8.429064
Spain,ESP,2009,9.15303
Spain,ESP,2010,9.169926
Spain,ESP,2011,9.217497
Spain,ESP,2012,9.2189045
Spain,ESP,2013,9.13715
Spain,ESP,2014,9.151229
Spain,ESP,2015,9.175533
Spain,ESP,2016,8.88085
Spain,ESP,2017,9.0217495
Spain,ESP,2018,9.071225
Spain,ESP,2019,9.215395
Spain,ESP,2020,10.794792
Spain,ESP,2021,10.344199
Spain,ESP,2022,9.679959
Spain,ESP,2023,9.220658
Sri Lanka,LKA,2000,4.1081867
Sri Lanka,LKA,2001,4.056628
Sri Lanka,LKA,2002,4.0371575
Sri Lanka,LKA,2003,3.646467
Sri Lanka,LKA,2004,4.039126
Sri Lanka,LKA,2005,3.8790874
Sri Lanka,LKA,2006,3.8501956
Sri Lanka,LKA,2007,3.8225818
Sri Lanka,LKA,2008,3.8548295
Sri Lanka,LKA,2009,4.0567684
Sri Lanka,LKA,2010,3.7414515
Sri Lanka,LKA,2011,3.581952
Sri Lanka,LKA,2012,3.306593
Sri Lanka,LKA,2013,3.6936536
Sri Lanka,LKA,2014,3.4678614
Sri Lanka,LKA,2015,3.6826396
Sri Lanka,LKA,2016,3.6178842
Sri Lanka,LKA,2017,3.3309343
Sri Lanka,LKA,2018,3.641888
Sri Lanka,LKA,2019,3.7011957
Sri Lanka,LKA,2020,4.2743163
Sri Lanka,LKA,2021,5.1942773
Sri Lanka,LKA,2022,3.9830046
Sri Lanka,LKA,2023,3.6831377
Sudan,SDN,2000,3.6066449
Sudan,SDN,2001,3.3645687
Sudan,SDN,2002,3.300109
Sudan,SDN,2003,3.8918793
Sudan,SDN,2004,4.155935
Sudan,SDN,2005,4.0941815
Sudan,SDN,2006,4.885443
Sudan,SDN,2007,5.6626916
Sudan,SDN,2008,5.4231358
Sudan,SDN,2009,6.3949633
Sudan,SDN,2010,5.0581017
Sudan,SDN,2011,5.6157956
Sudan,SDN,2012,5.68827
Sudan,SDN,2013,6.9648747
Sudan,SDN,2014,5.676197
Sudan,SDN,2015,5.8111258
Sudan,SDN,2016,5.684385
Sudan,SDN,2017,5.917674
Sudan,SDN,2018,4.4617286
Sudan,SDN,2019,4.5996757
Sudan,SDN,2020,3.0432343
Sudan,SDN,2021,2.9669323
Sudan,SDN,2022,3.7941644
Sudan,SDN,2023,2.8516574
Suriname,SUR,2000,5.8709216
Suriname,SUR,2001,3.8247497
Suriname,SUR,2002,5.3299155
Suriname,SUR,2003,4.888784
Suriname,SUR,2004,5.460808
Suriname,SUR,2005,5.243964
Suriname,SUR,2006,5.8559875
Suriname,SUR,2007,5.221486
Suriname,SUR,2008,4.746996
Suriname,SUR,2009,4.978103
Suriname,SUR,2010,4.697857
Suriname,SUR,2011,4.409322
Suriname,SUR,2012,4.284357
Suriname,SUR,2013,4.487381
Suriname,SUR,2014,4.5212784
Suriname,SUR,2015,5.8080816
Suriname,SUR,2016,5.9928374
Suriname,SUR,2017,5.3228593
Suriname,SUR,2018,6.605671
Suriname,SUR,2019,8.383536
Suriname,SUR,2020,6.034256
Suriname,SUR,2021,5.0170417
Suriname,SUR,2022,5.9329777
Suriname,SUR,2023,5.40666
Sweden,SWE,2000,7.3249555
Sweden,SWE,2001,7.8924894
Sweden,SWE,2002,8.185974
Sweden,SWE,2003,8.316543
Sweden,SWE,2004,8.142819
Sweden,SWE,2005,8.159873
Sweden,SWE,2006,8.042177
Sweden,SWE,2007,7.9882226
Sweden,SWE,2008,8.226036
Sweden,SWE,2009,8.77743
Sweden,SWE,2010,8.323847
Sweden,SWE,2011,10.50179
Sweden,SWE,2012,10.834198
Sweden,SWE,2013,10.987218
Sweden,SWE,2014,11.072126
Sweden,SWE,2015,10.930692
Sweden,SWE,2016,10.956924
Sweden,SWE,2017,10.9473095
Sweden,SWE,2018,11.091327
Sweden,SWE,2019,10.934443
Sweden,SWE,2020,11.424587
Sweden,SWE,2021,11.230136
Sweden,SWE,2022,10.855057
Sweden,SWE,2023,11.152915
Switzerland,CHE,2000,9.134424
Switzerland,CHE,2001,9.460401
Switzerland,CHE,2002,9.880001
Switzerland,CHE,2003,10.136968
Switzerland,CHE,2004,10.225765
Switzerland,CHE,2005,10.058234
Switzerland,CHE,2006,9.5802
Switzerland,CHE,2007,9.416938
Switzerland,CHE,2008,9.531677
Switzerland,CHE,2009,10.141506
Switzerland,CHE,2010,9.990786
Switzerland,CHE,2011,10.103931
Switzerland,CHE,2012,10.335111
Switzerland,CHE,2013,10.594445
Switzerland,CHE,2014,10.675119
Switzerland,CHE,2015,10.979831
Switzerland,CHE,2016,11.202488
Switzerland,CHE,2017,11.374716
Switzerland,CHE,2018,11.198911
Switzerland,CHE,2019,11.42589
Switzerland,CHE,2020,11.989609
Switzerland,CHE,2021,11.958556
Switzerland,CHE,2022,11.599118
Switzerland,CHE,2023,11.690961
Syria,SYR,2000,4.572029
Syria,SYR,2001,4.7145824
Syria,SYR,2002,4.9641676
Syria,SYR,2003,5.1350102
Syria,SYR,2004,4.4975314
Syria,SYR,2005,4.127133
Syria,SYR,2006,3.7962031
Syria,SYR,2007,3.7392018
Syria,SYR,2008,3.4137812
Syria,SYR,2009,3.5743122
Syria,SYR,2010,3.352863
Syria,SYR,2011,2.661626
Syria,SYR,2012,3.2206078
Syria,SYR,2013,3.7751853
Syria,SYR,2014,4.231714
Syria,SYR,2015,3.6746433
Syria,SYR,2016,3.8907351
Syria,SYR,2017,3.912993
Syria,SYR,2018,3.9385257
Syria,SYR,2019,3.9697857
Syria,SYR,2020,3.6700912
Syria,SYR,2021,3.504033
Syria,SYR,2022,3.384097
Syria,SYR,2023,2.709988
Tajikistan,TJK,2000,4.264924
Tajikistan,TJK,2001,4.5780253
Tajikistan,TJK,2002,4.4364724
Tajikistan,TJK,2003,4.7021866
Tajikistan,TJK,2004,4.799112
Tajikistan,TJK,2005,5.210247
Tajikistan,TJK,2006,5.032548
Tajikistan,TJK,2007,5.540501
Tajikistan,TJK,2008,5.912067
Tajikistan,TJK,2009,5.855798
Tajikistan,TJK,2010,5.7354345
Tajikistan,TJK,2011,5.859718
Tajikistan,TJK,2012,5.9818587
Tajikistan,TJK,2013,6.532264
Tajikistan,TJK,2014,6.6654973
Tajikistan,TJK,2015,6.907359
Tajikistan,TJK,2016,6.963497
Tajikistan,TJK,2017,6.85399
Tajikistan,TJK,2018,7.013816
Tajikistan,TJK,2019,6.9476676
Tajikistan,TJK,2020,8.890353
Tajikistan,TJK,2021,8.375045
Tajikistan,TJK,2022,7.629174
Tajikistan,TJK,2023,7.437899
Tanzania,TZA,2000,3.4152994
Tanzania,TZA,2001,4.235517
Tanzania,TZA,2002,4.6890764
Tanzania,TZA,2003,5.3423147
Tanzania,TZA,2004,5.7373414
Tanzania,TZA,2005,6.3228254
Tanzania,TZA,2006,7.598279
Tanzania,TZA,2007,6.8842797
Tanzania,TZA,2008,5.5570474
Tanzania,TZA,2009,5.0630636
Tanzania,TZA,2010,5.223922
Tanzania,TZA,2011,5.0559845
Tanzania,TZA,2012,5.0177937
Tanzania,TZA,2013,4.646434
Tanzania,TZA,2014,4.0149207
Tanzania,TZA,2015,3.6496994
Tanzania,TZA,2016,3.9635034
Tanzania,TZA,2017,4.0232573
Tanzania,TZA,2018,4.3277583
Tanzania,TZA,2019,4.0234776
Tanzania,TZA,2020,3.0502868
Tanzania,TZA,2021,3.4696333
Tanzania,TZA,2022,3.134975
Tanzania,TZA,2023,3.0520122
Thailand,THA,2000,3.1012535
Thailand,THA,2001,3.0262377
Thailand,THA,2002,3.334723
Thailand,THA,2003,3.2431278
Thailand,THA,2004,3.1389315
Thailand,THA,2005,3.1597223
Thailand,THA,2006,3.0997083
Thailand,THA,2007,3.1927752
Thailand,THA,2008,3.4593394
Thailand,THA,2009,3.6193964
Thailand,THA,2010,3.390098
Thailand,THA,2011,3.568255
Thailand,THA,2012,3.5229404
Thailand,THA,2013,3.4531333
Thailand,THA,2014,3.684481
Thailand,THA,2015,3.852286
Thailand,THA,2016,3.939006
Thailand,THA,2017,3.8527684
Thailand,THA,2018,3.8704033
Thailand,THA,2019,3.7891188
Thailand,THA,2020,4.357247
Thailand,THA,2021,5.154
Thailand,THA,2022,5.3547115
Thailand,THA,2023,4.5378766
Togo,TGO,2000,3.33427
Togo,TGO,2001,3.4422195
Togo,TGO,2002,3.4450235
Togo,TGO,2003,3.4451392
Togo,TGO,2004,3.481319
Togo,TGO,2005,3.9824204
Togo,TGO,2006,4.309678
Togo,TGO,2007,3.6773443
Togo,TGO,2008,3.7407193
Togo,TGO,2009,3.9272676
Togo,TGO,2010,4.332844
Togo,TGO,2011,4.389271
Togo,TGO,2012,4.643665
Togo,TGO,2013,4.7867026
Togo,TGO,2014,4.904734
Togo,TGO,2015,6.247385
Togo,TGO,2016,6.5855007
Togo,TGO,2017,6.5021048
Togo,TGO,2018,6.1607366
Togo,TGO,2019,5.9126863
Togo,TGO,2020,6.1892843
Togo,TGO,2021,5.6165967
Togo,TGO,2022,6.2409406
Togo,TGO,2023,6.1082954
Tonga,TON,2000,2.903892
Tonga,TON,2001,3.425016
Tonga,TON,2002,3.5895774
Tonga,TON,2003,3.4358308
Tonga,TON,2004,4.5074162
Tonga,TON,2005,4.3856025
Tonga,TON,2006,5.4722505
Tonga,TON,2007,4.7333
Tonga,TON,2008,6.057597
Tonga,TON,2009,3.9738088
Tonga,TON,2010,4.8163233
Tonga,TON,2011,4.739908
Tonga,TON,2012,8.137861
Tonga,TON,2013,4.1676884
Tonga,TON,2014,5.195832
Tonga,TON,2015,4.7813764
Tonga,TON,2016,5.2259107
Tonga,TON,2017,5.629528
Tonga,TON,2018,6.1224065
Tonga,TON,2019,5.745279
Tonga,TON,2020,5.5591984
Tonga,TON,2021,7.062541
Tonga,TON,2022,7.9527674
Tonga,TON,2023,7.360378
Trinidad and Tobago,TTO,2000,4.234925
Trinidad and Tobago,TTO,2001,4.034649
Trinidad and Tobago,TTO,2002,4.723025
Trinidad and Tobago,TTO,2003,4.187671
Trinidad and Tobago,TTO,2004,4.308052
Trinidad and Tobago,TTO,2005,4.4345117
Trinidad and Tobago,TTO,2006,4.15432
Trinidad and Tobago,TTO,2007,4.1536026
Trinidad and Tobago,TTO,2008,3.6575706
Trinidad and Tobago,TTO,2009,5.4867644
Trinidad and Tobago,TTO,2010,5.080429
Trinidad and Tobago,TTO,2011,4.721979
Trinidad and Tobago,TTO,2012,4.6285157
Trinidad and Tobago,TTO,2013,4.802247
Trinidad and Tobago,TTO,2014,4.873817
Trinidad and Tobago,TTO,2015,5.6525383
Trinidad and Tobago,TTO,2016,6.4746585
Trinidad and Tobago,TTO,2017,6.56563
Trinidad and Tobago,TTO,2018,6.650894
Trinidad and Tobago,TTO,2019,6.907048
Trinidad and Tobago,TTO,2020,7.4767733
Trinidad and Tobago,TTO,2021,7.205213
Trinidad and Tobago,TTO,2022,6.6441603
Trinidad and Tobago,TTO,2023,7.5256863
Tunisia,TUN,2000,4.8127193
Tunisia,TUN,2001,4.8613276
Tunisia,TUN,2002,5.120364
Tunisia,TUN,2003,5.208885
Tunisia,TUN,2004,5.198908
Tunisia,TUN,2005,5.145558
Tunisia,TUN,2006,5.131099
Tunisia,TUN,2007,5.1754284
Tunisia,TUN,2008,5.1644063
Tunisia,TUN,2009,5.405953
Tunisia,TUN,2010,5.6095076
Tunisia,TUN,2011,6.122993
Tunisia,TUN,2012,6.2898474
Tunisia,TUN,2013,6.51395
Tunisia,TUN,2014,6.450061
Tunisia,TUN,2015,6.2133994
Tunisia,TUN,2016,6.2477818
Tunisia,TUN,2017,6.1855745
Tunisia,TUN,2018,5.9375186
Tunisia,TUN,2019,6.0246124
Tunisia,TUN,2020,7.056126
Tunisia,TUN,2021,7.34184
Tunisia,TUN,2022,7.512707
Tunisia,TUN,2023,7.9853787
Turkey,TUR,2000,4.599572
Turkey,TUR,2001,4.8878493
Turkey,TUR,2002,5.0622787
Turkey,TUR,2003,5.014277
Turkey,TUR,2004,4.9096446
Turkey,TUR,2005,4.893897
Turkey,TUR,2006,5.145917
Turkey,TUR,2007,5.237608
Turkey,TUR,2008,5.2176175
Turkey,TUR,2009,5.494387
Turkey,TUR,2010,5.0205345
Turkey,TUR,2011,4.653051
Turkey,TUR,2012,4.4444466
Turkey,TUR,2013,4.3709993
Turkey,TUR,2014,4.3251786
Turkey,TUR,2015,4.1169043
Turkey,TUR,2016,4.2846923
Turkey,TUR,2017,4.17975
Turkey,TUR,2018,4.121016
Turkey,TUR,2019,4.3595433
Turkey,TUR,2020,4.616402
Turkey,TUR,2021,4.5606556
Turkey,TUR,2022,3.703389
Turkey,TUR,2023,4.275244
Turkmenistan,TKM,2000,4.0308003
Turkmenistan,TKM,2001,4.766053
Turkmenistan,TKM,2002,4.106967
Turkmenistan,TKM,2003,4.978492
Turkmenistan,TKM,2004,6.186523
Turkmenistan,TKM,2005,5.588868
Turkmenistan,TKM,2006,4.920757
Turkmenistan,TKM,2007,3.0932863
Turkmenistan,TKM,2008,3.4538045
Turkmenistan,TKM,2009,2.8147128
Turkmenistan,TKM,2010,3.2087944
Turkmenistan,TKM,2011,3.22296
Turkmenistan,TKM,2012,3.3420355
Turkmenistan,TKM,2013,3.9692926
Turkmenistan,TKM,2014,4.2574167
Turkmenistan,TKM,2015,5.016529
Turkmenistan,TKM,2016,5.587185
Turkmenistan,TKM,2017,5.823612
Turkmenistan,TKM,2018,5.5529804
Turkmenistan,TKM,2019,5.5522337
Turkmenistan,TKM,2020,5.572261
Turkmenistan,TKM,2021,5.4919662
Turkmenistan,TKM,2022,5.3710375
Turkmenistan,TKM,2023,5.497891
Tuvalu,TUV,2000,22.281742
Tuvalu,TUV,2001,17.965483
Tuvalu,TUV,2002,11.836918
Tuvalu,TUV,2003,13.703371
Tuvalu,TUV,2004,9.331497
Tuvalu,TUV,2005,10.066943
Tuvalu,TUV,2006,12.175544
Tuvalu,TUV,2007,10.45885
Tuvalu,TUV,2008,10.339772
Tuvalu,TUV,2009,13.011382
Tuvalu,TUV,2010,16.213526
Tuvalu,TUV,2011,14.743904
Tuvalu,TUV,2012,13.873743
Tuvalu,TUV,2013,13.803921
Tuvalu,TUV,2014,14.527622
Tuvalu,TUV,2015,13.441886
Tuvalu,TUV,2016,18.325392
Tuvalu,TUV,2017,24.457632
Tuvalu,TUV,2018,18.421999
Tuvalu,TUV,2019,22.22294
Tuvalu,TUV,2020,17.887154
Tuvalu,TUV,2021,18.574112
Tuvalu,TUV,2022,21.28792
Tuvalu,TUV,2023,27.089685
Uganda,UGA,2000,5.0827775
Uganda,UGA,2001,5.052084
Uganda,UGA,2002,4.771369
Uganda,UGA,2003,4.299158
Uganda,UGA,2004,4.700222
Uganda,UGA,2005,5.805163
Uganda,UGA,2006,6.463305
Uganda,UGA,2007,6.11309
Uganda,UGA,2008,5.4547496
Uganda,UGA,2009,5.7884555
Uganda,UGA,2010,6.8089023
Uganda,UGA,2011,6.6959095
Uganda,UGA,2012,6.1085396
Uganda,UGA,2013,5.782524
Uganda,UGA,2014,5.3365307
Uganda,UGA,2015,4.9964314
Uganda,UGA,2016,5.015533
Uganda,UGA,2017,3.9985204
Uganda,UGA,2018,4.021534
Uganda,UGA,2019,3.7934136
Uganda,UGA,2020,5.238655
Uganda,UGA,2021,5.473749
Uganda,UGA,2022,4.4507113
Uganda,UGA,2023,4.2360015
Ukraine,UKR,2000,5.306852
Ukraine,UKR,2001,5.725344
Ukraine,UKR,2002,5.9922004
Ukraine,UKR,2003,6.545741
Ukraine,UKR,2004,6.1685696
Ukraine,UKR,2005,6.3461585
Ukraine,UKR,2006,6.4171896
Ukraine,UKR,2007,6.017768
Ukraine,UKR,2008,5.4975443
Ukraine,UKR,2009,6.609917
Ukraine,UKR,2010,6.813876
Ukraine,UKR,2011,6.8166986
Ukraine,UKR,2012,7.1178923
Ukraine,UKR,2013,6.94358
Ukraine,UKR,2014,7.1950617
Ukraine,UKR,2015,7.7835283
Ukraine,UKR,2016,7.552054
Ukraine,UKR,2017,7.4461036
Ukraine,UKR,2018,7.5205135
Ukraine,UKR,2019,7.0938935
Ukraine,UKR,2020,7.5621705
Ukraine,UKR,2021,8.202748
United Arab Emirates,ARE,2000,2.3950446
United Arab Emirates,ARE,2001,2.484364
United Arab Emirates,ARE,2002,2.7177086
United Arab Emirates,ARE,2003,2.646344
United Arab Emirates,ARE,2004,2.4622564
United Arab Emirates,ARE,2005,2.3202107
United Arab Emirates,ARE,2006,2.3254137
United Arab Emirates,ARE,2007,2.566027
United Arab Emirates,ARE,2008,2.9285762
United Arab Emirates,ARE,2009,4.0500016
United Arab Emirates,ARE,2010,3.7443314
United Arab Emirates,ARE,2011,3.566664
United Arab Emirates,ARE,2012,3.3359637
United Arab Emirates,ARE,2013,3.5022218
United Arab Emirates,ARE,2014,3.534055
United Arab Emirates,ARE,2015,3.4660935
United Arab Emirates,ARE,2016,3.895801
United Arab Emirates,ARE,2017,4.0085497
United Arab Emirates,ARE,2018,4.098542
United Arab Emirates,ARE,2019,4.4029126
United Arab Emirates,ARE,2020,5.8247705
United Arab Emirates,ARE,2021,5.304943
United Arab Emirates,ARE,2022,4.565364
United Arab Emirates,ARE,2023,4.970951
United Kingdom,GBR,2000,7.145591
United Kingdom,GBR,2001,7.432769
United Kingdom,GBR,2002,7.859468
United Kingdom,GBR,2003,8.052146
United Kingdom,GBR,2004,8.32219
United Kingdom,GBR,2005,8.3810835
United Kingdom,GBR,2006,8.539708
United Kingdom,GBR,2007,8.760353
United Kingdom,GBR,2008,9.032957
United Kingdom,GBR,2009,9.83944
United Kingdom,GBR,2010,9.787995
United Kingdom,GBR,2011,9.796826
United Kingdom,GBR,2012,9.893322
United Kingdom,GBR,2013,9.990871
United Kingdom,GBR,2014,9.976862
United Kingdom,GBR,2015,9.940449
United Kingdom,GBR,2016,9.870857
United Kingdom,GBR,2017,9.704689
United Kingdom,GBR,2018,9.794966
United Kingdom,GBR,2019,9.979541
United Kingdom,GBR,2020,12.103881
United Kingdom,GBR,2021,12.083473
United Kingdom,GBR,2022,11.096798
United Kingdom,GBR,2023,10.991289
United States,USA,2000,12.490021
United States,USA,2001,13.168171
United States,USA,2002,13.995353
United States,USA,2003,14.505575
United States,USA,2004,14.551231
United States,USA,2005,14.579462
United States,USA,2006,14.708788
United States,USA,2007,14.918325
United States,USA,2008,15.207236
United States,USA,2009,16.200676
United States,USA,2010,16.197224
United States,USA,2011,16.140005
United States,USA,2012,16.119755
United States,USA,2013,15.9522705
United States,USA,2014,16.141584
United States,USA,2015,16.401554
United States,USA,2016,16.69204
United States,USA,2017,16.638275
United States,USA,2018,16.513126
United States,USA,2019,16.54486
United States,USA,2020,18.515974
United States,USA,2021,17.352077
United States,USA,2022,16.528751
United States,USA,2023,16.694149
Uruguay,URY,2000,9.171824
Uruguay,URY,2001,9.75702
Uruguay,URY,2002,9.64023
Uruguay,URY,2003,9.5766735
Uruguay,URY,2004,8.266182
Uruguay,URY,2005,7.723905
Uruguay,URY,2006,7.709989
Uruguay,URY,2007,7.4616723
Uruguay,URY,2008,8.090817
Uruguay,URY,2009,7.916114
Uruguay,URY,2010,7.877573
Uruguay,URY,2011,7.9152136
Uruguay,URY,2012,8.033308
Uruguay,URY,2013,8.084484
Uruguay,URY,2014,8.038908
Uruguay,URY,2015,8.257037
Uruguay,URY,2016,8.638525
Uruguay,URY,2017,8.717022
Uruguay,URY,2018,8.900111
Uruguay,URY,2019,9.240695
Uruguay,URY,2020,9.0877495
Uruguay,URY,2021,8.919555
Uruguay,URY,2022,8.89016
Uruguay,URY,2023,9.018876
Uzbekistan,UZB,2000,5.1329336
Uzbekistan,UZB,2001,5.2373743
Uzbekistan,UZB,2002,5.1416492
Uzbekistan,UZB,2003,5.1882515
Uzbekistan,UZB,2004,4.8406377
Uzbekistan,UZB,2005,4.781991
Uzbekistan,UZB,2006,4.7514133
Uzbekistan,UZB,2007,4.54268
Uzbekistan,UZB,2008,4.7044744
Uzbekistan,UZB,2009,4.7964964
Uzbekistan,UZB,2010,5.2993884
Uzbekistan,UZB,2011,5.262455
Uzbekistan,UZB,2012,5.548221
Uzbekistan,UZB,2013,5.718966
Uzbekistan,UZB,2014,4.430924
Uzbekistan,UZB,2015,4.7359657
Uzbekistan,UZB,2016,4.715045
Uzbekistan,UZB,2017,4.3088856
Uzbekistan,UZB,2018,4.5526156
Uzbekistan,UZB,2019,4.83521
Uzbekistan,UZB,2020,6.0859776
Uzbekistan,UZB,2021,6.927426
Uzbekistan,UZB,2022,6.6170382
Uzbekistan,UZB,2023,6.743129
Vanuatu,VUT,2000,3.3068326
Vanuatu,VUT,2001,3.3872833
Vanuatu,VUT,2002,3.9043775
Vanuatu,VUT,2003,3.5069194
Vanuatu,VUT,2004,3.5399153
Vanuatu,VUT,2005,3.304904
Vanuatu,VUT,2006,3.3222933
Vanuatu,VUT,2007,3.107868
Vanuatu,VUT,2008,3.1388338
Vanuatu,VUT,2009,3.2518141
Vanuatu,VUT,2010,3.5263708
Vanuatu,VUT,2011,3.597707
Vanuatu,VUT,2012,3.9363146
Vanuatu,VUT,2013,4.3924007
Vanuatu,VUT,2014,3.6401885
Vanuatu,VUT,2015,4.158313
Vanuatu,VUT,2016,2.9890406
Vanuatu,VUT,2017,2.8811805
Vanuatu,VUT,2018,3.44049
Vanuatu,VUT,2019,3.4961543
Vanuatu,VUT,2020,4.1212897
Vanuatu,VUT,2021,4.588281
Vanuatu,VUT,2022,4.058953
Vanuatu,VUT,2023,4.1186676
Venezuela,VEN,2018,2.4169133
Venezuela,VEN,2019,2.1856372
Venezuela,VEN,2020,4.1161513
Venezuela,VEN,2021,4.102219
Venezuela,VEN,2022,4.55046
Venezuela,VEN,2023,3.7761142
Vietnam,VNM,2000,4.1075273
Vietnam,VNM,2001,4.801075
Vietnam,VNM,2002,3.8707585
Vietnam,VNM,2003,3.942299
Vietnam,VNM,2004,4.0879197
Vietnam,VNM,2005,4.3182125
Vietnam,VNM,2006,4.5697985
Vietnam,VNM,2007,4.629176
Vietnam,VNM,2008,4.3602834
Vietnam,VNM,2009,4.485029
Vietnam,VNM,2010,5.0714607
Vietnam,VNM,2011,4.974685
Vietnam,VNM,2012,5.0017824
Vietnam,VNM,2013,4.4123316
Vietnam,VNM,2014,4.690788
Vietnam,VNM,2015,4.711409
Vietnam,VNM,2016,4.8699474
Vietnam,VNM,2017,4.9901476
Vietnam,VNM,2018,5.026788
Vietnam,VNM,2019,4.974075
Vietnam,VNM,2020,4.332198
Vietnam,VNM,2021,4.5379243
Vietnam,VNM,2022,4.538096
Vietnam,VNM,2023,4.5610948
Western Pacific (WHO),WHO_WPAC,2000,6.2569046
Western Pacific (WHO),WHO_WPAC,2001,7.246853
Western Pacific (WHO),WHO_WPAC,2002,6.1184545
Western Pacific (WHO),WHO_WPAC,2003,5.953392
Western Pacific (WHO),WHO_WPAC,2004,6.2546725
Western Pacific (WHO),WHO_WPAC,2005,6.591112
Western Pacific (WHO),WHO_WPAC,2006,9.020692
Western Pacific (WHO),WHO_WPAC,2007,6.833238
Western Pacific (WHO),WHO_WPAC,2008,7.3546796
Western Pacific (WHO),WHO_WPAC,2009,7.4866967
Western Pacific (WHO),WHO_WPAC,2010,6.7698092
Western Pacific (WHO),WHO_WPAC,2011,6.628726
Western Pacific (WHO),WHO_WPAC,2012,6.30858
Western Pacific (WHO),WHO_WPAC,2013,6.3327875
Western Pacific (WHO),WHO_WPAC,2014,6.4167814
Western Pacific (WHO),WHO_WPAC,2015,6.501974
Western Pacific (WHO),WHO_WPAC,2016,6.645389
Western Pacific (WHO),WHO_WPAC,2017,6.773658
Western Pacific (WHO),WHO_WPAC,2018,6.722421
Western Pacific (WHO),WHO_WPAC,2019,7.0256696
Western Pacific (WHO),WHO_WPAC,2020,7.3462524
Western Pacific (WHO),WHO_WPAC,2021,7.9603534
Western Pacific (WHO),WHO_WPAC,2022,8.207033
Western Pacific (WHO),WHO_WPAC,2023,8.02403
World,OWID_WRL,2000,5.440952
World,OWID_WRL,2001,5.710701
World,OWID_WRL,2002,5.694608
World,OWID_WRL,2003,5.7322364
World,OWID_WRL,2004,5.8406563
World,OWID_WRL,2005,5.9045296
World,OWID_WRL,2006,6.2483606
World,OWID_WRL,2007,5.9012628
World,OWID_WRL,2008,6.064593
World,OWID_WRL,2009,6.4407034
World,OWID_WRL,2010,6.251047
World,OWID_WRL,2011,6.207803
World,OWID_WRL,2012,6.169136
World,OWID_WRL,2013,6.250813
World,OWID_WRL,2014,6.313419
World,OWID_WRL,2015,6.431397
World,OWID_WRL,2016,6.4867334
World,OWID_WRL,2017,6.486957
World,OWID_WRL,2018,6.365349
World,OWID_WRL,2019,6.5054693
World,OWID_WRL,2020,7.1308312
World,OWID_WRL,2021,7.180353
World,OWID_WRL,2022,6.8739033
World,OWID_WRL,2023,6.828119
Yemen,YEM,2000,4.6660657
Yemen,YEM,2001,4.945148
Yemen,YEM,2002,4.83238
Yemen,YEM,2003,5.757583
Yemen,YEM,2004,5.5144043
Yemen,YEM,2005,5.2058525
Yemen,YEM,2006,5.5293016
Yemen,YEM,2007,5.820776
Yemen,YEM,2008,5.761916
Yemen,YEM,2009,5.9862
Yemen,YEM,2010,5.159329
Yemen,YEM,2011,4.769532
Yemen,YEM,2012,5.1959352
Yemen,YEM,2013,4.9608316
Yemen,YEM,2014,5.837747
Yemen,YEM,2015,6.490173
Yemen,YEM,2016,7.7124944
Yemen,YEM,2017,8.147239
Yemen,YEM,2018,9.089482
Yemen,YEM,2019,10.973744
Yemen,YEM,2020,11.647814
Yemen,YEM,2021,9.441254
Yemen,YEM,2022,8.817635
Yemen,YEM,2023,9.695592
Zambia,ZMB,2000,4.1202908
Zambia,ZMB,2001,4.7785363
Zambia,ZMB,2002,5.888452
Zambia,ZMB,2003,5.995536
Zambia,ZMB,2004,5.465875
Zambia,ZMB,2005,6.330887
Zambia,ZMB,2006,5.577423
Zambia,ZMB,2007,4.559941
Zambia,ZMB,2008,4.4937077
Zambia,ZMB,2009,5.225685
Zambia,ZMB,2010,4.1342688
Zambia,ZMB,2011,3.9591336
Zambia,ZMB,2012,4.0454173
Zambia,ZMB,2013,4.5739045
Zambia,ZMB,2014,3.8292422
Zambia,ZMB,2015,4.429743
Zambia,ZMB,2016,4.4692316
Zambia,ZMB,2017,4.7815623
Zambia,ZMB,2018,4.769967
Zambia,ZMB,2019,6.7533026
Zambia,ZMB,2020,6.306744
Zambia,ZMB,2021,6.639514
Zambia,ZMB,2022,5.2104297
Zambia,ZMB,2023,5.9784107
Zimbabwe,ZWE,2010,10.475753
Zimbabwe,ZWE,2011,8.081707
Zimbabwe,ZWE,2012,6.9183874
Zimbabwe,ZWE,2013,7.110222
Zimbabwe,ZWE,2014,8.1335125
Zimbabwe,ZWE,2015,7.4520407
Zimbabwe,ZWE,2016,7.2584558
Zimbabwe,ZWE,2017,6.174489
Zimbabwe,ZWE,2018,4.67328
Zimbabwe,ZWE,2019,3.2326815
Zimbabwe,ZWE,2020,2.954401
Zimbabwe,ZWE,2021,2.6711187
Zimbabwe,ZWE,2022,3.395195
Zimbabwe,ZWE,2023,2.926016