Entity,Code,Year,Share of the labor force employed in agriculture
Afghanistan,AFG,1991,63.43
Afghanistan,AFG,1992,63.65
Afghanistan,AFG,1993,64.41
Afghanistan,AFG,1994,64.44
Afghanistan,AFG,1995,64.3
Afghanistan,AFG,1996,64.68
Afghanistan,AFG,1997,64.98
Afghanistan,AFG,1998,65.2
Afghanistan,AFG,1999,65.46
Afghanistan,AFG,2000,65.84
Afghanistan,AFG,2001,66.29
Afghanistan,AFG,2002,64.42
Afghanistan,AFG,2003,63.7
Afghanistan,AFG,2004,63.27
Afghanistan,AFG,2005,62.15
Afghanistan,AFG,2006,61.28
Afghanistan,AFG,2007,60.14
Afghanistan,AFG,2008,59.29
Afghanistan,AFG,2009,56.89
Afghanistan,AFG,2010,54.58
Afghanistan,AFG,2011,53.56
Afghanistan,AFG,2012,51.4
Afghanistan,AFG,2013,49.82
Afghanistan,AFG,2014,48.41
Afghanistan,AFG,2015,47.07
Afghanistan,AFG,2016,45.81
Afghanistan,AFG,2017,43.99
Afghanistan,AFG,2018,43.13
Afghanistan,AFG,2019,42.5
Africa Eastern and Southern,,1991,66.20197
Africa Eastern and Southern,,1992,66.18168
Africa Eastern and Southern,,1993,66.06512
Africa Eastern and Southern,,1994,65.98197
Africa Eastern and Southern,,1995,65.82908
Africa Eastern and Southern,,1996,65.61852
Africa Eastern and Southern,,1997,65.5606
Africa Eastern and Southern,,1998,65.52458
Africa Eastern and Southern,,1999,65.45542
Africa Eastern and Southern,,2000,65.7408
Africa Eastern and Southern,,2001,65.93811
Africa Eastern and Southern,,2002,66.154305
Africa Eastern and Southern,,2003,66.1179
Africa Eastern and Southern,,2004,65.86053
Africa Eastern and Southern,,2005,65.87852
Africa Eastern and Southern,,2006,65.27195
Africa Eastern and Southern,,2007,64.7639
Africa Eastern and Southern,,2008,64.14392
Africa Eastern and Southern,,2009,63.86325
Africa Eastern and Southern,,2010,63.546383
Africa Eastern and Southern,,2011,62.92116
Africa Eastern and Southern,,2012,62.19353
Africa Eastern and Southern,,2013,61.855755
Africa Eastern and Southern,,2014,61.248016
Africa Eastern and Southern,,2015,60.739735
Africa Eastern and Southern,,2016,60.377964
Africa Eastern and Southern,,2017,59.9512
Africa Eastern and Southern,,2018,59.527874
Africa Eastern and Southern,,2019,59.19997
Africa Western and Central,,1991,59.12681
Africa Western and Central,,1992,59.030865
Africa Western and Central,,1993,58.97454
Africa Western and Central,,1994,58.84168
Africa Western and Central,,1995,58.64951
Africa Western and Central,,1996,58.358322
Africa Western and Central,,1997,58.029167
Africa Western and Central,,1998,57.67624
Africa Western and Central,,1999,57.355335
Africa Western and Central,,2000,56.97303
Africa Western and Central,,2001,56.43532
Africa Western and Central,,2002,55.70441
Africa Western and Central,,2003,55.079296
Africa Western and Central,,2004,54.38082
Africa Western and Central,,2005,53.736336
Africa Western and Central,,2006,53.1014
Africa Western and Central,,2007,52.327724
Africa Western and Central,,2008,51.4563
Africa Western and Central,,2009,50.577896
Africa Western and Central,,2010,49.60382
Africa Western and Central,,2011,48.66133
Africa Western and Central,,2012,47.557747
Africa Western and Central,,2013,46.49208
Africa Western and Central,,2014,45.196457
Africa Western and Central,,2015,44.05116
Africa Western and Central,,2016,43.72226
Africa Western and Central,,2017,42.992603
Africa Western and Central,,2018,42.321785
Africa Western and Central,,2019,41.658943
Albania,ALB,1991,57.91
Albania,ALB,1992,58.11
Albania,ALB,1993,57.62
Albania,ALB,1994,57.08
Albania,ALB,1995,56.36
Albania,ALB,1996,55.94
Albania,ALB,1997,56.06
Albania,ALB,1998,55.25
Albania,ALB,1999,54.03
Albania,ALB,2000,52.82
Albania,ALB,2001,51.31
Albania,ALB,2002,50.16
Albania,ALB,2003,49.27
Albania,ALB,2004,48.34
Albania,ALB,2005,47.38
Albania,ALB,2006,46.3
Albania,ALB,2007,45.55
Albania,ALB,2008,44.66
Albania,ALB,2009,44.05
Albania,ALB,2010,42.08
Albania,ALB,2011,45.39
Albania,ALB,2012,46
Albania,ALB,2013,44.2
Albania,ALB,2014,42.26
Albania,ALB,2015,41.28
Albania,ALB,2016,40.04
Albania,ALB,2017,38.08
Albania,ALB,2018,37.29
Albania,ALB,2019,36.42
Algeria,DZA,1991,24.88
Algeria,DZA,1992,24.73
Algeria,DZA,1993,24.56
Algeria,DZA,1994,24.36
Algeria,DZA,1995,24.13
Algeria,DZA,1996,23.87
Algeria,DZA,1997,23.54
Algeria,DZA,1998,23.18
Algeria,DZA,1999,22.85
Algeria,DZA,2000,22.34
Algeria,DZA,2001,21.71
Algeria,DZA,2002,21.72
Algeria,DZA,2003,21.72
Algeria,DZA,2004,20.1
Algeria,DZA,2005,18.54
Algeria,DZA,2006,17.06
Algeria,DZA,2007,15.63
Algeria,DZA,2008,14.33
Algeria,DZA,2009,13.03
Algeria,DZA,2010,11.87
Algeria,DZA,2011,10.77
Algeria,DZA,2012,10.69
Algeria,DZA,2013,10.59
Algeria,DZA,2014,10.49
Algeria,DZA,2015,10.38
Algeria,DZA,2016,10.28
Algeria,DZA,2017,10.16
Algeria,DZA,2018,9.88
Algeria,DZA,2019,9.6
Angola,AGO,1991,39.83
Angola,AGO,1992,39.9
Angola,AGO,1993,40.21
Angola,AGO,1994,40.09
Angola,AGO,1995,39.56
Angola,AGO,1996,38.98
Angola,AGO,1997,38.54
Angola,AGO,1998,38.16
Angola,AGO,1999,37.86
Angola,AGO,2000,37.5
Angola,AGO,2001,37.22
Angola,AGO,2002,36.56
Angola,AGO,2003,36.45
Angola,AGO,2004,36.17
Angola,AGO,2005,38.11
Angola,AGO,2006,40.21
Angola,AGO,2007,42.21
Angola,AGO,2008,44.37
Angola,AGO,2009,46.51
Angola,AGO,2010,48.88
Angola,AGO,2011,51.22
Angola,AGO,2012,51.23
Angola,AGO,2013,51.18
Angola,AGO,2014,51.14
Angola,AGO,2015,51.16
Angola,AGO,2016,51.15
Angola,AGO,2017,50.99
Angola,AGO,2018,50.91
Angola,AGO,2019,50.73
Arab World,,1991,34.828995
Arab World,,1992,35.194935
Arab World,,1993,34.32921
Arab World,,1994,34.068848
Arab World,,1995,33.128136
Arab World,,1996,32.504658
Arab World,,1997,31.89319
Arab World,,1998,31.176111
Arab World,,1999,30.5781
Arab World,,2000,30.75602
Arab World,,2001,29.944132
Arab World,,2002,29.121052
Arab World,,2003,29.135607
Arab World,,2004,29.12759
Arab World,,2005,28.15331
Arab World,,2006,27.323198
Arab World,,2007,26.690508
Arab World,,2008,25.810495
Arab World,,2009,24.654997
Arab World,,2010,23.48975
Arab World,,2011,23.098604
Arab World,,2012,22.298372
Arab World,,2013,22.134605
Arab World,,2014,21.902847
Arab World,,2015,21.239435
Arab World,,2016,20.774422
Arab World,,2017,20.260588
Arab World,,2018,19.175528
Arab World,,2019,18.673616
Argentina,ARG,1991,0.34
Argentina,ARG,1992,0.4
Argentina,ARG,1993,0.45
Argentina,ARG,1994,0.45
Argentina,ARG,1995,0.62
Argentina,ARG,1996,0.76
Argentina,ARG,1997,0.8
Argentina,ARG,1998,0.76
Argentina,ARG,1999,0.74
Argentina,ARG,2000,0.67
Argentina,ARG,2001,0.83
Argentina,ARG,2002,0.98
Argentina,ARG,2003,1.4
Argentina,ARG,2004,1.5
Argentina,ARG,2005,1.28
Argentina,ARG,2006,1.05
Argentina,ARG,2007,1.12
Argentina,ARG,2008,1.2
Argentina,ARG,2009,1.23
Argentina,ARG,2010,1.27
Argentina,ARG,2011,0.64
Argentina,ARG,2012,0.62
Argentina,ARG,2013,0.62
Argentina,ARG,2014,0.55
Argentina,ARG,2015,0.26
Argentina,ARG,2016,0.13
Argentina,ARG,2017,0.06
Argentina,ARG,2018,0.1
Argentina,ARG,2019,0.06
Armenia,ARM,1991,43.78
Armenia,ARM,1992,44.36
Armenia,ARM,1993,44.64
Armenia,ARM,1994,44.69
Armenia,ARM,1995,44.53
Armenia,ARM,1996,44.33
Armenia,ARM,1997,44.13
Armenia,ARM,1998,43.76
Armenia,ARM,1999,43.37
Armenia,ARM,2000,42.91
Armenia,ARM,2001,42.15
Armenia,ARM,2002,41.26
Armenia,ARM,2003,40.22
Armenia,ARM,2004,39.41
Armenia,ARM,2005,38.52
Armenia,ARM,2006,37.46
Armenia,ARM,2007,36.53
Armenia,ARM,2008,37.8
Armenia,ARM,2009,39.45
Armenia,ARM,2010,38.6
Armenia,ARM,2011,38.93
Armenia,ARM,2012,37.25
Armenia,ARM,2013,36.28
Armenia,ARM,2014,34.83
Armenia,ARM,2015,35.33
Armenia,ARM,2016,33.6
Armenia,ARM,2017,31.34
Armenia,ARM,2018,25.78
Armenia,ARM,2019,24.05
Australia,AUS,1991,5.36
Australia,AUS,1992,5.05
Australia,AUS,1993,5.12
Australia,AUS,1994,4.9
Australia,AUS,1995,4.78
Australia,AUS,1996,4.84
Australia,AUS,1997,4.91
Australia,AUS,1998,4.85
Australia,AUS,1999,4.93
Australia,AUS,2000,4.86
Australia,AUS,2001,4.75
Australia,AUS,2002,4.38
Australia,AUS,2003,3.91
Australia,AUS,2004,3.74
Australia,AUS,2005,3.58
Australia,AUS,2006,3.41
Australia,AUS,2007,3.32
Australia,AUS,2008,3.31
Australia,AUS,2009,3.23
Australia,AUS,2010,3.23
Australia,AUS,2011,2.82
Australia,AUS,2012,2.8
Australia,AUS,2013,2.62
Australia,AUS,2014,2.8
Australia,AUS,2015,2.64
Australia,AUS,2016,2.62
Australia,AUS,2017,2.6
Australia,AUS,2018,2.62
Australia,AUS,2019,2.56
Austria,AUT,1991,7.78
Austria,AUT,1992,7.62
Austria,AUT,1993,7.41
Austria,AUT,1994,7.2
Austria,AUT,1995,7.34
Austria,AUT,1996,7.43
Austria,AUT,1997,6.89
Austria,AUT,1998,6.49
Austria,AUT,1999,6.23
Austria,AUT,2000,6.05
Austria,AUT,2001,5.81
Austria,AUT,2002,5.76
Austria,AUT,2003,5.5
Austria,AUT,2004,4.9
Austria,AUT,2005,5.27
Austria,AUT,2006,5.24
Austria,AUT,2007,5.53
Austria,AUT,2008,5.25
Austria,AUT,2009,5.32
Austria,AUT,2010,5.21
Austria,AUT,2011,4.94
Austria,AUT,2012,4.68
Austria,AUT,2013,4.58
Austria,AUT,2014,4.84
Austria,AUT,2015,4.53
Austria,AUT,2016,4.35
Austria,AUT,2017,3.93
Austria,AUT,2018,3.69
Austria,AUT,2019,3.66
Azerbaijan,AZE,1991,40.87
Azerbaijan,AZE,1992,41.41
Azerbaijan,AZE,1993,41.32
Azerbaijan,AZE,1994,42.2
Azerbaijan,AZE,1995,43.31
Azerbaijan,AZE,1996,43.35
Azerbaijan,AZE,1997,42.92
Azerbaijan,AZE,1998,42.3
Azerbaijan,AZE,1999,42.31
Azerbaijan,AZE,2000,41.01
Azerbaijan,AZE,2001,39.95
Azerbaijan,AZE,2002,40.19
Azerbaijan,AZE,2003,39.89
Azerbaijan,AZE,2004,39.54
Azerbaijan,AZE,2005,39.32
Azerbaijan,AZE,2006,39.55
Azerbaijan,AZE,2007,38.55
Azerbaijan,AZE,2008,39.59
Azerbaijan,AZE,2009,38.12
Azerbaijan,AZE,2010,38.23
Azerbaijan,AZE,2011,37.88
Azerbaijan,AZE,2012,37.65
Azerbaijan,AZE,2013,37.1
Azerbaijan,AZE,2014,36.75
Azerbaijan,AZE,2015,36.36
Azerbaijan,AZE,2016,36.34
Azerbaijan,AZE,2017,36.35
Azerbaijan,AZE,2018,36.26
Azerbaijan,AZE,2019,36
Bahamas,BHS,1991,5.25
Bahamas,BHS,1992,5.25
Bahamas,BHS,1993,5.46
Bahamas,BHS,1994,5.43
Bahamas,BHS,1995,4.34
Bahamas,BHS,1996,5
Bahamas,BHS,1997,3.84
Bahamas,BHS,1998,3.53
Bahamas,BHS,1999,4.03
Bahamas,BHS,2000,4.11
Bahamas,BHS,2001,4.2
Bahamas,BHS,2002,3.71
Bahamas,BHS,2003,3
Bahamas,BHS,2004,4.43
Bahamas,BHS,2005,3.49
Bahamas,BHS,2006,2.5
Bahamas,BHS,2007,2.31
Bahamas,BHS,2008,2.93
Bahamas,BHS,2009,2.88
Bahamas,BHS,2010,2.71
Bahamas,BHS,2011,2.65
Bahamas,BHS,2012,2.62
Bahamas,BHS,2013,2.57
Bahamas,BHS,2014,2.49
Bahamas,BHS,2015,2.44
Bahamas,BHS,2016,2.38
Bahamas,BHS,2017,2.33
Bahamas,BHS,2018,2.26
Bahamas,BHS,2019,2.2
Bahrain,BHR,1991,2.43
Bahrain,BHR,1992,2.34
Bahrain,BHR,1993,2.24
Bahrain,BHR,1994,2.14
Bahrain,BHR,1995,2.05
Bahrain,BHR,1996,1.97
Bahrain,BHR,1997,1.88
Bahrain,BHR,1998,1.8
Bahrain,BHR,1999,1.72
Bahrain,BHR,2000,1.65
Bahrain,BHR,2001,1.57
Bahrain,BHR,2002,1.52
Bahrain,BHR,2003,1.47
Bahrain,BHR,2004,1.41
Bahrain,BHR,2005,1.35
Bahrain,BHR,2006,1.29
Bahrain,BHR,2007,1.24
Bahrain,BHR,2008,1.18
Bahrain,BHR,2009,1.14
Bahrain,BHR,2010,1.08
Bahrain,BHR,2011,1.09
Bahrain,BHR,2012,1.09
Bahrain,BHR,2013,1.09
Bahrain,BHR,2014,1.08
Bahrain,BHR,2015,1.08
Bahrain,BHR,2016,1.04
Bahrain,BHR,2017,1.01
Bahrain,BHR,2018,0.97
Bahrain,BHR,2019,0.94
Bangladesh,BGD,1991,69.51
Bangladesh,BGD,1992,68.9
Bangladesh,BGD,1993,68.12
Bangladesh,BGD,1994,67.22
Bangladesh,BGD,1995,66.03
Bangladesh,BGD,1996,64.63
Bangladesh,BGD,1997,64.86
Bangladesh,BGD,1998,64.93
Bangladesh,BGD,1999,64.94
Bangladesh,BGD,2000,64.81
Bangladesh,BGD,2001,62.39
Bangladesh,BGD,2002,59.9
Bangladesh,BGD,2003,57.19
Bangladesh,BGD,2004,54.3
Bangladesh,BGD,2005,51.17
Bangladesh,BGD,2006,48.08
Bangladesh,BGD,2007,47.85
Bangladesh,BGD,2008,47.67
Bangladesh,BGD,2009,47.53
Bangladesh,BGD,2010,47.31
Bangladesh,BGD,2011,46.55
Bangladesh,BGD,2012,45.76
Bangladesh,BGD,2013,45.01
Bangladesh,BGD,2014,44.27
Bangladesh,BGD,2015,43.46
Bangladesh,BGD,2016,42.66
Bangladesh,BGD,2017,40.6
Bangladesh,BGD,2018,39.39
Bangladesh,BGD,2019,38.3
Barbados,BRB,1991,5.52
Barbados,BRB,1992,6.24
Barbados,BRB,1993,5.56
Barbados,BRB,1994,5.31
Barbados,BRB,1995,4.64
Barbados,BRB,1996,5.27
Barbados,BRB,1997,4.83
Barbados,BRB,1998,4.44
Barbados,BRB,1999,4.31
Barbados,BRB,2000,4.23
Barbados,BRB,2001,4.2
Barbados,BRB,2002,4.04
Barbados,BRB,2003,4.56
Barbados,BRB,2004,3.41
Barbados,BRB,2005,3.52
Barbados,BRB,2006,3.61
Barbados,BRB,2007,3.01
Barbados,BRB,2008,2.78
Barbados,BRB,2009,2.94
Barbados,BRB,2010,2.84
Barbados,BRB,2011,3.27
Barbados,BRB,2012,2.78
Barbados,BRB,2013,2.71
Barbados,BRB,2014,2.72
Barbados,BRB,2015,2.89
Barbados,BRB,2016,2.86
Barbados,BRB,2017,2.76
Barbados,BRB,2018,2.7
Barbados,BRB,2019,2.65
Belarus,BLR,1991,15.1
Belarus,BLR,1992,15.43
Belarus,BLR,1993,15.52
Belarus,BLR,1994,15.68
Belarus,BLR,1995,15.89
Belarus,BLR,1996,15.88
Belarus,BLR,1997,15.69
Belarus,BLR,1998,15.51
Belarus,BLR,1999,15.38
Belarus,BLR,2000,15.12
Belarus,BLR,2001,14.72
Belarus,BLR,2002,14.41
Belarus,BLR,2003,13.97
Belarus,BLR,2004,13.5
Belarus,BLR,2005,12.99
Belarus,BLR,2006,12.54
Belarus,BLR,2007,12.07
Belarus,BLR,2008,11.63
Belarus,BLR,2009,11.35
Belarus,BLR,2010,10.89
Belarus,BLR,2011,10.59
Belarus,BLR,2012,10.31
Belarus,BLR,2013,10.14
Belarus,BLR,2014,9.89
Belarus,BLR,2015,9.7
Belarus,BLR,2016,9.73
Belarus,BLR,2017,10.7
Belarus,BLR,2018,11.31
Belarus,BLR,2019,11.06
Belgium,BEL,1991,3
Belgium,BEL,1992,2.9
Belgium,BEL,1993,2.63
Belgium,BEL,1994,2.89
Belgium,BEL,1995,2.68
Belgium,BEL,1996,2.75
Belgium,BEL,1997,2.66
Belgium,BEL,1998,2.24
Belgium,BEL,1999,2.39
Belgium,BEL,2000,1.91
Belgium,BEL,2001,1.38
Belgium,BEL,2002,1.79
Belgium,BEL,2003,1.72
Belgium,BEL,2004,2.22
Belgium,BEL,2005,2.04
Belgium,BEL,2006,1.95
Belgium,BEL,2007,1.86
Belgium,BEL,2008,1.55
Belgium,BEL,2009,1.49
Belgium,BEL,2010,1.35
Belgium,BEL,2011,1.3
Belgium,BEL,2012,1.17
Belgium,BEL,2013,1.36
Belgium,BEL,2014,1.22
Belgium,BEL,2015,1.18
Belgium,BEL,2016,1.25
Belgium,BEL,2017,1.16
Belgium,BEL,2018,0.99
Belgium,BEL,2019,0.92
Belize,BLZ,1991,24.31
Belize,BLZ,1992,24.17
Belize,BLZ,1993,23.94
Belize,BLZ,1994,23.11
Belize,BLZ,1995,27.15
Belize,BLZ,1996,28.68
Belize,BLZ,1997,29.91
Belize,BLZ,1998,25.02
Belize,BLZ,1999,27.47
Belize,BLZ,2000,26.01
Belize,BLZ,2001,24.67
Belize,BLZ,2002,23.34
Belize,BLZ,2003,22
Belize,BLZ,2004,20.78
Belize,BLZ,2005,19.56
Belize,BLZ,2006,19.42
Belize,BLZ,2007,19.31
Belize,BLZ,2008,19.13
Belize,BLZ,2009,19.04
Belize,BLZ,2010,18.91
Belize,BLZ,2011,18.79
Belize,BLZ,2012,18.62
Belize,BLZ,2013,18.46
Belize,BLZ,2014,18.25
Belize,BLZ,2015,18.08
Belize,BLZ,2016,18.56
Belize,BLZ,2017,17.42
Belize,BLZ,2018,17.01
Belize,BLZ,2019,16.8
Benin,BEN,1991,50.9
Benin,BEN,1992,50.8
Benin,BEN,1993,50.64
Benin,BEN,1994,50.26
Benin,BEN,1995,50.06
Benin,BEN,1996,49.83
Benin,BEN,1997,49.51
Benin,BEN,1998,49.25
Benin,BEN,1999,48.85
Benin,BEN,2000,48.39
Benin,BEN,2001,47.91
Benin,BEN,2002,47.46
Benin,BEN,2003,47.07
Benin,BEN,2004,46.65
Benin,BEN,2005,46.32
Benin,BEN,2006,45.88
Benin,BEN,2007,45.34
Benin,BEN,2008,44.85
Benin,BEN,2009,44.45
Benin,BEN,2010,44.07
Benin,BEN,2011,43.61
Benin,BEN,2012,43.03
Benin,BEN,2013,42.27
Benin,BEN,2014,41.56
Benin,BEN,2015,41.08
Benin,BEN,2016,40.59
Benin,BEN,2017,39.87
Benin,BEN,2018,39.08
Benin,BEN,2019,38.27
Bhutan,BTN,1991,69.85
Bhutan,BTN,1992,69.64
Bhutan,BTN,1993,69.45
Bhutan,BTN,1994,69.2
Bhutan,BTN,1995,68.93
Bhutan,BTN,1996,68.53
Bhutan,BTN,1997,68.22
Bhutan,BTN,1998,67.92
Bhutan,BTN,1999,67.46
Bhutan,BTN,2000,66.78
Bhutan,BTN,2001,66.06
Bhutan,BTN,2002,65.3
Bhutan,BTN,2003,64.68
Bhutan,BTN,2004,64.01
Bhutan,BTN,2005,63.32
Bhutan,BTN,2006,62.8
Bhutan,BTN,2007,62.23
Bhutan,BTN,2008,61.73
Bhutan,BTN,2009,60.78
Bhutan,BTN,2010,59.6
Bhutan,BTN,2011,60.15
Bhutan,BTN,2012,58.35
Bhutan,BTN,2013,56.34
Bhutan,BTN,2014,56.65
Bhutan,BTN,2015,58
Bhutan,BTN,2016,57.22
Bhutan,BTN,2017,56.52
Bhutan,BTN,2018,56.12
Bhutan,BTN,2019,55.78
Bolivia,BOL,1991,42.46
Bolivia,BOL,1992,42.34
Bolivia,BOL,1993,42.15
Bolivia,BOL,1994,41.91
Bolivia,BOL,1995,41.58
Bolivia,BOL,1996,41.29
Bolivia,BOL,1997,41.23
Bolivia,BOL,1998,40.69
Bolivia,BOL,1999,39.95
Bolivia,BOL,2000,38.94
Bolivia,BOL,2001,44.2
Bolivia,BOL,2002,42.39
Bolivia,BOL,2003,35.09
Bolivia,BOL,2004,35.09
Bolivia,BOL,2005,38.61
Bolivia,BOL,2006,39.5
Bolivia,BOL,2007,36.1
Bolivia,BOL,2008,31.2
Bolivia,BOL,2009,30.09
Bolivia,BOL,2010,30
Bolivia,BOL,2011,29.79
Bolivia,BOL,2012,27.79
Bolivia,BOL,2013,29.23
Bolivia,BOL,2014,30.85
Bolivia,BOL,2015,27.85
Bolivia,BOL,2016,29.68
Bolivia,BOL,2017,30.49
Bolivia,BOL,2018,31.06
Bolivia,BOL,2019,30.54
Bosnia and Herzegovina,BIH,1991,35.34
Bosnia and Herzegovina,BIH,1992,35.26
Bosnia and Herzegovina,BIH,1993,34.86
Bosnia and Herzegovina,BIH,1994,33.78
Bosnia and Herzegovina,BIH,1995,32.37
Bosnia and Herzegovina,BIH,1996,30.27
Bosnia and Herzegovina,BIH,1997,28.71
Bosnia and Herzegovina,BIH,1998,27.31
Bosnia and Herzegovina,BIH,1999,26.19
Bosnia and Herzegovina,BIH,2000,25.23
Bosnia and Herzegovina,BIH,2001,24.44
Bosnia and Herzegovina,BIH,2002,23.45
Bosnia and Herzegovina,BIH,2003,22.7
Bosnia and Herzegovina,BIH,2004,22.1
Bosnia and Herzegovina,BIH,2005,21.31
Bosnia and Herzegovina,BIH,2006,20.55
Bosnia and Herzegovina,BIH,2007,19.82
Bosnia and Herzegovina,BIH,2008,20.58
Bosnia and Herzegovina,BIH,2009,21.23
Bosnia and Herzegovina,BIH,2010,19.7
Bosnia and Herzegovina,BIH,2011,19.61
Bosnia and Herzegovina,BIH,2012,20.56
Bosnia and Herzegovina,BIH,2013,18.86
Bosnia and Herzegovina,BIH,2014,17.08
Bosnia and Herzegovina,BIH,2015,17.52
Bosnia and Herzegovina,BIH,2016,17.96
Bosnia and Herzegovina,BIH,2017,16.82
Bosnia and Herzegovina,BIH,2018,15.73
Bosnia and Herzegovina,BIH,2019,17.96
Botswana,BWA,1991,15.9
Botswana,BWA,1992,15.7
Botswana,BWA,1993,15.66
Botswana,BWA,1994,15.6
Botswana,BWA,1995,15.26
Botswana,BWA,1996,15.07
Botswana,BWA,1997,17.76
Botswana,BWA,1998,20.73
Botswana,BWA,1999,20.32
Botswana,BWA,2000,19.96
Botswana,BWA,2001,20.49
Botswana,BWA,2002,20.82
Botswana,BWA,2003,21.22
Botswana,BWA,2004,21.96
Botswana,BWA,2005,22.66
Botswana,BWA,2006,23.22
Botswana,BWA,2007,23.77
Botswana,BWA,2008,24.39
Botswana,BWA,2009,25.09
Botswana,BWA,2010,24.59
Botswana,BWA,2011,24.06
Botswana,BWA,2012,23.57
Botswana,BWA,2013,22.86
Botswana,BWA,2014,22.29
Botswana,BWA,2015,21.9
Botswana,BWA,2016,21.36
Botswana,BWA,2017,20.88
Botswana,BWA,2018,20.37
Botswana,BWA,2019,19.9
Brazil,BRA,1991,19.64
Brazil,BRA,1992,19.75
Brazil,BRA,1993,19.31
Brazil,BRA,1994,18.69
Brazil,BRA,1995,18.14
Brazil,BRA,1996,17.1
Brazil,BRA,1997,16.85
Brazil,BRA,1998,16.2
Brazil,BRA,1999,16.69
Brazil,BRA,2000,16.49
Brazil,BRA,2001,16.42
Brazil,BRA,2002,16.53
Brazil,BRA,2003,16.68
Brazil,BRA,2004,17.14
Brazil,BRA,2005,16.62
Brazil,BRA,2006,15.62
Brazil,BRA,2007,14.68
Brazil,BRA,2008,13.85
Brazil,BRA,2009,13.43
Brazil,BRA,2010,12.66
Brazil,BRA,2011,11.99
Brazil,BRA,2012,11.47
Brazil,BRA,2013,11.17
Brazil,BRA,2014,10.34
Brazil,BRA,2015,10.2
Brazil,BRA,2016,10.14
Brazil,BRA,2017,9.46
Brazil,BRA,2018,9.26
Brazil,BRA,2019,9.08
Brunei,BRN,1991,2.03
Brunei,BRN,1992,1.9
Brunei,BRN,1993,1.78
Brunei,BRN,1994,1.68
Brunei,BRN,1995,1.56
Brunei,BRN,1996,1.48
Brunei,BRN,1997,1.41
Brunei,BRN,1998,1.32
Brunei,BRN,1999,1.27
Brunei,BRN,2000,1.21
Brunei,BRN,2001,1.13
Brunei,BRN,2002,1.07
Brunei,BRN,2003,1.02
Brunei,BRN,2004,0.97
Brunei,BRN,2005,0.92
Brunei,BRN,2006,0.87
Brunei,BRN,2007,0.81
Brunei,BRN,2008,0.78
Brunei,BRN,2009,0.73
Brunei,BRN,2010,0.69
Brunei,BRN,2011,0.65
Brunei,BRN,2012,0.62
Brunei,BRN,2013,0.58
Brunei,BRN,2014,0.55
Brunei,BRN,2015,0.74
Brunei,BRN,2016,1.01
Brunei,BRN,2017,1.36
Brunei,BRN,2018,1.06
Brunei,BRN,2019,1.95
Bulgaria,BGR,1991,19.54
Bulgaria,BGR,1992,19
Bulgaria,BGR,1993,18.32
Bulgaria,BGR,1994,17.49
Bulgaria,BGR,1995,16.62
Bulgaria,BGR,1996,15.6
Bulgaria,BGR,1997,15.56
Bulgaria,BGR,1998,14.32
Bulgaria,BGR,1999,13.88
Bulgaria,BGR,2000,13.2
Bulgaria,BGR,2001,9.69
Bulgaria,BGR,2002,10.71
Bulgaria,BGR,2003,11.14
Bulgaria,BGR,2004,10.75
Bulgaria,BGR,2005,8.94
Bulgaria,BGR,2006,8.11
Bulgaria,BGR,2007,7.54
Bulgaria,BGR,2008,7.47
Bulgaria,BGR,2009,7.09
Bulgaria,BGR,2010,6.82
Bulgaria,BGR,2011,6.78
Bulgaria,BGR,2012,6.44
Bulgaria,BGR,2013,6.66
Bulgaria,BGR,2014,7.01
Bulgaria,BGR,2015,6.86
Bulgaria,BGR,2016,6.75
Bulgaria,BGR,2017,7.01
Bulgaria,BGR,2018,6.58
Bulgaria,BGR,2019,6.62
Burkina Faso,BFA,1991,89.78
Burkina Faso,BFA,1992,89.64
Burkina Faso,BFA,1993,89.42
Burkina Faso,BFA,1994,89.14
Burkina Faso,BFA,1995,88.07
Burkina Faso,BFA,1996,86.77
Burkina Faso,BFA,1997,85.4
Burkina Faso,BFA,1998,83.86
Burkina Faso,BFA,1999,82.14
Burkina Faso,BFA,2000,80.43
Burkina Faso,BFA,2001,78.35
Burkina Faso,BFA,2002,76.11
Burkina Faso,BFA,2003,73.46
Burkina Faso,BFA,2004,70.72
Burkina Faso,BFA,2005,67.52
Burkina Faso,BFA,2006,64.09
Burkina Faso,BFA,2007,60.53
Burkina Faso,BFA,2008,56.66
Burkina Faso,BFA,2009,52.7
Burkina Faso,BFA,2010,48.22
Burkina Faso,BFA,2011,43.72
Burkina Faso,BFA,2012,39.2
Burkina Faso,BFA,2013,34.73
Burkina Faso,BFA,2014,30.38
Burkina Faso,BFA,2015,29.75
Burkina Faso,BFA,2016,28.93
Burkina Faso,BFA,2017,28.02
Burkina Faso,BFA,2018,27.08
Burkina Faso,BFA,2019,26.21
Burundi,BDI,1991,92.13
Burundi,BDI,1992,92.13
Burundi,BDI,1993,92.19
Burundi,BDI,1994,92.22
Burundi,BDI,1995,92.3
Burundi,BDI,1996,92.37
Burundi,BDI,1997,92.35
Burundi,BDI,1998,92.21
Burundi,BDI,1999,91.99
Burundi,BDI,2000,91.76
Burundi,BDI,2001,91.48
Burundi,BDI,2002,91.17
Burundi,BDI,2003,90.93
Burundi,BDI,2004,90.62
Burundi,BDI,2005,90.3
Burundi,BDI,2006,89.92
Burundi,BDI,2007,89.53
Burundi,BDI,2008,89.11
Burundi,BDI,2009,88.68
Burundi,BDI,2010,88.22
Burundi,BDI,2011,87.75
Burundi,BDI,2012,87.24
Burundi,BDI,2013,86.71
Burundi,BDI,2014,86.19
Burundi,BDI,2015,86.29
Burundi,BDI,2016,86.28
Burundi,BDI,2017,86.31
Burundi,BDI,2018,86.25
Burundi,BDI,2019,86.21
Cambodia,KHM,1991,78.13
Cambodia,KHM,1992,77.76
Cambodia,KHM,1993,77.69
Cambodia,KHM,1994,78.83
Cambodia,KHM,1995,78.37
Cambodia,KHM,1996,77.75
Cambodia,KHM,1997,77.3
Cambodia,KHM,1998,76.75
Cambodia,KHM,1999,75.38
Cambodia,KHM,2000,73.48
Cambodia,KHM,2001,68.93
Cambodia,KHM,2002,67.25
Cambodia,KHM,2003,65.99
Cambodia,KHM,2004,63.87
Cambodia,KHM,2005,62.03
Cambodia,KHM,2006,60.08
Cambodia,KHM,2007,58.13
Cambodia,KHM,2008,58.11
Cambodia,KHM,2009,58.04
Cambodia,KHM,2010,57.31
Cambodia,KHM,2011,56.55
Cambodia,KHM,2012,53.21
Cambodia,KHM,2013,49.52
Cambodia,KHM,2014,46
Cambodia,KHM,2015,42.47
Cambodia,KHM,2016,37.54
Cambodia,KHM,2017,38.21
Cambodia,KHM,2018,36.38
Cambodia,KHM,2019,34.53
Cameroon,CMR,1991,68.03
Cameroon,CMR,1992,68.12
Cameroon,CMR,1993,68.31
Cameroon,CMR,1994,68.23
Cameroon,CMR,1995,68.11
Cameroon,CMR,1996,67.92
Cameroon,CMR,1997,67.64
Cameroon,CMR,1998,67.3
Cameroon,CMR,1999,66.91
Cameroon,CMR,2000,66.47
Cameroon,CMR,2001,65.89
Cameroon,CMR,2002,65
Cameroon,CMR,2003,64.04
Cameroon,CMR,2004,62.94
Cameroon,CMR,2005,62.03
Cameroon,CMR,2006,60.98
Cameroon,CMR,2007,59.83
Cameroon,CMR,2008,58.25
Cameroon,CMR,2009,56.66
Cameroon,CMR,2010,55
Cameroon,CMR,2011,53.24
Cameroon,CMR,2012,51.4
Cameroon,CMR,2013,49.48
Cameroon,CMR,2014,47.61
Cameroon,CMR,2015,46.58
Cameroon,CMR,2016,45.71
Cameroon,CMR,2017,44.91
Cameroon,CMR,2018,44.17
Cameroon,CMR,2019,43.49
Canada,CAN,1991,3.49
Canada,CAN,1992,3.45
Canada,CAN,1993,3.48
Canada,CAN,1994,3.35
Canada,CAN,1995,3.15
Canada,CAN,1996,3.11
Canada,CAN,1997,3.01
Canada,CAN,1998,2.99
Canada,CAN,1999,2.81
Canada,CAN,2000,2.52
Canada,CAN,2001,2.16
Canada,CAN,2002,2.12
Canada,CAN,2003,2.11
Canada,CAN,2004,2.02
Canada,CAN,2005,2.12
Canada,CAN,2006,2.11
Canada,CAN,2007,2
Canada,CAN,2008,1.94
Canada,CAN,2009,1.95
Canada,CAN,2010,1.81
Canada,CAN,2011,1.79
Canada,CAN,2012,1.75
Canada,CAN,2013,1.78
Canada,CAN,2014,1.71
Canada,CAN,2015,1.64
Canada,CAN,2016,1.58
Canada,CAN,2017,1.52
Canada,CAN,2018,1.49
Canada,CAN,2019,1.51
Cape Verde,CPV,1991,30.02
Cape Verde,CPV,1992,29.6
Cape Verde,CPV,1993,29.2
Cape Verde,CPV,1994,28.55
Cape Verde,CPV,1995,27.88
Cape Verde,CPV,1996,27.2
Cape Verde,CPV,1997,26.46
Cape Verde,CPV,1998,25.59
Cape Verde,CPV,1999,24.7
Cape Verde,CPV,2000,23.65
Cape Verde,CPV,2001,23.02
Cape Verde,CPV,2002,22.23
Cape Verde,CPV,2003,21.53
Cape Verde,CPV,2004,20.59
Cape Verde,CPV,2005,19.81
Cape Verde,CPV,2006,19
Cape Verde,CPV,2007,18.05
Cape Verde,CPV,2008,17.36
Cape Verde,CPV,2009,16.99
Cape Verde,CPV,2010,16.54
Cape Verde,CPV,2011,16.03
Cape Verde,CPV,2012,15.64
Cape Verde,CPV,2013,15.27
Cape Verde,CPV,2014,14.91
Cape Verde,CPV,2015,14.54
Cape Verde,CPV,2016,14.06
Cape Verde,CPV,2017,13.61
Cape Verde,CPV,2018,11.84
Cape Verde,CPV,2019,10.6
Caribbean Small States,,1991,21.252644
Caribbean Small States,,1992,20.916014
Caribbean Small States,,1993,19.464203
Caribbean Small States,,1994,19.346943
Caribbean Small States,,1995,18.350657
Caribbean Small States,,1996,17.766142
Caribbean Small States,,1997,16.743633
Caribbean Small States,,1998,16.037931
Caribbean Small States,,1999,15.755826
Caribbean Small States,,2000,15.452048
Caribbean Small States,,2001,15.370144
Caribbean Small States,,2002,14.680838
Caribbean Small States,,2003,14.469815
Caribbean Small States,,2004,13.262575
Caribbean Small States,,2005,12.885736
Caribbean Small States,,2006,12.934955
Caribbean Small States,,2007,12.741814
Caribbean Small States,,2008,12.59033
Caribbean Small States,,2009,12.524892
Caribbean Small States,,2010,12.351334
Caribbean Small States,,2011,12.1825075
Caribbean Small States,,2012,12.310256
Caribbean Small States,,2013,12.142029
Caribbean Small States,,2014,12.185021
Caribbean Small States,,2015,11.841432
Caribbean Small States,,2016,11.4428835
Caribbean Small States,,2017,11.435181
Caribbean Small States,,2018,11.202528
Caribbean Small States,,2019,10.728105
Central African Republic,CAF,1991,75.67
Central African Republic,CAF,1992,75.82
Central African Republic,CAF,1993,75.86
Central African Republic,CAF,1994,75.82
Central African Republic,CAF,1995,75.68
Central African Republic,CAF,1996,75.85
Central African Republic,CAF,1997,75.75
Central African Republic,CAF,1998,75.59
Central African Republic,CAF,1999,75.45
Central African Republic,CAF,2000,75.51
Central African Republic,CAF,2001,75.26
Central African Republic,CAF,2002,75.02
Central African Republic,CAF,2003,75.17
Central African Republic,CAF,2004,74.8
Central African Republic,CAF,2005,74.62
Central African Republic,CAF,2006,74.22
Central African Republic,CAF,2007,73.83
Central African Republic,CAF,2008,73.51
Central African Republic,CAF,2009,72.93
Central African Republic,CAF,2010,72.51
Central African Republic,CAF,2011,72.08
Central African Republic,CAF,2012,71.57
Central African Republic,CAF,2013,72.53
Central African Republic,CAF,2014,72.3
Central African Republic,CAF,2015,71.83
Central African Republic,CAF,2016,71.3
Central African Republic,CAF,2017,70.78
Central African Republic,CAF,2018,70.3
Central African Republic,CAF,2019,69.85
Central Europe and the Baltics,,1991,21.677254
Central Europe and the Baltics,,1992,22.235016
Central Europe and the Baltics,,1993,22.531412
Central Europe and the Baltics,,1994,22.77562
Central Europe and the Baltics,,1995,22.487022
Central Europe and the Baltics,,1996,21.388174
Central Europe and the Baltics,,1997,21.834116
Central Europe and the Baltics,,1998,21.455309
Central Europe and the Baltics,,1999,21.516962
Central Europe and the Baltics,,2000,21.315535
Central Europe and the Baltics,,2001,20.773842
Central Europe and the Baltics,,2002,18.840399
Central Europe and the Baltics,,2003,18.112152
Central Europe and the Baltics,,2004,16.576885
Central Europe and the Baltics,,2005,16.000246
Central Europe and the Baltics,,2006,14.855823
Central Europe and the Baltics,,2007,13.937334
Central Europe and the Baltics,,2008,13.162067
Central Europe and the Baltics,,2009,13.072941
Central Europe and the Baltics,,2010,13.454241
Central Europe and the Baltics,,2011,12.991728
Central Europe and the Baltics,,2012,12.886683
Central Europe and the Baltics,,2013,12.456373
Central Europe and the Baltics,,2014,12.024407
Central Europe and the Baltics,,2015,11.392378
Central Europe and the Baltics,,2016,10.36293
Central Europe and the Baltics,,2017,10.1477995
Central Europe and the Baltics,,2018,9.701433
Central Europe and the Baltics,,2019,9.274439
Chad,TCD,1991,83.23
Chad,TCD,1992,82.98
Chad,TCD,1993,83.38
Chad,TCD,1994,82.97
Chad,TCD,1995,82.89
Chad,TCD,1996,82.78
Chad,TCD,1997,82.52
Chad,TCD,1998,82.21
Chad,TCD,1999,82.22
Chad,TCD,2000,82.23
Chad,TCD,2001,81.7
Chad,TCD,2002,81.29
Chad,TCD,2003,80.62
Chad,TCD,2004,79.66
Chad,TCD,2005,78.89
Chad,TCD,2006,78.74
Chad,TCD,2007,78.48
Chad,TCD,2008,78.22
Chad,TCD,2009,77.89
Chad,TCD,2010,77.15
Chad,TCD,2011,77.04
Chad,TCD,2012,76.49
Chad,TCD,2013,76.11
Chad,TCD,2014,75.65
Chad,TCD,2015,75.38
Chad,TCD,2016,75.61
Chad,TCD,2017,75.64
Chad,TCD,2018,75.39
Chad,TCD,2019,75.06
Channel Islands,OWID_CIS,1991,5.46
Channel Islands,OWID_CIS,1992,5.4
Channel Islands,OWID_CIS,1993,5.32
Channel Islands,OWID_CIS,1994,5.22
Channel Islands,OWID_CIS,1995,5.12
Channel Islands,OWID_CIS,1996,5.01
Channel Islands,OWID_CIS,1997,4.89
Channel Islands,OWID_CIS,1998,4.76
Channel Islands,OWID_CIS,1999,4.62
Channel Islands,OWID_CIS,2000,4.45
Channel Islands,OWID_CIS,2001,4.37
Channel Islands,OWID_CIS,2002,4.29
Channel Islands,OWID_CIS,2003,4.23
Channel Islands,OWID_CIS,2004,4.12
Channel Islands,OWID_CIS,2005,4.01
Channel Islands,OWID_CIS,2006,3.85
Channel Islands,OWID_CIS,2007,3.7
Channel Islands,OWID_CIS,2008,3.62
Channel Islands,OWID_CIS,2009,3.58
Channel Islands,OWID_CIS,2010,3.48
Channel Islands,OWID_CIS,2011,3.38
Channel Islands,OWID_CIS,2012,3.28
Channel Islands,OWID_CIS,2013,3.17
Channel Islands,OWID_CIS,2014,3.06
Channel Islands,OWID_CIS,2015,2.96
Channel Islands,OWID_CIS,2016,2.87
Channel Islands,OWID_CIS,2017,2.78
Channel Islands,OWID_CIS,2018,2.7
Channel Islands,OWID_CIS,2019,2.62
Chile,CHL,1991,19.09
Chile,CHL,1992,18.02
Chile,CHL,1993,16.55
Chile,CHL,1994,16.22
Chile,CHL,1995,15.71
Chile,CHL,1996,15.41
Chile,CHL,1997,14.42
Chile,CHL,1998,14.44
Chile,CHL,1999,14.43
Chile,CHL,2000,14.44
Chile,CHL,2001,13.6
Chile,CHL,2002,13.5
Chile,CHL,2003,13.6
Chile,CHL,2004,13.36
Chile,CHL,2005,13.16
Chile,CHL,2006,12.85
Chile,CHL,2007,12.31
Chile,CHL,2008,11.72
Chile,CHL,2009,11.18
Chile,CHL,2010,10.61
Chile,CHL,2011,10.26
Chile,CHL,2012,9.98
Chile,CHL,2013,9.48
Chile,CHL,2014,9.4
Chile,CHL,2015,9.38
Chile,CHL,2016,9.48
Chile,CHL,2017,9.25
Chile,CHL,2018,9.22
Chile,CHL,2019,8.98
China,CHN,1991,59.7
China,CHN,1992,58.5
China,CHN,1993,56.4
China,CHN,1994,54.3
China,CHN,1995,52.2
China,CHN,1996,50.5
China,CHN,1997,49.9
China,CHN,1998,49.8
China,CHN,1999,50.1
China,CHN,2000,50.01
China,CHN,2001,50.01
China,CHN,2002,50.01
China,CHN,2003,49.1
China,CHN,2004,46.9
China,CHN,2005,44.8
China,CHN,2006,42.6
China,CHN,2007,40.8
China,CHN,2008,39.6
China,CHN,2009,38.1
China,CHN,2010,36.7
China,CHN,2011,34.8
China,CHN,2012,33.6
China,CHN,2013,31.4
China,CHN,2014,29.5
China,CHN,2015,28.59
China,CHN,2016,27.7
China,CHN,2017,26.98
China,CHN,2018,26.07
China,CHN,2019,25.33
Colombia,COL,1991,23.75
Colombia,COL,1992,23.59
Colombia,COL,1993,23.37
Colombia,COL,1994,23.09
Colombia,COL,1995,22.84
Colombia,COL,1996,22.62
Colombia,COL,1997,22.3
Colombia,COL,1998,22.18
Colombia,COL,1999,22.35
Colombia,COL,2000,22.43
Colombia,COL,2001,22.2
Colombia,COL,2002,21.93
Colombia,COL,2003,21.55
Colombia,COL,2004,21.03
Colombia,COL,2005,20.66
Colombia,COL,2006,20.01
Colombia,COL,2007,19.37
Colombia,COL,2008,19.03
Colombia,COL,2009,18.62
Colombia,COL,2010,18.38
Colombia,COL,2011,17.81
Colombia,COL,2012,17.41
Colombia,COL,2013,16.6
Colombia,COL,2014,16.23
Colombia,COL,2015,16.01
Colombia,COL,2016,16.01
Colombia,COL,2017,16.53
Colombia,COL,2018,16.71
Colombia,COL,2019,15.77
Comoros,COM,1991,59.32
Comoros,COM,1992,59.17
Comoros,COM,1993,59.12
Comoros,COM,1994,59.25
Comoros,COM,1995,59.14
Comoros,COM,1996,59.14
Comoros,COM,1997,58.94
Comoros,COM,1998,58.79
Comoros,COM,1999,58.56
Comoros,COM,2000,57.87
Comoros,COM,2001,57.42
Comoros,COM,2002,56.9
Comoros,COM,2003,56.36
Comoros,COM,2004,55.72
Comoros,COM,2005,54.12
Comoros,COM,2006,52.49
Comoros,COM,2007,50.87
Comoros,COM,2008,49.1
Comoros,COM,2009,47.32
Comoros,COM,2010,45.48
Comoros,COM,2011,43.61
Comoros,COM,2012,41.77
Comoros,COM,2013,39.85
Comoros,COM,2014,38.01
Comoros,COM,2015,37.27
Comoros,COM,2016,36.49
Comoros,COM,2017,35.7
Comoros,COM,2018,34.99
Comoros,COM,2019,34.38
Congo,COG,1991,43.25
Congo,COG,1992,43.2
Congo,COG,1993,43.2
Congo,COG,1994,43.33
Congo,COG,1995,43.17
Congo,COG,1996,43
Congo,COG,1997,42.99
Congo,COG,1998,42.7
Congo,COG,1999,42.75
Congo,COG,2000,42.29
Congo,COG,2001,41.83
Congo,COG,2002,41.31
Congo,COG,2003,41.01
Congo,COG,2004,40.61
Congo,COG,2005,39.97
Congo,COG,2006,39.39
Congo,COG,2007,39.25
Congo,COG,2008,38.71
Congo,COG,2009,37.95
Congo,COG,2010,37.24
Congo,COG,2011,36.71
Congo,COG,2012,36.17
Congo,COG,2013,35.62
Congo,COG,2014,34.88
Congo,COG,2015,34.35
Congo,COG,2016,34.22
Congo,COG,2017,34.07
Congo,COG,2018,33.74
Congo,COG,2019,33.53
Costa Rica,CRI,1991,17.9
Costa Rica,CRI,1992,17.75
Costa Rica,CRI,1993,17.65
Costa Rica,CRI,1994,17.33
Costa Rica,CRI,1995,17.58
Costa Rica,CRI,1996,17.5
Costa Rica,CRI,1997,17.14
Costa Rica,CRI,1998,16.96
Costa Rica,CRI,1999,16.51
Costa Rica,CRI,2000,16.25
Costa Rica,CRI,2001,15.65
Costa Rica,CRI,2002,15.91
Costa Rica,CRI,2003,15.21
Costa Rica,CRI,2004,14.88
Costa Rica,CRI,2005,15.25
Costa Rica,CRI,2006,14.04
Costa Rica,CRI,2007,13.27
Costa Rica,CRI,2008,12.39
Costa Rica,CRI,2009,11.84
Costa Rica,CRI,2010,11.37
Costa Rica,CRI,2011,10.91
Costa Rica,CRI,2012,10.28
Costa Rica,CRI,2013,9.9
Costa Rica,CRI,2014,11.16
Costa Rica,CRI,2015,12.31
Costa Rica,CRI,2016,12.21
Costa Rica,CRI,2017,12.58
Costa Rica,CRI,2018,12.4
Costa Rica,CRI,2019,11.97
Cote d'Ivoire,CIV,1991,52.76
Cote d'Ivoire,CIV,1992,52.74
Cote d'Ivoire,CIV,1993,52.72
Cote d'Ivoire,CIV,1994,52.67
Cote d'Ivoire,CIV,1995,52.4
Cote d'Ivoire,CIV,1996,52.05
Cote d'Ivoire,CIV,1997,51.75
Cote d'Ivoire,CIV,1998,51.45
Cote d'Ivoire,CIV,1999,51.22
Cote d'Ivoire,CIV,2000,51.14
Cote d'Ivoire,CIV,2001,51.01
Cote d'Ivoire,CIV,2002,50.87
Cote d'Ivoire,CIV,2003,50.69
Cote d'Ivoire,CIV,2004,50.3
Cote d'Ivoire,CIV,2005,49.9
Cote d'Ivoire,CIV,2006,49.51
Cote d'Ivoire,CIV,2007,49.04
Cote d'Ivoire,CIV,2008,48.54
Cote d'Ivoire,CIV,2009,47.93
Cote d'Ivoire,CIV,2010,47.45
Cote d'Ivoire,CIV,2011,47.33
Cote d'Ivoire,CIV,2012,46.22
Cote d'Ivoire,CIV,2013,45.17
Cote d'Ivoire,CIV,2014,44.33
Cote d'Ivoire,CIV,2015,43.5
Cote d'Ivoire,CIV,2016,42.75
Cote d'Ivoire,CIV,2017,41.89
Cote d'Ivoire,CIV,2018,41.01
Cote d'Ivoire,CIV,2019,40.15
Croatia,HRV,1991,22.36
Croatia,HRV,1992,22.58
Croatia,HRV,1993,22.48
Croatia,HRV,1994,21.25
Croatia,HRV,1995,20.55
Croatia,HRV,1996,19.89
Croatia,HRV,1997,17.77
Croatia,HRV,1998,17.21
Croatia,HRV,1999,16.85
Croatia,HRV,2000,16.52
Croatia,HRV,2001,16.01
Croatia,HRV,2002,15.55
Croatia,HRV,2003,16.87
Croatia,HRV,2004,16.97
Croatia,HRV,2005,17.3
Croatia,HRV,2006,14.25
Croatia,HRV,2007,12.35
Croatia,HRV,2008,12.82
Croatia,HRV,2009,13.32
Croatia,HRV,2010,14.25
Croatia,HRV,2011,14.59
Croatia,HRV,2012,12.25
Croatia,HRV,2013,10.79
Croatia,HRV,2014,9.52
Croatia,HRV,2015,9.23
Croatia,HRV,2016,7.6
Croatia,HRV,2017,6.98
Croatia,HRV,2018,6.24
Croatia,HRV,2019,6.19
Cuba,CUB,1991,24.91
Cuba,CUB,1992,25.3
Cuba,CUB,1993,25.89
Cuba,CUB,1994,25.46
Cuba,CUB,1995,25.1
Cuba,CUB,1996,25.1
Cuba,CUB,1997,25.1
Cuba,CUB,1998,26.19
Cuba,CUB,1999,27.12
Cuba,CUB,2000,27.12
Cuba,CUB,2001,25.9
Cuba,CUB,2002,24.69
Cuba,CUB,2003,23.52
Cuba,CUB,2004,22.31
Cuba,CUB,2005,21.08
Cuba,CUB,2006,19.86
Cuba,CUB,2007,18.74
Cuba,CUB,2008,18.57
Cuba,CUB,2009,18.72
Cuba,CUB,2010,18.6
Cuba,CUB,2011,19.69
Cuba,CUB,2012,19.26
Cuba,CUB,2013,18.61
Cuba,CUB,2014,18.9
Cuba,CUB,2015,18.65
Cuba,CUB,2016,18.32
Cuba,CUB,2017,17.99
Cuba,CUB,2018,17.69
Cuba,CUB,2019,17.4
Cyprus,CYP,1991,12.63
Cyprus,CYP,1992,12.16
Cyprus,CYP,1993,11.87
Cyprus,CYP,1994,11.1
Cyprus,CYP,1995,10.82
Cyprus,CYP,1996,9.55
Cyprus,CYP,1997,8.34
Cyprus,CYP,1998,7.24
Cyprus,CYP,1999,6.25
Cyprus,CYP,2000,5.41
Cyprus,CYP,2001,4.84
Cyprus,CYP,2002,5.25
Cyprus,CYP,2003,5.19
Cyprus,CYP,2004,5.1
Cyprus,CYP,2005,4.74
Cyprus,CYP,2006,4.26
Cyprus,CYP,2007,4.39
Cyprus,CYP,2008,4.23
Cyprus,CYP,2009,3.93
Cyprus,CYP,2010,3.8
Cyprus,CYP,2011,3.83
Cyprus,CYP,2012,2.91
Cyprus,CYP,2013,3.11
Cyprus,CYP,2014,4.43
Cyprus,CYP,2015,4
Cyprus,CYP,2016,3.64
Cyprus,CYP,2017,2.53
Cyprus,CYP,2018,2.17
Cyprus,CYP,2019,2.41
Czechia,CZE,1991,8.18
Czechia,CZE,1992,8.08
Czechia,CZE,1993,7.8
Czechia,CZE,1994,6.95
Czechia,CZE,1995,6.64
Czechia,CZE,1996,6.22
Czechia,CZE,1997,5.79
Czechia,CZE,1998,5.55
Czechia,CZE,1999,5.31
Czechia,CZE,2000,5.22
Czechia,CZE,2001,4.87
Czechia,CZE,2002,4.9
Czechia,CZE,2003,4.51
Czechia,CZE,2004,4.45
Czechia,CZE,2005,3.98
Czechia,CZE,2006,3.76
Czechia,CZE,2007,3.58
Czechia,CZE,2008,3.17
Czechia,CZE,2009,3.12
Czechia,CZE,2010,3.1
Czechia,CZE,2011,2.99
Czechia,CZE,2012,3.05
Czechia,CZE,2013,3.03
Czechia,CZE,2014,2.75
Czechia,CZE,2015,2.93
Czechia,CZE,2016,2.9
Czechia,CZE,2017,2.8
Czechia,CZE,2018,2.8
Czechia,CZE,2019,2.66
Democratic Republic of Congo,COD,1991,71.82
Democratic Republic of Congo,COD,1992,72.08
Democratic Republic of Congo,COD,1993,72.39
Democratic Republic of Congo,COD,1994,72.59
Democratic Republic of Congo,COD,1995,72.61
Democratic Republic of Congo,COD,1996,72.64
Democratic Republic of Congo,COD,1997,72.89
Democratic Republic of Congo,COD,1998,72.94
Democratic Republic of Congo,COD,1999,73.14
Democratic Republic of Congo,COD,2000,73.46
Democratic Republic of Congo,COD,2001,73.42
Democratic Republic of Congo,COD,2002,73.17
Democratic Republic of Congo,COD,2003,72.81
Democratic Republic of Congo,COD,2004,72.32
Democratic Republic of Congo,COD,2005,71.87
Democratic Republic of Congo,COD,2006,71.45
Democratic Republic of Congo,COD,2007,70.92
Democratic Republic of Congo,COD,2008,70.44
Democratic Republic of Congo,COD,2009,70.09
Democratic Republic of Congo,COD,2010,69.54
Democratic Republic of Congo,COD,2011,68.96
Democratic Republic of Congo,COD,2012,68.34
Democratic Republic of Congo,COD,2013,67.61
Democratic Republic of Congo,COD,2014,66.81
Democratic Republic of Congo,COD,2015,66.15
Democratic Republic of Congo,COD,2016,65.8
Democratic Republic of Congo,COD,2017,65.38
Democratic Republic of Congo,COD,2018,64.81
Democratic Republic of Congo,COD,2019,64.3
Denmark,DNK,1991,5.46
Denmark,DNK,1992,5.27
Denmark,DNK,1993,5.14
Denmark,DNK,1994,5.05
Denmark,DNK,1995,4.39
Denmark,DNK,1996,3.88
Denmark,DNK,1997,3.74
Denmark,DNK,1998,3.71
Denmark,DNK,1999,3.32
Denmark,DNK,2000,3.67
Denmark,DNK,2001,3.55
Denmark,DNK,2002,3.21
Denmark,DNK,2003,3.3
Denmark,DNK,2004,3.27
Denmark,DNK,2005,3.18
Denmark,DNK,2006,3.09
Denmark,DNK,2007,2.96
Denmark,DNK,2008,2.71
Denmark,DNK,2009,2.76
Denmark,DNK,2010,2.54
Denmark,DNK,2011,2.4
Denmark,DNK,2012,2.64
Denmark,DNK,2013,2.59
Denmark,DNK,2014,2.48
Denmark,DNK,2015,2.49
Denmark,DNK,2016,2.33
Denmark,DNK,2017,2.11
Denmark,DNK,2018,2.19
Denmark,DNK,2019,2.22
Djibouti,DJI,1991,41.16
Djibouti,DJI,1992,41.06
Djibouti,DJI,1993,41.1
Djibouti,DJI,1994,40.98
Djibouti,DJI,1995,40.94
Djibouti,DJI,1996,40.95
Djibouti,DJI,1997,40.87
Djibouti,DJI,1998,40.73
Djibouti,DJI,1999,40.39
Djibouti,DJI,2000,40.08
Djibouti,DJI,2001,39.6
Djibouti,DJI,2002,38.97
Djibouti,DJI,2003,38.31
Djibouti,DJI,2004,37.65
Djibouti,DJI,2005,36.94
Djibouti,DJI,2006,36.1
Djibouti,DJI,2007,35.23
Djibouti,DJI,2008,34.3
Djibouti,DJI,2009,33.64
Djibouti,DJI,2010,32.82
Djibouti,DJI,2011,31.83
Djibouti,DJI,2012,30.99
Djibouti,DJI,2013,30.15
Djibouti,DJI,2014,29.19
Djibouti,DJI,2015,28.21
Djibouti,DJI,2016,27.29
Djibouti,DJI,2017,26.45
Djibouti,DJI,2018,25.47
Djibouti,DJI,2019,24.55
Dominican Republic,DOM,1991,21.75
Dominican Republic,DOM,1992,21.46
Dominican Republic,DOM,1993,21.2
Dominican Republic,DOM,1994,20.76
Dominican Republic,DOM,1995,20.35
Dominican Republic,DOM,1996,19.9
Dominican Republic,DOM,1997,20.02
Dominican Republic,DOM,1998,17.09
Dominican Republic,DOM,1999,17.54
Dominican Republic,DOM,2000,15.6
Dominican Republic,DOM,2001,14.39
Dominican Republic,DOM,2002,15.22
Dominican Republic,DOM,2003,14.27
Dominican Republic,DOM,2004,14.24
Dominican Republic,DOM,2005,13.68
Dominican Republic,DOM,2006,13.69
Dominican Republic,DOM,2007,12.85
Dominican Republic,DOM,2008,12.68
Dominican Republic,DOM,2009,13.13
Dominican Republic,DOM,2010,12.42
Dominican Republic,DOM,2011,12.04
Dominican Republic,DOM,2012,11.36
Dominican Republic,DOM,2013,11.08
Dominican Republic,DOM,2014,11.26
Dominican Republic,DOM,2015,9.72
Dominican Republic,DOM,2016,8.93
Dominican Republic,DOM,2017,9.58
Dominican Republic,DOM,2018,9.33
Dominican Republic,DOM,2019,8.78
Early-demographic dividend,,1991,53.50838
Early-demographic dividend,,1992,53.209766
Early-demographic dividend,,1993,52.64316
Early-demographic dividend,,1994,51.8696
Early-demographic dividend,,1995,51.141983
Early-demographic dividend,,1996,50.593826
Early-demographic dividend,,1997,50.10435
Early-demographic dividend,,1998,49.9025
Early-demographic dividend,,1999,49.562004
Early-demographic dividend,,2000,49.25507
Early-demographic dividend,,2001,48.681404
Early-demographic dividend,,2002,48.349415
Early-demographic dividend,,2003,47.876186
Early-demographic dividend,,2004,46.801243
Early-demographic dividend,,2005,46.18411
Early-demographic dividend,,2006,45.077015
Early-demographic dividend,,2007,44.22303
Early-demographic dividend,,2008,43.713932
Early-demographic dividend,,2009,42.96733
Early-demographic dividend,,2010,42.16302
Early-demographic dividend,,2011,40.823296
Early-demographic dividend,,2012,39.421062
Early-demographic dividend,,2013,38.8376
Early-demographic dividend,,2014,38.281197
Early-demographic dividend,,2015,37.49971
Early-demographic dividend,,2016,36.853443
Early-demographic dividend,,2017,36.100006
Early-demographic dividend,,2018,35.239086
Early-demographic dividend,,2019,34.574707
East Asia & Pacific,,1991,53.613483
East Asia & Pacific,,1992,52.7417
East Asia & Pacific,,1993,50.936127
East Asia & Pacific,,1994,49.099075
East Asia & Pacific,,1995,47.13697
East Asia & Pacific,,1996,45.82595
East Asia & Pacific,,1997,45.222443
East Asia & Pacific,,1998,45.385593
East Asia & Pacific,,1999,45.55747
East Asia & Pacific,,2000,45.42098
East Asia & Pacific,,2001,45.061535
East Asia & Pacific,,2002,44.91907
East Asia & Pacific,,2003,44.25517
East Asia & Pacific,,2004,42.323685
East Asia & Pacific,,2005,40.77199
East Asia & Pacific,,2006,38.999706
East Asia & Pacific,,2007,37.586197
East Asia & Pacific,,2008,36.73106
East Asia & Pacific,,2009,35.651325
East Asia & Pacific,,2010,34.60616
East Asia & Pacific,,2011,33.238922
East Asia & Pacific,,2012,32.31003
East Asia & Pacific,,2013,30.6899
East Asia & Pacific,,2014,29.03454
East Asia & Pacific,,2015,28.087944
East Asia & Pacific,,2016,27.096453
East Asia & Pacific,,2017,26.394775
East Asia & Pacific,,2018,25.55021
East Asia & Pacific,,2019,24.790615
East Asia & Pacific (IDA & IBRD),,1991,59.47771
East Asia & Pacific (IDA & IBRD),,1992,58.482197
East Asia & Pacific (IDA & IBRD),,1993,56.411064
East Asia & Pacific (IDA & IBRD),,1994,54.322117
East Asia & Pacific (IDA & IBRD),,1995,52.091045
East Asia & Pacific (IDA & IBRD),,1996,50.588253
East Asia & Pacific (IDA & IBRD),,1997,49.909466
East Asia & Pacific (IDA & IBRD),,1998,49.970036
East Asia & Pacific (IDA & IBRD),,1999,50.145664
East Asia & Pacific (IDA & IBRD),,2000,49.99978
East Asia & Pacific (IDA & IBRD),,2001,49.628082
East Asia & Pacific (IDA & IBRD),,2002,49.477318
East Asia & Pacific (IDA & IBRD),,2003,48.73258
East Asia & Pacific (IDA & IBRD),,2004,46.570778
East Asia & Pacific (IDA & IBRD),,2005,44.85896
East Asia & Pacific (IDA & IBRD),,2006,42.876194
East Asia & Pacific (IDA & IBRD),,2007,41.29867
East Asia & Pacific (IDA & IBRD),,2008,40.347637
East Asia & Pacific (IDA & IBRD),,2009,39.075703
East Asia & Pacific (IDA & IBRD),,2010,37.908962
East Asia & Pacific (IDA & IBRD),,2011,36.37941
East Asia & Pacific (IDA & IBRD),,2012,35.34409
East Asia & Pacific (IDA & IBRD),,2013,33.53138
East Asia & Pacific (IDA & IBRD),,2014,31.714396
East Asia & Pacific (IDA & IBRD),,2015,30.678148
East Asia & Pacific (IDA & IBRD),,2016,29.595879
East Asia & Pacific (IDA & IBRD),,2017,28.824272
East Asia & Pacific (IDA & IBRD),,2018,27.88689
East Asia & Pacific (IDA & IBRD),,2019,27.05842
East Asia & Pacific (excluding high income),,1991,59.315395
East Asia & Pacific (excluding high income),,1992,58.34148
East Asia & Pacific (excluding high income),,1993,56.30602
East Asia & Pacific (excluding high income),,1994,54.251656
East Asia & Pacific (excluding high income),,1995,52.058983
East Asia & Pacific (excluding high income),,1996,50.583042
East Asia & Pacific (excluding high income),,1997,49.923058
East Asia & Pacific (excluding high income),,1998,49.98448
East Asia & Pacific (excluding high income),,1999,50.14841
East Asia & Pacific (excluding high income),,2000,50.002876
East Asia & Pacific (excluding high income),,2001,49.6291
East Asia & Pacific (excluding high income),,2002,49.476788
East Asia & Pacific (excluding high income),,2003,48.737953
East Asia & Pacific (excluding high income),,2004,46.60147
East Asia & Pacific (excluding high income),,2005,44.906013
East Asia & Pacific (excluding high income),,2006,42.95095
East Asia & Pacific (excluding high income),,2007,41.394535
East Asia & Pacific (excluding high income),,2008,40.449883
East Asia & Pacific (excluding high income),,2009,39.193916
East Asia & Pacific (excluding high income),,2010,38.040604
East Asia & Pacific (excluding high income),,2011,36.527843
East Asia & Pacific (excluding high income),,2012,35.501682
East Asia & Pacific (excluding high income),,2013,33.70982
East Asia & Pacific (excluding high income),,2014,31.913683
East Asia & Pacific (excluding high income),,2015,30.890177
East Asia & Pacific (excluding high income),,2016,29.81516
East Asia & Pacific (excluding high income),,2017,29.055246
East Asia & Pacific (excluding high income),,2018,28.131786
East Asia & Pacific (excluding high income),,2019,27.306232
East Timor,TLS,1991,60.96
East Timor,TLS,1992,60.48
East Timor,TLS,1993,59.96
East Timor,TLS,1994,59.35
East Timor,TLS,1995,58.75
East Timor,TLS,1996,58.09
East Timor,TLS,1997,58.09
East Timor,TLS,1998,59.34
East Timor,TLS,1999,61.21
East Timor,TLS,2000,58.05
East Timor,TLS,2001,55.12
East Timor,TLS,2002,55.88
East Timor,TLS,2003,56.06
East Timor,TLS,2004,56.84
East Timor,TLS,2005,55.24
East Timor,TLS,2006,56.61
East Timor,TLS,2007,55.68
East Timor,TLS,2008,54.13
East Timor,TLS,2009,52.26
East Timor,TLS,2010,50.82
East Timor,TLS,2011,49.29
East Timor,TLS,2012,48.26
East Timor,TLS,2013,46.13
East Timor,TLS,2014,44.91
East Timor,TLS,2015,42.56
East Timor,TLS,2016,40.36
East Timor,TLS,2017,41.03
East Timor,TLS,2018,40.54
East Timor,TLS,2019,39.28
Ecuador,ECU,1991,29.73
Ecuador,ECU,1992,29.79
Ecuador,ECU,1993,29.55
Ecuador,ECU,1994,29.42
Ecuador,ECU,1995,29.34
Ecuador,ECU,1996,29.37
Ecuador,ECU,1997,29.11
Ecuador,ECU,1998,29.08
Ecuador,ECU,1999,29.54
Ecuador,ECU,2000,29.83
Ecuador,ECU,2001,29.65
Ecuador,ECU,2002,29.71
Ecuador,ECU,2003,29.8
Ecuador,ECU,2004,30.44
Ecuador,ECU,2005,30.35
Ecuador,ECU,2006,29.62
Ecuador,ECU,2007,28.49
Ecuador,ECU,2008,27.96
Ecuador,ECU,2009,28.54
Ecuador,ECU,2010,27.88
Ecuador,ECU,2011,27.91
Ecuador,ECU,2012,27.98
Ecuador,ECU,2013,26.65
Ecuador,ECU,2014,25.28
Ecuador,ECU,2015,26.19
Ecuador,ECU,2016,26.94
Ecuador,ECU,2017,27.69
Ecuador,ECU,2018,28.83
Ecuador,ECU,2019,29.74
Egypt,EGY,1991,39.02
Egypt,EGY,1992,38.46
Egypt,EGY,1993,35.29
Egypt,EGY,1994,35.18
Egypt,EGY,1995,33.99
Egypt,EGY,1996,32.72
Egypt,EGY,1997,31.38
Egypt,EGY,1998,29.8
Egypt,EGY,1999,28.7
Egypt,EGY,2000,29.63
Egypt,EGY,2001,28.54
Egypt,EGY,2002,27.52
Egypt,EGY,2003,29.87
Egypt,EGY,2004,31.83
Egypt,EGY,2005,30.94
Egypt,EGY,2006,31.23
Egypt,EGY,2007,31.76
Egypt,EGY,2008,31.69
Egypt,EGY,2009,29.96
Egypt,EGY,2010,28.28
Egypt,EGY,2011,29.24
Egypt,EGY,2012,27.07
Egypt,EGY,2013,27.96
Egypt,EGY,2014,27.55
Egypt,EGY,2015,25.82
Egypt,EGY,2016,25.57
Egypt,EGY,2017,25.05
Egypt,EGY,2018,21.66
Egypt,EGY,2019,20.62
El Salvador,SLV,1991,28.52
El Salvador,SLV,1992,27.95
El Salvador,SLV,1993,27.6
El Salvador,SLV,1994,27.21
El Salvador,SLV,1995,26.6
El Salvador,SLV,1996,26.3
El Salvador,SLV,1997,25.92
El Salvador,SLV,1998,25.08
El Salvador,SLV,1999,22.14
El Salvador,SLV,2000,21.61
El Salvador,SLV,2001,21.8
El Salvador,SLV,2002,19.75
El Salvador,SLV,2003,18.24
El Salvador,SLV,2004,19.13
El Salvador,SLV,2005,19.99
El Salvador,SLV,2006,18.86
El Salvador,SLV,2007,18.02
El Salvador,SLV,2008,18.69
El Salvador,SLV,2009,20.91
El Salvador,SLV,2010,20.78
El Salvador,SLV,2011,21.6
El Salvador,SLV,2012,20.97
El Salvador,SLV,2013,19.59
El Salvador,SLV,2014,18.76
El Salvador,SLV,2015,18.11
El Salvador,SLV,2016,18.68
El Salvador,SLV,2017,18.58
El Salvador,SLV,2018,16.71
El Salvador,SLV,2019,16.29
Equatorial Guinea,GNQ,1991,54.79
Equatorial Guinea,GNQ,1992,54.14
Equatorial Guinea,GNQ,1993,53.65
Equatorial Guinea,GNQ,1994,52.95
Equatorial Guinea,GNQ,1995,52.12
Equatorial Guinea,GNQ,1996,50.71
Equatorial Guinea,GNQ,1997,49.2
Equatorial Guinea,GNQ,1998,48.11
Equatorial Guinea,GNQ,1999,46.91
Equatorial Guinea,GNQ,2000,45.64
Equatorial Guinea,GNQ,2001,44.07
Equatorial Guinea,GNQ,2002,42.77
Equatorial Guinea,GNQ,2003,41.58
Equatorial Guinea,GNQ,2004,40.37
Equatorial Guinea,GNQ,2005,39.41
Equatorial Guinea,GNQ,2006,38.72
Equatorial Guinea,GNQ,2007,37.89
Equatorial Guinea,GNQ,2008,37.21
Equatorial Guinea,GNQ,2009,37.1
Equatorial Guinea,GNQ,2010,37.19
Equatorial Guinea,GNQ,2011,37.11
Equatorial Guinea,GNQ,2012,37.21
Equatorial Guinea,GNQ,2013,37.52
Equatorial Guinea,GNQ,2014,37.81
Equatorial Guinea,GNQ,2015,38.36
Equatorial Guinea,GNQ,2016,38.86
Equatorial Guinea,GNQ,2017,39.19
Equatorial Guinea,GNQ,2018,39.15
Equatorial Guinea,GNQ,2019,39.51
Eritrea,ERI,1991,71.82
Eritrea,ERI,1992,71.4
Eritrea,ERI,1993,70.89
Eritrea,ERI,1994,70.27
Eritrea,ERI,1995,69.84
Eritrea,ERI,1996,69.23
Eritrea,ERI,1997,68.62
Eritrea,ERI,1998,68.25
Eritrea,ERI,1999,68
Eritrea,ERI,2000,67.97
Eritrea,ERI,2001,67.53
Eritrea,ERI,2002,67.45
Eritrea,ERI,2003,67.76
Eritrea,ERI,2004,67.83
Eritrea,ERI,2005,67.79
Eritrea,ERI,2006,67.86
Eritrea,ERI,2007,67.72
Eritrea,ERI,2008,68.06
Eritrea,ERI,2009,67.68
Eritrea,ERI,2010,67.31
Eritrea,ERI,2011,66.54
Eritrea,ERI,2012,66.1
Eritrea,ERI,2013,66.34
Eritrea,ERI,2014,64.94
Eritrea,ERI,2015,65.48
Eritrea,ERI,2016,64.66
Eritrea,ERI,2017,64.89
Eritrea,ERI,2018,63.76
Eritrea,ERI,2019,63.12
Estonia,EST,1991,19.25
Estonia,EST,1992,18.09
Estonia,EST,1993,16
Estonia,EST,1994,14.15
Estonia,EST,1995,10.18
Estonia,EST,1996,9.72
Estonia,EST,1997,9.69
Estonia,EST,1998,9.3
Estonia,EST,1999,8.58
Estonia,EST,2000,6.36
Estonia,EST,2001,6.34
Estonia,EST,2002,6.6
Estonia,EST,2003,6.24
Estonia,EST,2004,5.06
Estonia,EST,2005,5.19
Estonia,EST,2006,5.06
Estonia,EST,2007,4.78
Estonia,EST,2008,3.9
Estonia,EST,2009,4.05
Estonia,EST,2010,4.22
Estonia,EST,2011,4.41
Estonia,EST,2012,4.49
Estonia,EST,2013,4.26
Estonia,EST,2014,3.86
Estonia,EST,2015,3.9
Estonia,EST,2016,3.89
Estonia,EST,2017,3.53
Estonia,EST,2018,3.29
Estonia,EST,2019,3.17
Eswatini,SWZ,1991,23.43
Eswatini,SWZ,1992,23.27
Eswatini,SWZ,1993,23.06
Eswatini,SWZ,1994,22.88
Eswatini,SWZ,1995,22.59
Eswatini,SWZ,1996,22.33
Eswatini,SWZ,1997,22.03
Eswatini,SWZ,1998,21.74
Eswatini,SWZ,1999,21.4
Eswatini,SWZ,2000,21
Eswatini,SWZ,2001,20.57
Eswatini,SWZ,2002,20.02
Eswatini,SWZ,2003,19.47
Eswatini,SWZ,2004,18.91
Eswatini,SWZ,2005,18.27
Eswatini,SWZ,2006,17.66
Eswatini,SWZ,2007,17.1
Eswatini,SWZ,2008,16.69
Eswatini,SWZ,2009,16.24
Eswatini,SWZ,2010,15.76
Eswatini,SWZ,2011,15.32
Eswatini,SWZ,2012,14.79
Eswatini,SWZ,2013,14.34
Eswatini,SWZ,2014,13.96
Eswatini,SWZ,2015,13.55
Eswatini,SWZ,2016,13.2
Eswatini,SWZ,2017,12.86
Eswatini,SWZ,2018,12.5
Eswatini,SWZ,2019,12.15
Ethiopia,ETH,1991,76.85
Ethiopia,ETH,1992,77.05
Ethiopia,ETH,1993,76.8
Ethiopia,ETH,1994,76.76
Ethiopia,ETH,1995,76.61
Ethiopia,ETH,1996,76.28
Ethiopia,ETH,1997,76.24
Ethiopia,ETH,1998,76.46
Ethiopia,ETH,1999,76.36
Ethiopia,ETH,2000,76.7
Ethiopia,ETH,2001,76.92
Ethiopia,ETH,2002,77.41
Ethiopia,ETH,2003,78.01
Ethiopia,ETH,2004,77.92
Ethiopia,ETH,2005,78.12
Ethiopia,ETH,2006,77.43
Ethiopia,ETH,2007,76.65
Ethiopia,ETH,2008,75.83
Ethiopia,ETH,2009,75.04
Ethiopia,ETH,2010,74.04
Ethiopia,ETH,2011,73.04
Ethiopia,ETH,2012,72.11
Ethiopia,ETH,2013,71.03
Ethiopia,ETH,2014,70.21
Ethiopia,ETH,2015,69.4
Ethiopia,ETH,2016,68.64
Ethiopia,ETH,2017,67.9
Ethiopia,ETH,2018,67.29
Ethiopia,ETH,2019,66.63
Euro area,,1991,7.316396
Euro area,,1992,7.120399
Euro area,,1993,6.799374
Euro area,,1994,6.6319838
Euro area,,1995,6.342753
Euro area,,1996,6.138004
Euro area,,1997,6.0944586
Euro area,,1998,5.809414
Euro area,,1999,5.5547757
Euro area,,2000,5.2890506
Euro area,,2001,5.1479654
Euro area,,2002,5.00916
Euro area,,2003,4.9205737
Euro area,,2004,4.5709486
Euro area,,2005,4.4787292
Euro area,,2006,4.368933
Euro area,,2007,4.147711
Euro area,,2008,3.6648724
Euro area,,2009,3.687457
Euro area,,2010,3.6610596
Euro area,,2011,3.5361843
Euro area,,2012,3.5113823
Euro area,,2013,3.4441803
Euro area,,2014,3.3728096
Euro area,,2015,3.259061
Euro area,,2016,3.2226968
Euro area,,2017,3.1229544
Euro area,,2018,3.0292864
Euro area,,2019,2.9773297
Europe & Central Asia,,1991,15.384315
Europe & Central Asia,,1992,15.745481
Europe & Central Asia,,1993,15.805015
Europe & Central Asia,,1994,16.013432
Europe & Central Asia,,1995,15.788041
Europe & Central Asia,,1996,15.376862
Europe & Central Asia,,1997,14.728855
Europe & Central Asia,,1998,14.398777
Europe & Central Asia,,1999,14.773644
Europe & Central Asia,,2000,14.386676
Europe & Central Asia,,2001,13.661882
Europe & Central Asia,,2002,13.061828
Europe & Central Asia,,2003,12.671224
Europe & Central Asia,,2004,12.091825
Europe & Central Asia,,2005,11.7966175
Europe & Central Asia,,2006,11.373534
Europe & Central Asia,,2007,10.857892
Europe & Central Asia,,2008,10.410793
Europe & Central Asia,,2009,10.288725
Europe & Central Asia,,2010,10.220156
Europe & Central Asia,,2011,10.184246
Europe & Central Asia,,2012,10.010484
Europe & Central Asia,,2013,9.863184
Europe & Central Asia,,2014,9.266842
Europe & Central Asia,,2015,9.05845
Europe & Central Asia,,2016,8.827058
Europe & Central Asia,,2017,8.534284
Europe & Central Asia,,2018,8.203205
Europe & Central Asia,,2019,7.962222
Europe & Central Asia (IDA & IBRD),,1991,23.978249
Europe & Central Asia (IDA & IBRD),,1992,24.712479
Europe & Central Asia (IDA & IBRD),,1993,25.105164
Europe & Central Asia (IDA & IBRD),,1994,25.770575
Europe & Central Asia (IDA & IBRD),,1995,25.747496
Europe & Central Asia (IDA & IBRD),,1996,25.29095
Europe & Central Asia (IDA & IBRD),,1997,24.300953
Europe & Central Asia (IDA & IBRD),,1998,24.138288
Europe & Central Asia (IDA & IBRD),,1999,25.142017
Europe & Central Asia (IDA & IBRD),,2000,24.641
Europe & Central Asia (IDA & IBRD),,2001,23.457813
Europe & Central Asia (IDA & IBRD),,2002,22.409733
Europe & Central Asia (IDA & IBRD),,2003,21.790142
Europe & Central Asia (IDA & IBRD),,2004,20.860832
Europe & Central Asia (IDA & IBRD),,2005,20.325665
Europe & Central Asia (IDA & IBRD),,2006,19.578531
Europe & Central Asia (IDA & IBRD),,2007,18.657787
Europe & Central Asia (IDA & IBRD),,2008,18.177334
Europe & Central Asia (IDA & IBRD),,2009,17.847565
Europe & Central Asia (IDA & IBRD),,2010,17.592367
Europe & Central Asia (IDA & IBRD),,2011,17.510445
Europe & Central Asia (IDA & IBRD),,2012,17.100563
Europe & Central Asia (IDA & IBRD),,2013,16.848448
Europe & Central Asia (IDA & IBRD),,2014,15.721521
Europe & Central Asia (IDA & IBRD),,2015,15.441297
Europe & Central Asia (IDA & IBRD),,2016,15.058796
Europe & Central Asia (IDA & IBRD),,2017,14.583969
Europe & Central Asia (IDA & IBRD),,2018,14.044308
Europe & Central Asia (IDA & IBRD),,2019,13.689015
Europe & Central Asia (excluding high income),,1991,23.851688
Europe & Central Asia (excluding high income),,1992,24.69826
Europe & Central Asia (excluding high income),,1993,25.190924
Europe & Central Asia (excluding high income),,1994,26.013477
Europe & Central Asia (excluding high income),,1995,26.07702
Europe & Central Asia (excluding high income),,1996,25.671505
Europe & Central Asia (excluding high income),,1997,24.69749
Europe & Central Asia (excluding high income),,1998,24.614122
Europe & Central Asia (excluding high income),,1999,25.783627
Europe & Central Asia (excluding high income),,2000,25.27343
Europe & Central Asia (excluding high income),,2001,23.919239
Europe & Central Asia (excluding high income),,2002,22.721918
Europe & Central Asia (excluding high income),,2003,22.155125
Europe & Central Asia (excluding high income),,2004,21.184595
Europe & Central Asia (excluding high income),,2005,20.618736
Europe & Central Asia (excluding high income),,2006,19.978867
Europe & Central Asia (excluding high income),,2007,19.090261
Europe & Central Asia (excluding high income),,2008,18.641222
Europe & Central Asia (excluding high income),,2009,18.344177
Europe & Central Asia (excluding high income),,2010,18.064075
Europe & Central Asia (excluding high income),,2011,17.976513
Europe & Central Asia (excluding high income),,2012,17.571884
Europe & Central Asia (excluding high income),,2013,17.356827
Europe & Central Asia (excluding high income),,2014,16.182667
Europe & Central Asia (excluding high income),,2015,15.874873
Europe & Central Asia (excluding high income),,2016,15.563952
Europe & Central Asia (excluding high income),,2017,15.084758
Europe & Central Asia (excluding high income),,2018,14.554755
Europe & Central Asia (excluding high income),,2019,14.212767
European Union,,1991,10.705268
European Union,,1992,10.745073
European Union,,1993,10.627882
European Union,,1994,10.576369
European Union,,1995,10.296683
European Union,,1996,9.831613
European Union,,1997,9.88626
European Union,,1998,9.569668
European Union,,1999,9.305017
European Union,,2000,8.97271
European Union,,2001,8.668116
European Union,,2002,7.9520173
European Union,,2003,7.7242174
European Union,,2004,7.11813
European Union,,2005,6.9301705
European Union,,2006,6.599442
European Union,,2007,6.2506924
European Union,,2008,5.7569757
European Union,,2009,5.750247
European Union,,2010,5.8100786
European Union,,2011,5.6016984
European Union,,2012,5.578576
European Union,,2013,5.435266
European Union,,2014,5.2877874
European Union,,2015,5.0675144
European Union,,2016,4.809233
European Union,,2017,4.6921096
European Union,,2018,4.5158606
European Union,,2019,4.37176
Fiji,FJI,1991,34.41
Fiji,FJI,1992,34.09
Fiji,FJI,1993,33.82
Fiji,FJI,1994,33.58
Fiji,FJI,1995,33.18
Fiji,FJI,1996,32.79
Fiji,FJI,1997,32.4
Fiji,FJI,1998,32.03
Fiji,FJI,1999,31.74
Fiji,FJI,2000,31.08
Fiji,FJI,2001,30.29
Fiji,FJI,2002,29.84
Fiji,FJI,2003,29.34
Fiji,FJI,2004,28.75
Fiji,FJI,2005,28.25
Fiji,FJI,2006,27.57
Fiji,FJI,2007,27.07
Fiji,FJI,2008,26.11
Fiji,FJI,2009,25.36
Fiji,FJI,2010,24.44
Fiji,FJI,2011,23.72
Fiji,FJI,2012,22.97
Fiji,FJI,2013,22.09
Fiji,FJI,2014,20.85
Fiji,FJI,2015,19.88
Fiji,FJI,2016,19.09
Fiji,FJI,2017,18.48
Fiji,FJI,2018,17.98
Fiji,FJI,2019,17.61
Finland,FIN,1991,8.43
Finland,FIN,1992,8.37
Finland,FIN,1993,8.28
Finland,FIN,1994,8.04
Finland,FIN,1995,7.76
Finland,FIN,1996,7.89
Finland,FIN,1997,7.78
Finland,FIN,1998,7.11
Finland,FIN,1999,6.38
Finland,FIN,2000,6.21
Finland,FIN,2001,5.84
Finland,FIN,2002,5.53
Finland,FIN,2003,5.28
Finland,FIN,2004,5.01
Finland,FIN,2005,4.83
Finland,FIN,2006,4.67
Finland,FIN,2007,4.54
Finland,FIN,2008,4.52
Finland,FIN,2009,4.63
Finland,FIN,2010,4.44
Finland,FIN,2011,4.23
Finland,FIN,2012,4.16
Finland,FIN,2013,4.13
Finland,FIN,2014,4.26
Finland,FIN,2015,4.22
Finland,FIN,2016,3.87
Finland,FIN,2017,3.76
Finland,FIN,2018,3.71
Finland,FIN,2019,3.78
Fragile and conflict affected situations,,1991,61.499363
Fragile and conflict affected situations,,1992,61.330784
Fragile and conflict affected situations,,1993,61.25396
Fragile and conflict affected situations,,1994,61.32686
Fragile and conflict affected situations,,1995,60.94282
Fragile and conflict affected situations,,1996,60.576683
Fragile and conflict affected situations,,1997,60.05551
Fragile and conflict affected situations,,1998,59.76922
Fragile and conflict affected situations,,1999,59.64103
Fragile and conflict affected situations,,2000,59.489258
Fragile and conflict affected situations,,2001,59.044933
Fragile and conflict affected situations,,2002,58.64283
Fragile and conflict affected situations,,2003,58.208694
Fragile and conflict affected situations,,2004,57.580463
Fragile and conflict affected situations,,2005,56.985554
Fragile and conflict affected situations,,2006,56.234158
Fragile and conflict affected situations,,2007,55.54954
Fragile and conflict affected situations,,2008,54.880978
Fragile and conflict affected situations,,2009,54.12412
Fragile and conflict affected situations,,2010,53.4
Fragile and conflict affected situations,,2011,52.711174
Fragile and conflict affected situations,,2012,52.01998
Fragile and conflict affected situations,,2013,51.385292
Fragile and conflict affected situations,,2014,50.788677
Fragile and conflict affected situations,,2015,50.227093
Fragile and conflict affected situations,,2016,50.028976
Fragile and conflict affected situations,,2017,49.64389
Fragile and conflict affected situations,,2018,49.06125
Fragile and conflict affected situations,,2019,48.77434
France,FRA,1400,71.4
France,FRA,1500,73
France,FRA,1600,67.8
France,FRA,1700,63.2
France,FRA,1750,61.1
France,FRA,1800,59.2
France,FRA,1980,8.4
France,FRA,1991,6.03
France,FRA,1992,5.73
France,FRA,1993,5.46
France,FRA,1994,5.19
France,FRA,1995,4.89
France,FRA,1996,4.82
France,FRA,1997,4.64
France,FRA,1998,4.41
France,FRA,1999,4.24
France,FRA,2000,4.14
France,FRA,2001,4.07
France,FRA,2002,4.13
France,FRA,2003,4.25
France,FRA,2004,3.87
France,FRA,2005,3.64
France,FRA,2006,3.73
France,FRA,2007,3.45
France,FRA,2008,2.74
France,FRA,2009,2.93
France,FRA,2010,2.91
France,FRA,2011,2.91
France,FRA,2012,2.92
France,FRA,2013,3.08
France,FRA,2014,2.85
France,FRA,2015,2.71
France,FRA,2016,2.86
France,FRA,2017,2.61
France,FRA,2018,2.5
France,FRA,2019,2.53
French Polynesia,PYF,1991,15.69
French Polynesia,PYF,1992,15.43
French Polynesia,PYF,1993,15.21
French Polynesia,PYF,1994,14.96
French Polynesia,PYF,1995,14.6
French Polynesia,PYF,1996,14.25
French Polynesia,PYF,1997,13.37
French Polynesia,PYF,1998,12.43
French Polynesia,PYF,1999,11.63
French Polynesia,PYF,2000,10.88
French Polynesia,PYF,2001,10.09
French Polynesia,PYF,2002,9.39
French Polynesia,PYF,2003,9.3
French Polynesia,PYF,2004,9.3
French Polynesia,PYF,2005,9.29
French Polynesia,PYF,2006,9.29
French Polynesia,PYF,2007,9.25
French Polynesia,PYF,2008,9.02
French Polynesia,PYF,2009,8.88
French Polynesia,PYF,2010,8.71
French Polynesia,PYF,2011,8.58
French Polynesia,PYF,2012,8.38
French Polynesia,PYF,2013,8.2
French Polynesia,PYF,2014,7.95
French Polynesia,PYF,2015,7.72
French Polynesia,PYF,2016,7.5
French Polynesia,PYF,2017,7.26
French Polynesia,PYF,2018,7.04
French Polynesia,PYF,2019,6.83
Gabon,GAB,1991,44.24
Gabon,GAB,1992,44.02
Gabon,GAB,1993,43.52
Gabon,GAB,1994,42.97
Gabon,GAB,1995,42.36
Gabon,GAB,1996,41.8
Gabon,GAB,1997,41.15
Gabon,GAB,1998,40.57
Gabon,GAB,1999,40.47
Gabon,GAB,2000,40.11
Gabon,GAB,2001,39.57
Gabon,GAB,2002,39.12
Gabon,GAB,2003,38.57
Gabon,GAB,2004,38.1
Gabon,GAB,2005,37.55
Gabon,GAB,2006,37.23
Gabon,GAB,2007,36.56
Gabon,GAB,2008,36.29
Gabon,GAB,2009,35.87
Gabon,GAB,2010,35.18
Gabon,GAB,2011,34.51
Gabon,GAB,2012,33.91
Gabon,GAB,2013,33.3
Gabon,GAB,2014,32.72
Gabon,GAB,2015,32.14
Gabon,GAB,2016,31.6
Gabon,GAB,2017,31.11
Gabon,GAB,2018,30.59
Gabon,GAB,2019,29.96
Gambia,GMB,1991,37.7
Gambia,GMB,1992,37.57
Gambia,GMB,1993,37.43
Gambia,GMB,1994,37.35
Gambia,GMB,1995,37.22
Gambia,GMB,1996,37.03
Gambia,GMB,1997,36.69
Gambia,GMB,1998,36.38
Gambia,GMB,1999,35.88
Gambia,GMB,2000,35.37
Gambia,GMB,2001,34.79
Gambia,GMB,2002,34.77
Gambia,GMB,2003,34.14
Gambia,GMB,2004,33.48
Gambia,GMB,2005,33.39
Gambia,GMB,2006,33.19
Gambia,GMB,2007,32.76
Gambia,GMB,2008,32.14
Gambia,GMB,2009,31.49
Gambia,GMB,2010,30.89
Gambia,GMB,2011,31.11
Gambia,GMB,2012,30.54
Gambia,GMB,2013,30.11
Gambia,GMB,2014,29.92
Gambia,GMB,2015,29.39
Gambia,GMB,2016,28.99
Gambia,GMB,2017,28.41
Gambia,GMB,2018,27.71
Gambia,GMB,2019,27.03
Georgia,GEO,1991,47.04
Georgia,GEO,1992,47.73
Georgia,GEO,1993,48.45
Georgia,GEO,1994,48.59
Georgia,GEO,1995,48.54
Georgia,GEO,1996,48.72
Georgia,GEO,1997,48.32
Georgia,GEO,1998,48.55
Georgia,GEO,1999,52.25
Georgia,GEO,2000,52.17
Georgia,GEO,2001,52.79
Georgia,GEO,2002,53.77
Georgia,GEO,2003,54.9
Georgia,GEO,2004,54
Georgia,GEO,2005,54.34
Georgia,GEO,2006,55.3
Georgia,GEO,2007,53.43
Georgia,GEO,2008,51.31
Georgia,GEO,2009,49.35
Georgia,GEO,2010,48.09
Georgia,GEO,2011,48.62
Georgia,GEO,2012,47.13
Georgia,GEO,2013,47.33
Georgia,GEO,2014,46.06
Georgia,GEO,2015,44.05
Georgia,GEO,2016,43.81
Georgia,GEO,2017,43.13
Georgia,GEO,2018,38.9
Georgia,GEO,2019,38.15
Germany,DEU,1991,3.48
Germany,DEU,1992,3.4
Germany,DEU,1993,3.35
Germany,DEU,1994,3.26
Germany,DEU,1995,3.17
Germany,DEU,1996,2.94
Germany,DEU,1997,2.94
Germany,DEU,1998,2.78
Germany,DEU,1999,2.87
Germany,DEU,2000,2.64
Germany,DEU,2001,2.62
Germany,DEU,2002,2.49
Germany,DEU,2003,2.43
Germany,DEU,2004,2.36
Germany,DEU,2005,2.37
Germany,DEU,2006,2.27
Germany,DEU,2007,2.26
Germany,DEU,2008,1.79
Germany,DEU,2009,1.68
Germany,DEU,2010,1.65
Germany,DEU,2011,1.65
Germany,DEU,2012,1.56
Germany,DEU,2013,1.45
Germany,DEU,2014,1.43
Germany,DEU,2015,1.39
Germany,DEU,2016,1.31
Germany,DEU,2017,1.28
Germany,DEU,2018,1.25
Germany,DEU,2019,1.21
Ghana,GHA,1991,57.12
Ghana,GHA,1992,56.94
Ghana,GHA,1993,56.68
Ghana,GHA,1994,56.49
Ghana,GHA,1995,56.24
Ghana,GHA,1996,55.97
Ghana,GHA,1997,55.66
Ghana,GHA,1998,55.3
Ghana,GHA,1999,54.95
Ghana,GHA,2000,55.03
Ghana,GHA,2001,55.1
Ghana,GHA,2002,55.12
Ghana,GHA,2003,55.1
Ghana,GHA,2004,55.05
Ghana,GHA,2005,54.96
Ghana,GHA,2006,54.93
Ghana,GHA,2007,53.94
Ghana,GHA,2008,52.63
Ghana,GHA,2009,51.51
Ghana,GHA,2010,50.11
Ghana,GHA,2011,48.36
Ghana,GHA,2012,46.85
Ghana,GHA,2013,45.38
Ghana,GHA,2014,40.41
Ghana,GHA,2015,35.18
Ghana,GHA,2016,33.89
Ghana,GHA,2017,32.57
Ghana,GHA,2018,31.05
Ghana,GHA,2019,29.75
Greece,GRC,1991,21.96
Greece,GRC,1992,21.59
Greece,GRC,1993,21.28
Greece,GRC,1994,20.81
Greece,GRC,1995,20.43
Greece,GRC,1996,20.28
Greece,GRC,1997,19.84
Greece,GRC,1998,17.89
Greece,GRC,1999,17.43
Greece,GRC,2000,17.4
Greece,GRC,2001,15.87
Greece,GRC,2002,15.23
Greece,GRC,2003,15.03
Greece,GRC,2004,12.37
Greece,GRC,2005,12.16
Greece,GRC,2006,11.72
Greece,GRC,2007,11.33
Greece,GRC,2008,11.14
Greece,GRC,2009,11.7
Greece,GRC,2010,12.4
Greece,GRC,2011,12.35
Greece,GRC,2012,13
Greece,GRC,2013,13.69
Greece,GRC,2014,13.57
Greece,GRC,2015,12.9
Greece,GRC,2016,12.37
Greece,GRC,2017,12.08
Greece,GRC,2018,12.27
Greece,GRC,2019,11.6
Guam,GUM,1991,0.65
Guam,GUM,1992,0.64
Guam,GUM,1993,0.63
Guam,GUM,1994,0.62
Guam,GUM,1995,0.6
Guam,GUM,1996,0.59
Guam,GUM,1997,0.57
Guam,GUM,1998,0.55
Guam,GUM,1999,0.54
Guam,GUM,2000,0.52
Guam,GUM,2001,0.49
Guam,GUM,2002,0.47
Guam,GUM,2003,0.44
Guam,GUM,2004,0.42
Guam,GUM,2005,0.4
Guam,GUM,2006,0.38
Guam,GUM,2007,0.37
Guam,GUM,2008,0.35
Guam,GUM,2009,0.33
Guam,GUM,2010,0.32
Guam,GUM,2011,0.31
Guam,GUM,2012,0.29
Guam,GUM,2013,0.28
Guam,GUM,2014,0.27
Guam,GUM,2015,0.26
Guam,GUM,2016,0.26
Guam,GUM,2017,0.25
Guam,GUM,2018,0.24
Guam,GUM,2019,0.23
Guatemala,GTM,1991,39.58
Guatemala,GTM,1992,39.37
Guatemala,GTM,1993,39.13
Guatemala,GTM,1994,38.85
Guatemala,GTM,1995,38.58
Guatemala,GTM,1996,38.48
Guatemala,GTM,1997,38.05
Guatemala,GTM,1998,37.56
Guatemala,GTM,1999,38.66
Guatemala,GTM,2000,39.77
Guatemala,GTM,2001,37.19
Guatemala,GTM,2002,35.49
Guatemala,GTM,2003,33.52
Guatemala,GTM,2004,36.16
Guatemala,GTM,2005,34.76
Guatemala,GTM,2006,33.23
Guatemala,GTM,2007,33.03
Guatemala,GTM,2008,33.04
Guatemala,GTM,2009,33.46
Guatemala,GTM,2010,33.5
Guatemala,GTM,2011,32.91
Guatemala,GTM,2012,32.26
Guatemala,GTM,2013,30.88
Guatemala,GTM,2014,31.53
Guatemala,GTM,2015,31.88
Guatemala,GTM,2016,29.38
Guatemala,GTM,2017,31.78
Guatemala,GTM,2018,31.74
Guatemala,GTM,2019,31.3
Guinea,GIN,1991,73.44
Guinea,GIN,1992,73.34
Guinea,GIN,1993,73.16
Guinea,GIN,1994,73
Guinea,GIN,1995,72.79
Guinea,GIN,1996,72.57
Guinea,GIN,1997,72.29
Guinea,GIN,1998,72.03
Guinea,GIN,1999,71.7
Guinea,GIN,2000,71.42
Guinea,GIN,2001,70.99
Guinea,GIN,2002,70.45
Guinea,GIN,2003,70.07
Guinea,GIN,2004,69.69
Guinea,GIN,2005,69.26
Guinea,GIN,2006,68.93
Guinea,GIN,2007,68.28
Guinea,GIN,2008,67.76
Guinea,GIN,2009,67.59
Guinea,GIN,2010,67.03
Guinea,GIN,2011,66.38
Guinea,GIN,2012,65.7
Guinea,GIN,2013,65.12
Guinea,GIN,2014,64.55
Guinea,GIN,2015,63.98
Guinea,GIN,2016,62.99
Guinea,GIN,2017,62.03
Guinea,GIN,2018,61.32
Guinea,GIN,2019,60.65
Guinea-Bissau,GNB,1991,68.6
Guinea-Bissau,GNB,1992,68.54
Guinea-Bissau,GNB,1993,68.43
Guinea-Bissau,GNB,1994,68.27
Guinea-Bissau,GNB,1995,68.11
Guinea-Bissau,GNB,1996,67.77
Guinea-Bissau,GNB,1997,67.45
Guinea-Bissau,GNB,1998,67.99
Guinea-Bissau,GNB,1999,67.92
Guinea-Bissau,GNB,2000,67.68
Guinea-Bissau,GNB,2001,67.51
Guinea-Bissau,GNB,2002,67.47
Guinea-Bissau,GNB,2003,67.32
Guinea-Bissau,GNB,2004,67.05
Guinea-Bissau,GNB,2005,66.69
Guinea-Bissau,GNB,2006,66.41
Guinea-Bissau,GNB,2007,66.08
Guinea-Bissau,GNB,2008,65.69
Guinea-Bissau,GNB,2009,65.32
Guinea-Bissau,GNB,2010,64.87
Guinea-Bissau,GNB,2011,64.22
Guinea-Bissau,GNB,2012,64.09
Guinea-Bissau,GNB,2013,63.68
Guinea-Bissau,GNB,2014,63.4
Guinea-Bissau,GNB,2015,62.82
Guinea-Bissau,GNB,2016,62.18
Guinea-Bissau,GNB,2017,61.57
Guinea-Bissau,GNB,2018,61.06
Guinea-Bissau,GNB,2019,60.48
Guyana,GUY,1991,32.45
Guyana,GUY,1992,31.75
Guyana,GUY,1993,31.58
Guyana,GUY,1994,30.83
Guyana,GUY,1995,30.1
Guyana,GUY,1996,29.27
Guyana,GUY,1997,28.29
Guyana,GUY,1998,27.37
Guyana,GUY,1999,25.76
Guyana,GUY,2000,24.66
Guyana,GUY,2001,23.38
Guyana,GUY,2002,22.18
Guyana,GUY,2003,21.73
Guyana,GUY,2004,21.42
Guyana,GUY,2005,21.64
Guyana,GUY,2006,21.98
Guyana,GUY,2007,21.29
Guyana,GUY,2008,20.8
Guyana,GUY,2009,20.38
Guyana,GUY,2010,20.05
Guyana,GUY,2011,19.41
Guyana,GUY,2012,18.93
Guyana,GUY,2013,18.04
Guyana,GUY,2014,17.43
Guyana,GUY,2015,16.92
Guyana,GUY,2016,16.68
Guyana,GUY,2017,16.25
Guyana,GUY,2018,15.89
Guyana,GUY,2019,15.44
Haiti,HTI,1991,40.18
Haiti,HTI,1992,40.36
Haiti,HTI,1993,40.25
Haiti,HTI,1994,40.53
Haiti,HTI,1995,39.73
Haiti,HTI,1996,38.96
Haiti,HTI,1997,38.71
Haiti,HTI,1998,38.25
Haiti,HTI,1999,38.06
Haiti,HTI,2000,37.75
Haiti,HTI,2001,37.42
Haiti,HTI,2002,36.96
Haiti,HTI,2003,36.47
Haiti,HTI,2004,36.28
Haiti,HTI,2005,35.72
Haiti,HTI,2006,35.32
Haiti,HTI,2007,34.85
Haiti,HTI,2008,34.44
Haiti,HTI,2009,33.96
Haiti,HTI,2010,34.02
Haiti,HTI,2011,33.04
Haiti,HTI,2012,32.06
Haiti,HTI,2013,31.48
Haiti,HTI,2014,30.89
Haiti,HTI,2015,30.41
Haiti,HTI,2016,30.05
Haiti,HTI,2017,29.7
Haiti,HTI,2018,29.22
Haiti,HTI,2019,29.03
Heavily indebted poor countries (HIPC),,1991,70.92509
Heavily indebted poor countries (HIPC),,1992,70.91829
Heavily indebted poor countries (HIPC),,1993,70.82074
Heavily indebted poor countries (HIPC),,1994,70.737816
Heavily indebted poor countries (HIPC),,1995,70.55055
Heavily indebted poor countries (HIPC),,1996,70.332306
Heavily indebted poor countries (HIPC),,1997,70.150894
Heavily indebted poor countries (HIPC),,1998,69.95683
Heavily indebted poor countries (HIPC),,1999,69.766624
Heavily indebted poor countries (HIPC),,2000,69.71549
Heavily indebted poor countries (HIPC),,2001,69.63964
Heavily indebted poor countries (HIPC),,2002,69.27859
Heavily indebted poor countries (HIPC),,2003,68.75544
Heavily indebted poor countries (HIPC),,2004,68.32352
Heavily indebted poor countries (HIPC),,2005,67.93141
Heavily indebted poor countries (HIPC),,2006,67.23675
Heavily indebted poor countries (HIPC),,2007,66.48823
Heavily indebted poor countries (HIPC),,2008,65.66088
Heavily indebted poor countries (HIPC),,2009,64.869514
Heavily indebted poor countries (HIPC),,2010,63.999874
Heavily indebted poor countries (HIPC),,2011,63.07941
Heavily indebted poor countries (HIPC),,2012,62.062042
Heavily indebted poor countries (HIPC),,2013,61.41222
Heavily indebted poor countries (HIPC),,2014,60.324486
Heavily indebted poor countries (HIPC),,2015,59.402336
Heavily indebted poor countries (HIPC),,2016,58.893394
Heavily indebted poor countries (HIPC),,2017,58.345695
Heavily indebted poor countries (HIPC),,2018,57.76903
Heavily indebted poor countries (HIPC),,2019,57.21726
High income,,1991,6.4355903
High income,,1992,6.2703805
High income,,1993,5.9978533
High income,,1994,5.781525
High income,,1995,5.5547895
High income,,1996,5.3612638
High income,,1997,5.2112947
High income,,1998,5.08397
High income,,1999,4.878926
High income,,2000,4.668613
High income,,2001,4.512535
High income,,2002,4.397283
High income,,2003,4.254401
High income,,2004,4.0670657
High income,,2005,3.9640257
High income,,2006,3.8268123
High income,,2007,3.6725693
High income,,2008,3.4872704
High income,,2009,3.4729464
High income,,2010,3.4377732
High income,,2011,3.361013
High income,,2012,3.2735386
High income,,2013,3.2079031
High income,,2014,3.135369
High income,,2015,3.1079485
High income,,2016,3.0015297
High income,,2017,2.9104009
High income,,2018,2.8185406
High income,,2019,2.7602751
Honduras,HND,1991,38.05
Honduras,HND,1992,38.23
Honduras,HND,1993,37.46
Honduras,HND,1994,37.21
Honduras,HND,1995,37.25
Honduras,HND,1996,38.29
Honduras,HND,1997,37
Honduras,HND,1998,34.59
Honduras,HND,1999,35.07
Honduras,HND,2000,35.94
Honduras,HND,2001,36.94
Honduras,HND,2002,38.83
Honduras,HND,2003,37.36
Honduras,HND,2004,34.93
Honduras,HND,2005,33.11
Honduras,HND,2006,35.62
Honduras,HND,2007,33.99
Honduras,HND,2008,34.27
Honduras,HND,2009,35.5
Honduras,HND,2010,36.45
Honduras,HND,2011,35.3
Honduras,HND,2012,37.01
Honduras,HND,2013,34.52
Honduras,HND,2014,28.83
Honduras,HND,2015,28.72
Honduras,HND,2016,27.35
Honduras,HND,2017,31.99
Honduras,HND,2018,30.67
Honduras,HND,2019,29.49
Hong Kong,HKG,1991,0.81
Hong Kong,HKG,1992,0.69
Hong Kong,HKG,1993,0.64
Hong Kong,HKG,1994,0.62
Hong Kong,HKG,1995,0.57
Hong Kong,HKG,1996,0.4
Hong Kong,HKG,1997,0.33
Hong Kong,HKG,1998,0.3
Hong Kong,HKG,1999,0.3
Hong Kong,HKG,2000,0.29
Hong Kong,HKG,2001,0.22
Hong Kong,HKG,2002,0.28
Hong Kong,HKG,2003,0.22
Hong Kong,HKG,2004,0.26
Hong Kong,HKG,2005,0.26
Hong Kong,HKG,2006,0.24
Hong Kong,HKG,2007,0.18
Hong Kong,HKG,2008,0.24
Hong Kong,HKG,2009,0.24
Hong Kong,HKG,2010,0.23
Hong Kong,HKG,2011,0.22
Hong Kong,HKG,2012,0.21
Hong Kong,HKG,2013,0.21
Hong Kong,HKG,2014,0.2
Hong Kong,HKG,2015,0.19
Hong Kong,HKG,2016,0.19
Hong Kong,HKG,2017,0.18
Hong Kong,HKG,2018,0.17
Hong Kong,HKG,2019,0.17
Hungary,HUN,1991,11.58
Hungary,HUN,1992,11.26
Hungary,HUN,1993,9.13
Hungary,HUN,1994,8.75
Hungary,HUN,1995,8.09
Hungary,HUN,1996,8.22
Hungary,HUN,1997,7.81
Hungary,HUN,1998,7.34
Hungary,HUN,1999,6.95
Hungary,HUN,2000,6.46
Hungary,HUN,2001,6.19
Hungary,HUN,2002,6.12
Hungary,HUN,2003,5.38
Hungary,HUN,2004,5.26
Hungary,HUN,2005,4.87
Hungary,HUN,2006,4.76
Hungary,HUN,2007,4.59
Hungary,HUN,2008,4.32
Hungary,HUN,2009,4.61
Hungary,HUN,2010,4.54
Hungary,HUN,2011,4.89
Hungary,HUN,2012,5.06
Hungary,HUN,2013,4.78
Hungary,HUN,2014,4.68
Hungary,HUN,2015,4.9
Hungary,HUN,2016,5.04
Hungary,HUN,2017,5.04
Hungary,HUN,2018,4.85
Hungary,HUN,2019,4.72
IBRD only,,1991,50.50884
IBRD only,,1992,50.000885
IBRD only,,1993,48.81901
IBRD only,,1994,47.690155
IBRD only,,1995,46.41517
IBRD only,,1996,45.45675
IBRD only,,1997,44.908813
IBRD only,,1998,44.838108
IBRD only,,1999,44.89299
IBRD only,,2000,44.669632
IBRD only,,2001,44.21987
IBRD only,,2002,43.93877
IBRD only,,2003,43.30769
IBRD only,,2004,41.83161
IBRD only,,2005,40.623253
IBRD only,,2006,39.11826
IBRD only,,2007,37.81661
IBRD only,,2008,36.991116
IBRD only,,2009,36.042953
IBRD only,,2010,35.065514
IBRD only,,2011,33.650616
IBRD only,,2012,32.442154
IBRD only,,2013,31.301725
IBRD only,,2014,30.063688
IBRD only,,2015,29.318398
IBRD only,,2016,28.59425
IBRD only,,2017,27.976858
IBRD only,,2018,27.266182
IBRD only,,2019,26.62123
IDA & IBRD total,,1991,52.754513
IDA & IBRD total,,1992,52.319378
IDA & IBRD total,,1993,51.34048
IDA & IBRD total,,1994,50.40232
IDA & IBRD total,,1995,49.31307
IDA & IBRD total,,1996,48.464252
IDA & IBRD total,,1997,47.997993
IDA & IBRD total,,1998,47.93417
IDA & IBRD total,,1999,47.96392
IDA & IBRD total,,2000,47.78341
IDA & IBRD total,,2001,47.352863
IDA & IBRD total,,2002,47.033447
IDA & IBRD total,,2003,46.40824
IDA & IBRD total,,2004,45.100304
IDA & IBRD total,,2005,44.026524
IDA & IBRD total,,2006,42.67676
IDA & IBRD total,,2007,41.55568
IDA & IBRD total,,2008,40.852722
IDA & IBRD total,,2009,39.996628
IDA & IBRD total,,2010,39.134415
IDA & IBRD total,,2011,37.925835
IDA & IBRD total,,2012,36.83908
IDA & IBRD total,,2013,35.85642
IDA & IBRD total,,2014,34.785686
IDA & IBRD total,,2015,34.093307
IDA & IBRD total,,2016,33.520367
IDA & IBRD total,,2017,32.920826
IDA & IBRD total,,2018,32.238262
IDA & IBRD total,,2019,31.689777
IDA blend,,1991,49.04643
IDA blend,,1992,48.87607
IDA blend,,1993,48.8703
IDA blend,,1994,48.79084
IDA blend,,1995,48.67078
IDA blend,,1996,48.44651
IDA blend,,1997,48.312
IDA blend,,1998,48.111057
IDA blend,,1999,47.888016
IDA blend,,2000,47.87248
IDA blend,,2001,47.71439
IDA blend,,2002,47.441444
IDA blend,,2003,47.14115
IDA blend,,2004,47.061817
IDA blend,,2005,47.06602
IDA blend,,2006,46.824215
IDA blend,,2007,46.496902
IDA blend,,2008,46.4599
IDA blend,,2009,45.407536
IDA blend,,2010,44.83293
IDA blend,,2011,44.475155
IDA blend,,2012,43.764477
IDA blend,,2013,43.11524
IDA blend,,2014,42.78086
IDA blend,,2015,42.01594
IDA blend,,2016,42.304825
IDA blend,,2017,41.075924
IDA blend,,2018,39.77943
IDA blend,,2019,39.193027
IDA only,,1991,70.584366
IDA only,,1992,70.40384
IDA only,,1993,70.20484
IDA only,,1994,69.977745
IDA only,,1995,69.4243
IDA only,,1996,68.84658
IDA only,,1997,68.5422
IDA only,,1998,68.29919
IDA only,,1999,68.04553
IDA only,,2000,67.89379
IDA only,,2001,67.163765
IDA only,,2002,66.32618
IDA only,,2003,65.37774
IDA only,,2004,64.41058
IDA only,,2005,63.454475
IDA only,,2006,62.299038
IDA only,,2007,61.69925
IDA only,,2008,61.11737
IDA only,,2009,60.5237
IDA only,,2010,59.81553
IDA only,,2011,59.07383
IDA only,,2012,58.233936
IDA only,,2013,57.640327
IDA only,,2014,56.73563
IDA only,,2015,55.886257
IDA only,,2016,55.270454
IDA only,,2017,54.452652
IDA only,,2018,53.66037
IDA only,,2019,53.10481
IDA total,,1991,63.95505
IDA total,,1992,63.786324
IDA total,,1993,63.672424
IDA total,,1994,63.493534
IDA total,,1995,63.11418
IDA total,,1996,62.635094
IDA total,,1997,62.36135
IDA total,,1998,62.135593
IDA total,,1999,61.876232
IDA total,,2000,61.74209
IDA total,,2001,61.192978
IDA total,,2002,60.527916
IDA total,,2003,59.76067
IDA total,,2004,59.054733
IDA total,,2005,58.40657
IDA total,,2006,57.526886
IDA total,,2007,56.987194
IDA total,,2008,56.561554
IDA total,,2009,55.799664
IDA total,,2010,55.11946
IDA total,,2011,54.47789
IDA total,,2012,53.70291
IDA total,,2013,53.128414
IDA total,,2014,52.398014
IDA total,,2015,51.576775
IDA total,,2016,51.28122
IDA total,,2017,50.358818
IDA total,,2018,49.413822
IDA total,,2019,48.835796
Iceland,ISL,1991,10.17
Iceland,ISL,1992,10.45
Iceland,ISL,1993,9.76
Iceland,ISL,1994,9.06
Iceland,ISL,1995,9.57
Iceland,ISL,1996,9.98
Iceland,ISL,1997,9.09
Iceland,ISL,1998,8.65
Iceland,ISL,1999,8.92
Iceland,ISL,2000,8.71
Iceland,ISL,2001,7.71
Iceland,ISL,2002,7.37
Iceland,ISL,2003,6.98
Iceland,ISL,2004,6.32
Iceland,ISL,2005,6.53
Iceland,ISL,2006,6.31
Iceland,ISL,2007,5.92
Iceland,ISL,2008,4.6
Iceland,ISL,2009,4.83
Iceland,ISL,2010,5.59
Iceland,ISL,2011,5.49
Iceland,ISL,2012,5.55
Iceland,ISL,2013,4.45
Iceland,ISL,2014,4.54
Iceland,ISL,2015,4.24
Iceland,ISL,2016,3.9
Iceland,ISL,2017,3.76
Iceland,ISL,2018,4.03
Iceland,ISL,2019,4.04
India,IND,1991,63.32
India,IND,1992,62.99
India,IND,1993,62.66
India,IND,1994,62.18
India,IND,1995,61.76
India,IND,1996,61.35
India,IND,1997,61.12
India,IND,1998,60.72
India,IND,1999,60.09
India,IND,2000,59.65
India,IND,2001,59.1
India,IND,2002,58.6
India,IND,2003,57.76
India,IND,2004,56.78
India,IND,2005,56
India,IND,2006,55.08
India,IND,2007,54.11
India,IND,2008,53.51
India,IND,2009,52.5
India,IND,2010,51.52
India,IND,2011,49.26
India,IND,2012,47
India,IND,2013,46.5
India,IND,2014,45.89
India,IND,2015,45.26
India,IND,2016,44.56
India,IND,2017,43.93
India,IND,2018,43.33
India,IND,2019,42.6
Indonesia,IDN,1991,55.51
Indonesia,IDN,1992,55.2
Indonesia,IDN,1993,52.11
Indonesia,IDN,1994,47.79
Indonesia,IDN,1995,43.98
Indonesia,IDN,1996,43.42
Indonesia,IDN,1997,43.09
Indonesia,IDN,1998,44.91
Indonesia,IDN,1999,45.22
Indonesia,IDN,2000,45.28
Indonesia,IDN,2001,43.77
Indonesia,IDN,2002,44.34
Indonesia,IDN,2003,46.38
Indonesia,IDN,2004,43.33
Indonesia,IDN,2005,44
Indonesia,IDN,2006,42.06
Indonesia,IDN,2007,41.26
Indonesia,IDN,2008,41.1
Indonesia,IDN,2009,40.45
Indonesia,IDN,2010,39.13
Indonesia,IDN,2011,37.19
Indonesia,IDN,2012,35.93
Indonesia,IDN,2013,34.98
Indonesia,IDN,2014,34.28
Indonesia,IDN,2015,33.04
Indonesia,IDN,2016,31.82
Indonesia,IDN,2017,30.79
Indonesia,IDN,2018,29.63
Indonesia,IDN,2019,28.5
Iran,IRN,1991,24.96
Iran,IRN,1992,24.71
Iran,IRN,1993,24.54
Iran,IRN,1994,24.29
Iran,IRN,1995,23.99
Iran,IRN,1996,23.51
Iran,IRN,1997,23.85
Iran,IRN,1998,24.12
Iran,IRN,1999,24.29
Iran,IRN,2000,24.4
Iran,IRN,2001,24.47
Iran,IRN,2002,24.5
Iran,IRN,2003,24.53
Iran,IRN,2004,24.65
Iran,IRN,2005,24.75
Iran,IRN,2006,23.18
Iran,IRN,2007,22.81
Iran,IRN,2008,21.21
Iran,IRN,2009,20.86
Iran,IRN,2010,19.22
Iran,IRN,2011,18.81
Iran,IRN,2012,18.49
Iran,IRN,2013,18.24
Iran,IRN,2014,17.89
Iran,IRN,2015,18.03
Iran,IRN,2016,17.98
Iran,IRN,2017,17.58
Iran,IRN,2018,17.69
Iran,IRN,2019,17.37
Iraq,IRQ,1991,31.54
Iraq,IRQ,1992,31.42
Iraq,IRQ,1993,31.25
Iraq,IRQ,1994,31.06
Iraq,IRQ,1995,30.83
Iraq,IRQ,1996,30.52
Iraq,IRQ,1997,30.11
Iraq,IRQ,1998,29.63
Iraq,IRQ,1999,29.15
Iraq,IRQ,2000,28.71
Iraq,IRQ,2001,28.19
Iraq,IRQ,2002,27.75
Iraq,IRQ,2003,27.34
Iraq,IRQ,2004,26.76
Iraq,IRQ,2005,26.14
Iraq,IRQ,2006,25.53
Iraq,IRQ,2007,24.94
Iraq,IRQ,2008,24.32
Iraq,IRQ,2009,23.76
Iraq,IRQ,2010,23.08
Iraq,IRQ,2011,22.57
Iraq,IRQ,2012,21.89
Iraq,IRQ,2013,21.31
Iraq,IRQ,2014,20.82
Iraq,IRQ,2015,20.39
Iraq,IRQ,2016,19.76
Iraq,IRQ,2017,19.29
Iraq,IRQ,2018,18.82
Iraq,IRQ,2019,18.27
Ireland,IRL,1991,13.85
Ireland,IRL,1992,13.51
Ireland,IRL,1993,13.13
Ireland,IRL,1994,12.58
Ireland,IRL,1995,12.01
Ireland,IRL,1996,11.24
Ireland,IRL,1997,10.91
Ireland,IRL,1998,9.1
Ireland,IRL,1999,8.64
Ireland,IRL,2000,7.95
Ireland,IRL,2001,7.11
Ireland,IRL,2002,7.03
Ireland,IRL,2003,6.5
Ireland,IRL,2004,6.38
Ireland,IRL,2005,5.91
Ireland,IRL,2006,5.71
Ireland,IRL,2007,5.44
Ireland,IRL,2008,5.29
Ireland,IRL,2009,5.59
Ireland,IRL,2010,5.75
Ireland,IRL,2011,5.73
Ireland,IRL,2012,5.79
Ireland,IRL,2013,5.78
Ireland,IRL,2014,5.44
Ireland,IRL,2015,5.34
Ireland,IRL,2016,5.29
Ireland,IRL,2017,5.05
Ireland,IRL,2018,4.77
Ireland,IRL,2019,4.43
Israel,ISR,1991,3.5
Israel,ISR,1992,3.51
Israel,ISR,1993,4.17
Israel,ISR,1994,3.31
Israel,ISR,1995,3.13
Israel,ISR,1996,2.96
Israel,ISR,1997,2.8
Israel,ISR,1998,2.64
Israel,ISR,1999,2.49
Israel,ISR,2000,2.35
Israel,ISR,2001,2.21
Israel,ISR,2002,2.08
Israel,ISR,2003,1.96
Israel,ISR,2004,1.85
Israel,ISR,2005,1.74
Israel,ISR,2006,1.63
Israel,ISR,2007,1.53
Israel,ISR,2008,1.44
Israel,ISR,2009,1.35
Israel,ISR,2010,1.26
Israel,ISR,2011,1.18
Israel,ISR,2012,1.11
Israel,ISR,2013,1.24
Israel,ISR,2014,1.11
Israel,ISR,2015,1.02
Israel,ISR,2016,1.02
Israel,ISR,2017,1
Israel,ISR,2018,0.96
Israel,ISR,2019,0.92
Italy,ITA,1300,63.4
Italy,ITA,1400,60.9
Italy,ITA,1500,62.3
Italy,ITA,1600,60.4
Italy,ITA,1700,58.8
Italy,ITA,1750,58.9
Italy,ITA,1800,57.8
Italy,ITA,1980,14
Italy,ITA,1991,8.31
Italy,ITA,1992,8.01
Italy,ITA,1993,7.09
Italy,ITA,1994,6.9
Italy,ITA,1995,6.58
Italy,ITA,1996,6.13
Italy,ITA,1997,5.88
Italy,ITA,1998,5.77
Italy,ITA,1999,5.42
Italy,ITA,2000,5.23
Italy,ITA,2001,5.21
Italy,ITA,2002,4.93
Italy,ITA,2003,4.72
Italy,ITA,2004,4.14
Italy,ITA,2005,4.2
Italy,ITA,2006,4.27
Italy,ITA,2007,3.97
Italy,ITA,2008,3.7
Italy,ITA,2009,3.69
Italy,ITA,2010,3.77
Italy,ITA,2011,3.68
Italy,ITA,2012,3.69
Italy,ITA,2013,3.6
Italy,ITA,2014,3.64
Italy,ITA,2015,3.75
Italy,ITA,2016,3.88
Italy,ITA,2017,3.78
Italy,ITA,2018,3.76
Italy,ITA,2019,3.89
Jamaica,JAM,1991,27.91
Jamaica,JAM,1992,27.47
Jamaica,JAM,1993,24.63
Jamaica,JAM,1994,23.95
Jamaica,JAM,1995,23.2
Jamaica,JAM,1996,22.66
Jamaica,JAM,1997,21.25
Jamaica,JAM,1998,21
Jamaica,JAM,1999,20.6
Jamaica,JAM,2000,20.86
Jamaica,JAM,2001,20.77
Jamaica,JAM,2002,20.13
Jamaica,JAM,2003,20.39
Jamaica,JAM,2004,18.49
Jamaica,JAM,2005,18.11
Jamaica,JAM,2006,18.28
Jamaica,JAM,2007,18.4
Jamaica,JAM,2008,18.15
Jamaica,JAM,2009,18.02
Jamaica,JAM,2010,17.82
Jamaica,JAM,2011,17.59
Jamaica,JAM,2012,18.24
Jamaica,JAM,2013,18.25
Jamaica,JAM,2014,18.42
Jamaica,JAM,2015,17.75
Jamaica,JAM,2016,16.63
Jamaica,JAM,2017,16.78
Jamaica,JAM,2018,16.23
Jamaica,JAM,2019,15.22
Japan,JPN,1991,6.73
Japan,JPN,1992,6.42
Japan,JPN,1993,5.97
Japan,JPN,1994,5.81
Japan,JPN,1995,5.7
Japan,JPN,1996,5.52
Japan,JPN,1997,5.37
Japan,JPN,1998,5.3
Japan,JPN,1999,5.21
Japan,JPN,2000,5.09
Japan,JPN,2001,4.91
Japan,JPN,2002,4.72
Japan,JPN,2003,4.64
Japan,JPN,2004,4.56
Japan,JPN,2005,4.46
Japan,JPN,2006,4.39
Japan,JPN,2007,4.31
Japan,JPN,2008,4.25
Japan,JPN,2009,4.21
Japan,JPN,2010,4.07
Japan,JPN,2011,3.97
Japan,JPN,2012,3.87
Japan,JPN,2013,3.75
Japan,JPN,2014,3.69
Japan,JPN,2015,3.63
Japan,JPN,2016,3.5
Japan,JPN,2017,3.44
Japan,JPN,2018,3.49
Japan,JPN,2019,3.38
Jordan,JOR,1991,4.85
Jordan,JOR,1992,4.81
Jordan,JOR,1993,4.77
Jordan,JOR,1994,4.71
Jordan,JOR,1995,4.65
Jordan,JOR,1996,4.58
Jordan,JOR,1997,4.5
Jordan,JOR,1998,4.41
Jordan,JOR,1999,4.3
Jordan,JOR,2000,4.19
Jordan,JOR,2001,4.06
Jordan,JOR,2002,3.93
Jordan,JOR,2003,4.03
Jordan,JOR,2004,4.11
Jordan,JOR,2005,3.98
Jordan,JOR,2006,3.85
Jordan,JOR,2007,3.72
Jordan,JOR,2008,3.6
Jordan,JOR,2009,3.48
Jordan,JOR,2010,3.38
Jordan,JOR,2011,3.28
Jordan,JOR,2012,3.18
Jordan,JOR,2013,3.08
Jordan,JOR,2014,2.98
Jordan,JOR,2015,2.88
Jordan,JOR,2016,2.78
Jordan,JOR,2017,2.68
Jordan,JOR,2018,2.58
Jordan,JOR,2019,2.47
Kazakhstan,KAZ,1991,36.9
Kazakhstan,KAZ,1992,36.91
Kazakhstan,KAZ,1993,37.26
Kazakhstan,KAZ,1994,37.62
Kazakhstan,KAZ,1995,37.62
Kazakhstan,KAZ,1996,37.58
Kazakhstan,KAZ,1997,37.45
Kazakhstan,KAZ,1998,37.45
Kazakhstan,KAZ,1999,37.15
Kazakhstan,KAZ,2000,36.44
Kazakhstan,KAZ,2001,35.52
Kazakhstan,KAZ,2002,35.48
Kazakhstan,KAZ,2003,35.25
Kazakhstan,KAZ,2004,33.5
Kazakhstan,KAZ,2005,32.41
Kazakhstan,KAZ,2006,31.54
Kazakhstan,KAZ,2007,31.22
Kazakhstan,KAZ,2008,30.16
Kazakhstan,KAZ,2009,29.02
Kazakhstan,KAZ,2010,28.28
Kazakhstan,KAZ,2011,26.45
Kazakhstan,KAZ,2012,25.54
Kazakhstan,KAZ,2013,24.19
Kazakhstan,KAZ,2014,20.97
Kazakhstan,KAZ,2015,18.01
Kazakhstan,KAZ,2016,17.26
Kazakhstan,KAZ,2017,16.56
Kazakhstan,KAZ,2018,15.77
Kazakhstan,KAZ,2019,14.86
Kenya,KEN,1991,44.48
Kenya,KEN,1992,44.51
Kenya,KEN,1993,44.53
Kenya,KEN,1994,44.46
Kenya,KEN,1995,44.4
Kenya,KEN,1996,44.45
Kenya,KEN,1997,44.8
Kenya,KEN,1998,45.07
Kenya,KEN,1999,45.66
Kenya,KEN,2000,48.73
Kenya,KEN,2001,51.5
Kenya,KEN,2002,54.28
Kenya,KEN,2003,56.76
Kenya,KEN,2004,58.93
Kenya,KEN,2005,61.06
Kenya,KEN,2006,61.14
Kenya,KEN,2007,60.97
Kenya,KEN,2008,61.11
Kenya,KEN,2009,60.94
Kenya,KEN,2010,60.32
Kenya,KEN,2011,59.74
Kenya,KEN,2012,59.22
Kenya,KEN,2013,58.59
Kenya,KEN,2014,57.94
Kenya,KEN,2015,57.26
Kenya,KEN,2016,56.53
Kenya,KEN,2017,55.86
Kenya,KEN,2018,55.08
Kenya,KEN,2019,54.34
Kuwait,KWT,1991,2.33
Kuwait,KWT,1992,2.27
Kuwait,KWT,1993,2.19
Kuwait,KWT,1994,2.13
Kuwait,KWT,1995,2.07
Kuwait,KWT,1996,2.12
Kuwait,KWT,1997,2.19
Kuwait,KWT,1998,2.27
Kuwait,KWT,1999,2.34
Kuwait,KWT,2000,2.4
Kuwait,KWT,2001,2.47
Kuwait,KWT,2002,2.53
Kuwait,KWT,2003,2.59
Kuwait,KWT,2004,2.64
Kuwait,KWT,2005,2.71
Kuwait,KWT,2006,2.65
Kuwait,KWT,2007,2.59
Kuwait,KWT,2008,2.51
Kuwait,KWT,2009,2.48
Kuwait,KWT,2010,2.42
Kuwait,KWT,2011,2.36
Kuwait,KWT,2012,2.29
Kuwait,KWT,2013,2.22
Kuwait,KWT,2014,2.15
Kuwait,KWT,2015,2.08
Kuwait,KWT,2016,2.01
Kuwait,KWT,2017,1.93
Kuwait,KWT,2018,1.86
Kuwait,KWT,2019,1.78
Kyrgyzstan,KGZ,1991,35.5
Kyrgyzstan,KGZ,1992,38.16
Kyrgyzstan,KGZ,1993,38.98
Kyrgyzstan,KGZ,1994,41.98
Kyrgyzstan,KGZ,1995,47.19
Kyrgyzstan,KGZ,1996,47.15
Kyrgyzstan,KGZ,1997,48.29
Kyrgyzstan,KGZ,1998,49
Kyrgyzstan,KGZ,1999,52.39
Kyrgyzstan,KGZ,2000,53.08
Kyrgyzstan,KGZ,2001,52.92
Kyrgyzstan,KGZ,2002,49.11
Kyrgyzstan,KGZ,2003,43.24
Kyrgyzstan,KGZ,2004,38.91
Kyrgyzstan,KGZ,2005,38.5
Kyrgyzstan,KGZ,2006,36.27
Kyrgyzstan,KGZ,2007,34.49
Kyrgyzstan,KGZ,2008,34.02
Kyrgyzstan,KGZ,2009,33.01
Kyrgyzstan,KGZ,2010,32.24
Kyrgyzstan,KGZ,2011,31.11
Kyrgyzstan,KGZ,2012,30.09
Kyrgyzstan,KGZ,2013,31.67
Kyrgyzstan,KGZ,2014,31.59
Kyrgyzstan,KGZ,2015,29.31
Kyrgyzstan,KGZ,2016,26.79
Kyrgyzstan,KGZ,2017,23.03
Kyrgyzstan,KGZ,2018,20.43
Kyrgyzstan,KGZ,2019,19.32
Laos,LAO,1991,86.82
Laos,LAO,1992,86.65
Laos,LAO,1993,86.34
Laos,LAO,1994,85.96
Laos,LAO,1995,85.41
Laos,LAO,1996,84.67
Laos,LAO,1997,84.1
Laos,LAO,1998,83.28
Laos,LAO,1999,82.62
Laos,LAO,2000,81.87
Laos,LAO,2001,81.05
Laos,LAO,2002,80.3
Laos,LAO,2003,79.37
Laos,LAO,2004,78.3
Laos,LAO,2005,77.21
Laos,LAO,2006,76.48
Laos,LAO,2007,75.06
Laos,LAO,2008,73.79
Laos,LAO,2009,72.66
Laos,LAO,2010,71.46
Laos,LAO,2011,70.31
Laos,LAO,2012,69.04
Laos,LAO,2013,67.77
Laos,LAO,2014,66.7
Laos,LAO,2015,65.58
Laos,LAO,2016,64.71
Laos,LAO,2017,63.58
Laos,LAO,2018,62.37
Laos,LAO,2019,61.44
Late-demographic dividend,,1991,50.60604
Late-demographic dividend,,1992,49.99042
Late-demographic dividend,,1993,48.465424
Late-demographic dividend,,1994,47.16733
Late-demographic dividend,,1995,45.496098
Late-demographic dividend,,1996,44.197746
Late-demographic dividend,,1997,43.62541
Late-demographic dividend,,1998,43.58135
Late-demographic dividend,,1999,43.85087
Late-demographic dividend,,2000,43.687325
Late-demographic dividend,,2001,43.24239
Late-demographic dividend,,2002,42.879154
Late-demographic dividend,,2003,41.985577
Late-demographic dividend,,2004,40.210526
Late-demographic dividend,,2005,38.479454
Late-demographic dividend,,2006,36.67054
Late-demographic dividend,,2007,35.08269
Late-demographic dividend,,2008,34.02303
Late-demographic dividend,,2009,32.871723
Late-demographic dividend,,2010,31.809437
Late-demographic dividend,,2011,30.48922
Late-demographic dividend,,2012,29.562286
Late-demographic dividend,,2013,27.96229
Late-demographic dividend,,2014,26.248102
Late-demographic dividend,,2015,25.434916
Late-demographic dividend,,2016,24.654516
Late-demographic dividend,,2017,23.973906
Late-demographic dividend,,2018,23.239674
Late-demographic dividend,,2019,22.537117
Latin America & Caribbean,,1991,21.110764
Latin America & Caribbean,,1992,21.0522
Latin America & Caribbean,,1993,20.796074
Latin America & Caribbean,,1994,20.58795
Latin America & Caribbean,,1995,20.415625
Latin America & Caribbean,,1996,19.957462
Latin America & Caribbean,,1997,19.544197
Latin America & Caribbean,,1998,19.089071
Latin America & Caribbean,,1999,19.155586
Latin America & Caribbean,,2000,18.875694
Latin America & Caribbean,,2001,18.888527
Latin America & Caribbean,,2002,18.775854
Latin America & Caribbean,,2003,18.53351
Latin America & Caribbean,,2004,18.417917
Latin America & Caribbean,,2005,17.98241
Latin America & Caribbean,,2006,17.233152
Latin America & Caribbean,,2007,16.340143
Latin America & Caribbean,,2008,15.836366
Latin America & Caribbean,,2009,15.743439
Latin America & Caribbean,,2010,15.407606
Latin America & Caribbean,,2011,15.025557
Latin America & Caribbean,,2012,14.72326
Latin America & Caribbean,,2013,14.366129
Latin America & Caribbean,,2014,14.062289
Latin America & Caribbean,,2015,13.848631
Latin America & Caribbean,,2016,13.827349
Latin America & Caribbean,,2017,13.828361
Latin America & Caribbean,,2018,13.76299
Latin America & Caribbean,,2019,13.514646
Latin America & Caribbean (IDA & IBRD),,1991,21.1566
Latin America & Caribbean (IDA & IBRD),,1992,21.085093
Latin America & Caribbean (IDA & IBRD),,1993,20.811403
Latin America & Caribbean (IDA & IBRD),,1994,20.608131
Latin America & Caribbean (IDA & IBRD),,1995,20.444778
Latin America & Caribbean (IDA & IBRD),,1996,19.975092
Latin America & Caribbean (IDA & IBRD),,1997,19.551579
Latin America & Caribbean (IDA & IBRD),,1998,19.062141
Latin America & Caribbean (IDA & IBRD),,1999,19.114485
Latin America & Caribbean (IDA & IBRD),,2000,18.826395
Latin America & Caribbean (IDA & IBRD),,2001,18.862833
Latin America & Caribbean (IDA & IBRD),,2002,18.772224
Latin America & Caribbean (IDA & IBRD),,2003,18.546125
Latin America & Caribbean (IDA & IBRD),,2004,18.452032
Latin America & Caribbean (IDA & IBRD),,2005,18.028664
Latin America & Caribbean (IDA & IBRD),,2006,17.2871
Latin America & Caribbean (IDA & IBRD),,2007,16.391594
Latin America & Caribbean (IDA & IBRD),,2008,15.871816
Latin America & Caribbean (IDA & IBRD),,2009,15.767325
Latin America & Caribbean (IDA & IBRD),,2010,15.42462
Latin America & Caribbean (IDA & IBRD),,2011,15.010665
Latin America & Caribbean (IDA & IBRD),,2012,14.709453
Latin America & Caribbean (IDA & IBRD),,2013,14.354915
Latin America & Caribbean (IDA & IBRD),,2014,14.037059
Latin America & Caribbean (IDA & IBRD),,2015,13.8229475
Latin America & Caribbean (IDA & IBRD),,2016,13.806911
Latin America & Caribbean (IDA & IBRD),,2017,13.814178
Latin America & Caribbean (IDA & IBRD),,2018,13.7522745
Latin America & Caribbean (IDA & IBRD),,2019,13.504327
Latin America & Caribbean (excluding high income),,1991,21.830791
Latin America & Caribbean (excluding high income),,1992,21.849415
Latin America & Caribbean (excluding high income),,1993,21.645578
Latin America & Caribbean (excluding high income),,1994,21.288748
Latin America & Caribbean (excluding high income),,1995,21.149426
Latin America & Caribbean (excluding high income),,1996,20.657024
Latin America & Caribbean (excluding high income),,1997,20.361767
Latin America & Caribbean (excluding high income),,1998,19.908901
Latin America & Caribbean (excluding high income),,1999,19.9541
Latin America & Caribbean (excluding high income),,2000,19.632551
Latin America & Caribbean (excluding high income),,2001,19.711548
Latin America & Caribbean (excluding high income),,2002,19.556896
Latin America & Caribbean (excluding high income),,2003,19.248444
Latin America & Caribbean (excluding high income),,2004,19.152782
Latin America & Caribbean (excluding high income),,2005,18.71453
Latin America & Caribbean (excluding high income),,2006,17.959991
Latin America & Caribbean (excluding high income),,2007,17.031487
Latin America & Caribbean (excluding high income),,2008,16.510029
Latin America & Caribbean (excluding high income),,2009,16.422554
Latin America & Caribbean (excluding high income),,2010,16.070105
Latin America & Caribbean (excluding high income),,2011,15.691837
Latin America & Caribbean (excluding high income),,2012,15.384277
Latin America & Caribbean (excluding high income),,2013,15.011708
Latin America & Caribbean (excluding high income),,2014,14.68459
Latin America & Caribbean (excluding high income),,2015,14.44997
Latin America & Caribbean (excluding high income),,2016,14.418957
Latin America & Caribbean (excluding high income),,2017,14.408682
Latin America & Caribbean (excluding high income),,2018,14.317466
Latin America & Caribbean (excluding high income),,2019,14.020037
Latvia,LVA,1991,18.75
Latvia,LVA,1992,19.03
Latvia,LVA,1993,18.65
Latvia,LVA,1994,18.28
Latvia,LVA,1995,17.46
Latvia,LVA,1996,17.28
Latvia,LVA,1997,21.59
Latvia,LVA,1998,19.03
Latvia,LVA,1999,17.49
Latvia,LVA,2000,14.93
Latvia,LVA,2001,15.47
Latvia,LVA,2002,16.23
Latvia,LVA,2003,14.24
Latvia,LVA,2004,13.3
Latvia,LVA,2005,12.05
Latvia,LVA,2006,11.46
Latvia,LVA,2007,10.18
Latvia,LVA,2008,7.96
Latvia,LVA,2009,8.75
Latvia,LVA,2010,8.61
Latvia,LVA,2011,8.9
Latvia,LVA,2012,8.37
Latvia,LVA,2013,8.06
Latvia,LVA,2014,7.5
Latvia,LVA,2015,7.94
Latvia,LVA,2016,7.69
Latvia,LVA,2017,6.87
Latvia,LVA,2018,6.97
Latvia,LVA,2019,7.29
Least developed countries: UN classification,,1991,72.37955
Least developed countries: UN classification,,1992,72.148
Least developed countries: UN classification,,1993,71.91807
Least developed countries: UN classification,,1994,71.6777
Least developed countries: UN classification,,1995,71.064995
Least developed countries: UN classification,,1996,70.4181
Least developed countries: UN classification,,1997,70.09504
Least developed countries: UN classification,,1998,69.85411
Least developed countries: UN classification,,1999,69.56754
Least developed countries: UN classification,,2000,69.27286
Least developed countries: UN classification,,2001,68.47944
Least developed countries: UN classification,,2002,67.60666
Least developed countries: UN classification,,2003,66.67837
Least developed countries: UN classification,,2004,65.72574
Least developed countries: UN classification,,2005,64.821175
Least developed countries: UN classification,,2006,63.67162
Least developed countries: UN classification,,2007,63.173695
Least developed countries: UN classification,,2008,62.685024
Least developed countries: UN classification,,2009,62.170174
Least developed countries: UN classification,,2010,61.56136
Least developed countries: UN classification,,2011,60.893364
Least developed countries: UN classification,,2012,60.026093
Least developed countries: UN classification,,2013,59.449284
Least developed countries: UN classification,,2014,58.685062
Least developed countries: UN classification,,2015,57.95246
Least developed countries: UN classification,,2016,57.370716
Least developed countries: UN classification,,2017,56.511196
Least developed countries: UN classification,,2018,55.743237
Least developed countries: UN classification,,2019,55.22144
Lebanon,LBN,1991,21.03
Lebanon,LBN,1992,20.81
Lebanon,LBN,1993,20.62
Lebanon,LBN,1994,20.44
Lebanon,LBN,1995,20.22
Lebanon,LBN,1996,20.01
Lebanon,LBN,1997,19.77
Lebanon,LBN,1998,19.43
Lebanon,LBN,1999,19.13
Lebanon,LBN,2000,18.78
Lebanon,LBN,2001,18.4
Lebanon,LBN,2002,18.05
Lebanon,LBN,2003,17.69
Lebanon,LBN,2004,17.27
Lebanon,LBN,2005,16.86
Lebanon,LBN,2006,16.42
Lebanon,LBN,2007,15.87
Lebanon,LBN,2008,15.34
Lebanon,LBN,2009,14.82
Lebanon,LBN,2010,14.45
Lebanon,LBN,2011,14.09
Lebanon,LBN,2012,13.76
Lebanon,LBN,2013,13.41
Lebanon,LBN,2014,13.11
Lebanon,LBN,2015,12.81
Lebanon,LBN,2016,12.45
Lebanon,LBN,2017,12.08
Lebanon,LBN,2018,11.69
Lebanon,LBN,2019,11.32
Lesotho,LSO,1991,61.26
Lesotho,LSO,1992,61.02
Lesotho,LSO,1993,60.83
Lesotho,LSO,1994,60.57
Lesotho,LSO,1995,60.34
Lesotho,LSO,1996,60
Lesotho,LSO,1997,59.66
Lesotho,LSO,1998,59.36
Lesotho,LSO,1999,59.07
Lesotho,LSO,2000,58.47
Lesotho,LSO,2001,57.66
Lesotho,LSO,2002,56.99
Lesotho,LSO,2003,56.21
Lesotho,LSO,2004,55.49
Lesotho,LSO,2005,54.76
Lesotho,LSO,2006,53.87
Lesotho,LSO,2007,53.04
Lesotho,LSO,2008,52.07
Lesotho,LSO,2009,51.42
Lesotho,LSO,2010,50.85
Lesotho,LSO,2011,49.96
Lesotho,LSO,2012,49.02
Lesotho,LSO,2013,48.21
Lesotho,LSO,2014,47.46
Lesotho,LSO,2015,46.69
Lesotho,LSO,2016,45.84
Lesotho,LSO,2017,45.43
Lesotho,LSO,2018,44.91
Lesotho,LSO,2019,44.3
Liberia,LBR,1991,54.82
Liberia,LBR,1992,55.5
Liberia,LBR,1993,56.22
Liberia,LBR,1994,56.82
Liberia,LBR,1995,57.13
Liberia,LBR,1996,56.78
Liberia,LBR,1997,55.17
Liberia,LBR,1998,54.22
Liberia,LBR,1999,53.27
Liberia,LBR,2000,51.95
Liberia,LBR,2001,51.43
Liberia,LBR,2002,50.81
Liberia,LBR,2003,51.91
Liberia,LBR,2004,51.34
Liberia,LBR,2005,50.68
Liberia,LBR,2006,49.91
Liberia,LBR,2007,49.11
Liberia,LBR,2008,48.48
Liberia,LBR,2009,47.96
Liberia,LBR,2010,47.31
Liberia,LBR,2011,46.44
Liberia,LBR,2012,45.56
Liberia,LBR,2013,44.6
Liberia,LBR,2014,44.22
Liberia,LBR,2015,43.91
Liberia,LBR,2016,43.74
Liberia,LBR,2017,43.22
Liberia,LBR,2018,42.78
Liberia,LBR,2019,42.62
Libya,LBY,1991,29.23
Libya,LBY,1992,29.09
Libya,LBY,1993,28.89
Libya,LBY,1994,28.68
Libya,LBY,1995,28.53
Libya,LBY,1996,28.2
Libya,LBY,1997,27.9
Libya,LBY,1998,27.55
Libya,LBY,1999,27.06
Libya,LBY,2000,26.54
Libya,LBY,2001,26.05
Libya,LBY,2002,25.52
Libya,LBY,2003,24.89
Libya,LBY,2004,24.32
Libya,LBY,2005,23.64
Libya,LBY,2006,23.03
Libya,LBY,2007,22.41
Libya,LBY,2008,21.76
Libya,LBY,2009,21.07
Libya,LBY,2010,20.56
Libya,LBY,2011,20.44
Libya,LBY,2012,20.02
Libya,LBY,2013,19.63
Libya,LBY,2014,19.22
Libya,LBY,2015,18.75
Libya,LBY,2016,18.23
Libya,LBY,2017,17.58
Libya,LBY,2018,16.96
Libya,LBY,2019,16.41
Lithuania,LTU,1991,23.29
Lithuania,LTU,1992,23.41
Lithuania,LTU,1993,23.4
Lithuania,LTU,1994,22.96
Lithuania,LTU,1995,22.31
Lithuania,LTU,1996,21.7
Lithuania,LTU,1997,20.66
Lithuania,LTU,1998,19.56
Lithuania,LTU,1999,19.99
Lithuania,LTU,2000,19.24
Lithuania,LTU,2001,17.57
Lithuania,LTU,2002,18.64
Lithuania,LTU,2003,18.71
Lithuania,LTU,2004,16.28
Lithuania,LTU,2005,14.27
Lithuania,LTU,2006,13.83
Lithuania,LTU,2007,11.33
Lithuania,LTU,2008,8.07
Lithuania,LTU,2009,8.98
Lithuania,LTU,2010,8.83
Lithuania,LTU,2011,8.49
Lithuania,LTU,2012,8.8
Lithuania,LTU,2013,8.42
Lithuania,LTU,2014,9.17
Lithuania,LTU,2015,9.07
Lithuania,LTU,2016,7.98
Lithuania,LTU,2017,7.78
Lithuania,LTU,2018,7.18
Lithuania,LTU,2019,6.44
Low & middle income,,1991,53.210934
Low & middle income,,1992,52.788235
Low & middle income,,1993,51.814762
Low & middle income,,1994,50.858265
Low & middle income,,1995,49.772034
Low & middle income,,1996,48.92121
Low & middle income,,1997,48.48042
Low & middle income,,1998,48.430202
Low & middle income,,1999,48.44205
Low & middle income,,2000,48.251408
Low & middle income,,2001,47.81302
Low & middle income,,2002,47.47039
Low & middle income,,2003,46.83858
Low & middle income,,2004,45.527344
Low & middle income,,2005,44.45647
Low & middle income,,2006,43.123524
Low & middle income,,2007,42.01299
Low & middle income,,2008,41.318954
Low & middle income,,2009,40.459187
Low & middle income,,2010,39.590275
Low & middle income,,2011,38.378086
Low & middle income,,2012,37.285522
Low & middle income,,2013,36.296146
Low & middle income,,2014,35.222214
Low & middle income,,2015,34.521656
Low & middle income,,2016,33.944344
Low & middle income,,2017,33.339043
Low & middle income,,2018,32.649242
Low & middle income,,2019,32.085953
Low income,,1991,70.447845
Low income,,1992,70.548294
Low income,,1993,70.55555
Low income,,1994,70.47855
Low income,,1995,70.27796
Low income,,1996,70.10007
Low income,,1997,70.03278
Low income,,1998,69.9241
Low income,,1999,69.6785
Low income,,2000,69.82751
Low income,,2001,69.59925
Low income,,2002,69.294556
Low income,,2003,69.009056
Low income,,2004,68.71358
Low income,,2005,68.420784
Low income,,2006,67.7751
Low income,,2007,67.070755
Low income,,2008,66.34377
Low income,,2009,65.614075
Low income,,2010,64.80649
Low income,,2011,64.10248
Low income,,2012,63.329647
Low income,,2013,62.96708
Low income,,2014,62.284492
Low income,,2015,61.65746
Low income,,2016,61.262238
Low income,,2017,60.763622
Low income,,2018,60.308735
Low income,,2019,59.80398
Lower middle income,,1991,57.68401
Lower middle income,,1992,57.42996
Lower middle income,,1993,56.82436
Lower middle income,,1994,56.071396
Lower middle income,,1995,55.28106
Lower middle income,,1996,54.795265
Lower middle income,,1997,54.430405
Lower middle income,,1998,54.329685
Lower middle income,,1999,54.030464
Lower middle income,,2000,53.714622
Lower middle income,,2001,53.0626
Lower middle income,,2002,52.545326
Lower middle income,,2003,51.940895
Lower middle income,,2004,50.85084
Lower middle income,,2005,50.16432
Lower middle income,,2006,49.035763
Lower middle income,,2007,48.211014
Lower middle income,,2008,47.743114
Lower middle income,,2009,46.893963
Lower middle income,,2010,46.087837
Lower middle income,,2011,44.758114
Lower middle income,,2012,43.317142
Lower middle income,,2013,42.68817
Lower middle income,,2014,42.013645
Lower middle income,,2015,41.146774
Lower middle income,,2016,40.4305
Lower middle income,,2017,39.558735
Lower middle income,,2018,38.60035
Lower middle income,,2019,37.797386
Luxembourg,LUX,1991,3.53
Luxembourg,LUX,1992,3.38
Luxembourg,LUX,1993,3.2
Luxembourg,LUX,1994,3.16
Luxembourg,LUX,1995,3.87
Luxembourg,LUX,1996,2.65
Luxembourg,LUX,1997,2.34
Luxembourg,LUX,1998,2.92
Luxembourg,LUX,1999,1.95
Luxembourg,LUX,2000,2.44
Luxembourg,LUX,2001,1.53
Luxembourg,LUX,2002,1.97
Luxembourg,LUX,2003,2.72
Luxembourg,LUX,2004,1.96
Luxembourg,LUX,2005,1.74
Luxembourg,LUX,2006,1.83
Luxembourg,LUX,2007,1.85
Luxembourg,LUX,2008,1.67
Luxembourg,LUX,2009,1.36
Luxembourg,LUX,2010,1.1
Luxembourg,LUX,2011,1.23
Luxembourg,LUX,2012,1.33
Luxembourg,LUX,2013,1.59
Luxembourg,LUX,2014,1.43
Luxembourg,LUX,2015,1.05
Luxembourg,LUX,2016,1.03
Luxembourg,LUX,2017,1.39
Luxembourg,LUX,2018,1.05
Luxembourg,LUX,2019,0.68
Macao,MAC,1991,0.46
Macao,MAC,1992,0.45
Macao,MAC,1993,0.44
Macao,MAC,1994,0.43
Macao,MAC,1995,0.42
Macao,MAC,1996,0.42
Macao,MAC,1997,0.41
Macao,MAC,1998,0.4
Macao,MAC,1999,0.4
Macao,MAC,2000,0.4
Macao,MAC,2001,0.4
Macao,MAC,2002,0.4
Macao,MAC,2003,0.4
Macao,MAC,2004,0.4
Macao,MAC,2005,0.4
Macao,MAC,2006,0.4
Macao,MAC,2007,0.4
Macao,MAC,2008,0.4
Macao,MAC,2009,0.4
Macao,MAC,2010,0.4
Macao,MAC,2011,0.4
Macao,MAC,2012,0.4
Macao,MAC,2013,0.4
Macao,MAC,2014,0.4
Macao,MAC,2015,0.4
Macao,MAC,2016,0.4
Macao,MAC,2017,0.4
Macao,MAC,2018,0.4
Macao,MAC,2019,0.4
Madagascar,MDG,1991,76.26
Madagascar,MDG,1992,76.29
Madagascar,MDG,1993,76.31
Madagascar,MDG,1994,76.38
Madagascar,MDG,1995,76.42
Madagascar,MDG,1996,76.49
Madagascar,MDG,1997,76.57
Madagascar,MDG,1998,76.63
Madagascar,MDG,1999,76.69
Madagascar,MDG,2000,77
Madagascar,MDG,2001,77.45
Madagascar,MDG,2002,78.06
Madagascar,MDG,2003,77.98
Madagascar,MDG,2004,80.27
Madagascar,MDG,2005,81.96
Madagascar,MDG,2006,80.43
Madagascar,MDG,2007,78.75
Madagascar,MDG,2008,76.88
Madagascar,MDG,2009,75.29
Madagascar,MDG,2010,73.37
Madagascar,MDG,2011,71.24
Madagascar,MDG,2012,68.87
Madagascar,MDG,2013,67.98
Madagascar,MDG,2014,67.2
Madagascar,MDG,2015,66.49
Madagascar,MDG,2016,65.79
Madagascar,MDG,2017,65.25
Madagascar,MDG,2018,64.68
Madagascar,MDG,2019,64.12
Malawi,MWI,1991,81.48
Malawi,MWI,1992,81.51
Malawi,MWI,1993,81.38
Malawi,MWI,1994,81.44
Malawi,MWI,1995,81.18
Malawi,MWI,1996,81.03
Malawi,MWI,1997,80.93
Malawi,MWI,1998,80.83
Malawi,MWI,1999,80.75
Malawi,MWI,2000,80.72
Malawi,MWI,2001,80.91
Malawi,MWI,2002,80.84
Malawi,MWI,2003,80.58
Malawi,MWI,2004,80.38
Malawi,MWI,2005,80.23
Malawi,MWI,2006,79.96
Malawi,MWI,2007,79.52
Malawi,MWI,2008,79.21
Malawi,MWI,2009,78.85
Malawi,MWI,2010,78.51
Malawi,MWI,2011,78.23
Malawi,MWI,2012,78.08
Malawi,MWI,2013,77.79
Malawi,MWI,2014,77.49
Malawi,MWI,2015,77.29
Malawi,MWI,2016,77.11
Malawi,MWI,2017,76.86
Malawi,MWI,2018,76.64
Malawi,MWI,2019,76.36
Malaysia,MYS,1991,22.49
Malaysia,MYS,1992,21.79
Malaysia,MYS,1993,21.11
Malaysia,MYS,1994,20.56
Malaysia,MYS,1995,19.97
Malaysia,MYS,1996,19.36
Malaysia,MYS,1997,17.29
Malaysia,MYS,1998,18.8
Malaysia,MYS,1999,18.37
Malaysia,MYS,2000,18.36
Malaysia,MYS,2001,15.13
Malaysia,MYS,2002,14.93
Malaysia,MYS,2003,14.27
Malaysia,MYS,2004,14.56
Malaysia,MYS,2005,14.64
Malaysia,MYS,2006,14.63
Malaysia,MYS,2007,14.73
Malaysia,MYS,2008,13.96
Malaysia,MYS,2009,13.5
Malaysia,MYS,2010,13.3
Malaysia,MYS,2011,11.88
Malaysia,MYS,2012,13.26
Malaysia,MYS,2013,12.69
Malaysia,MYS,2014,12.59
Malaysia,MYS,2015,12.47
Malaysia,MYS,2016,11.37
Malaysia,MYS,2017,11.29
Malaysia,MYS,2018,10.63
Malaysia,MYS,2019,10.28
Maldives,MDV,1991,21.76
Maldives,MDV,1992,21.58
Maldives,MDV,1993,21.4
Maldives,MDV,1994,21.14
Maldives,MDV,1995,20.87
Maldives,MDV,1996,20.53
Maldives,MDV,1997,20.1
Maldives,MDV,1998,19.68
Maldives,MDV,1999,19.28
Maldives,MDV,2000,18.96
Maldives,MDV,2001,18.99
Maldives,MDV,2002,18.5
Maldives,MDV,2003,17.79
Maldives,MDV,2004,17.22
Maldives,MDV,2005,17.23
Maldives,MDV,2006,16.18
Maldives,MDV,2007,15.42
Maldives,MDV,2008,14.61
Maldives,MDV,2009,14.02
Maldives,MDV,2010,13.21
Maldives,MDV,2011,12.43
Maldives,MDV,2012,11.82
Maldives,MDV,2013,11.11
Maldives,MDV,2014,10.41
Maldives,MDV,2015,9.83
Maldives,MDV,2016,9.24
Maldives,MDV,2017,8.96
Maldives,MDV,2018,8.61
Maldives,MDV,2019,8.32
Mali,MLI,1991,74.25
Mali,MLI,1992,74.28
Mali,MLI,1993,74.19
Mali,MLI,1994,74.07
Mali,MLI,1995,73.99
Mali,MLI,1996,73.74
Mali,MLI,1997,73.49
Mali,MLI,1998,73.13
Mali,MLI,1999,72.8
Mali,MLI,2000,72.64
Mali,MLI,2001,71.83
Mali,MLI,2002,71.55
Mali,MLI,2003,70.99
Mali,MLI,2004,70.8
Mali,MLI,2005,70.38
Mali,MLI,2006,69.97
Mali,MLI,2007,69.72
Mali,MLI,2008,69.39
Mali,MLI,2009,68.99
Mali,MLI,2010,68.58
Mali,MLI,2011,68.09
Mali,MLI,2012,67.96
Mali,MLI,2013,67.7
Mali,MLI,2014,66.7
Mali,MLI,2015,62.27
Mali,MLI,2016,64.9
Mali,MLI,2017,63.13
Mali,MLI,2018,63
Mali,MLI,2019,62.44
Malta,MLT,1991,2.49
Malta,MLT,1992,2.45
Malta,MLT,1993,2.41
Malta,MLT,1994,2.36
Malta,MLT,1995,2.3
Malta,MLT,1996,2.25
Malta,MLT,1997,2.22
Malta,MLT,1998,2.17
Malta,MLT,1999,2.11
Malta,MLT,2000,2.04
Malta,MLT,2001,2.35
Malta,MLT,2002,2.34
Malta,MLT,2003,2.46
Malta,MLT,2004,2.26
Malta,MLT,2005,2.1
Malta,MLT,2006,2.03
Malta,MLT,2007,1.82
Malta,MLT,2008,1.79
Malta,MLT,2009,1.46
Malta,MLT,2010,1.34
Malta,MLT,2011,1.17
Malta,MLT,2012,1.04
Malta,MLT,2013,1.26
Malta,MLT,2014,1.29
Malta,MLT,2015,1.47
Malta,MLT,2016,1.17
Malta,MLT,2017,1
Malta,MLT,2018,1
Malta,MLT,2019,1.02
Mauritania,MRT,1991,42.59
Mauritania,MRT,1992,42.48
Mauritania,MRT,1993,42.26
Mauritania,MRT,1994,42.26
Mauritania,MRT,1995,41.9
Mauritania,MRT,1996,41.6
Mauritania,MRT,1997,41.61
Mauritania,MRT,1998,41.37
Mauritania,MRT,1999,41
Mauritania,MRT,2000,41.04
Mauritania,MRT,2001,40.82
Mauritania,MRT,2002,40.45
Mauritania,MRT,2003,39.79
Mauritania,MRT,2004,39.19
Mauritania,MRT,2005,38.41
Mauritania,MRT,2006,37.32
Mauritania,MRT,2007,37.07
Mauritania,MRT,2008,36.75
Mauritania,MRT,2009,36.4
Mauritania,MRT,2010,35.94
Mauritania,MRT,2011,35.37
Mauritania,MRT,2012,34.77
Mauritania,MRT,2013,34.21
Mauritania,MRT,2014,33.61
Mauritania,MRT,2015,32.97
Mauritania,MRT,2016,32.55
Mauritania,MRT,2017,31.98
Mauritania,MRT,2018,31.52
Mauritania,MRT,2019,30.83
Mauritius,MUS,1991,14.82
Mauritius,MUS,1992,14.41
Mauritius,MUS,1993,14.09
Mauritius,MUS,1994,13.79
Mauritius,MUS,1995,14.49
Mauritius,MUS,1996,13.04
Mauritius,MUS,1997,12.54
Mauritius,MUS,1998,11.9
Mauritius,MUS,1999,11.2
Mauritius,MUS,2000,11.43
Mauritius,MUS,2001,11.74
Mauritius,MUS,2002,10.8
Mauritius,MUS,2003,12.77
Mauritius,MUS,2004,10.07
Mauritius,MUS,2005,10.02
Mauritius,MUS,2006,9.72
Mauritius,MUS,2007,9.43
Mauritius,MUS,2008,9.14
Mauritius,MUS,2009,9.04
Mauritius,MUS,2010,8.63
Mauritius,MUS,2011,7.73
Mauritius,MUS,2012,7.66
Mauritius,MUS,2013,7.41
Mauritius,MUS,2014,7.15
Mauritius,MUS,2015,6.91
Mauritius,MUS,2016,6.67
Mauritius,MUS,2017,6.43
Mauritius,MUS,2018,6.2
Mauritius,MUS,2019,5.97
Mexico,MEX,1991,21.09
Mexico,MEX,1992,20.92
Mexico,MEX,1993,20.74
Mexico,MEX,1994,20.49
Mexico,MEX,1995,20.41
Mexico,MEX,1996,20.07
Mexico,MEX,1997,19.75
Mexico,MEX,1998,19.33
Mexico,MEX,1999,18.37
Mexico,MEX,2000,17.41
Mexico,MEX,2001,17.46
Mexico,MEX,2002,16.84
Mexico,MEX,2003,16.17
Mexico,MEX,2004,15.51
Mexico,MEX,2005,14.88
Mexico,MEX,2006,14.25
Mexico,MEX,2007,13.79
Mexico,MEX,2008,13.74
Mexico,MEX,2009,13.81
Mexico,MEX,2010,13.92
Mexico,MEX,2011,13.69
Mexico,MEX,2012,13.72
Mexico,MEX,2013,13.65
Mexico,MEX,2014,13.77
Mexico,MEX,2015,13.43
Mexico,MEX,2016,13.1
Mexico,MEX,2017,13.12
Mexico,MEX,2018,12.81
Mexico,MEX,2019,12.48
Middle East & North Africa,,1991,29.034824
Middle East & North Africa,,1992,29.246914
Middle East & North Africa,,1993,28.454895
Middle East & North Africa,,1994,28.16073
Middle East & North Africa,,1995,27.295958
Middle East & North Africa,,1996,26.710608
Middle East & North Africa,,1997,26.291561
Middle East & North Africa,,1998,25.732122
Middle East & North Africa,,1999,25.30937
Middle East & North Africa,,2000,25.497639
Middle East & North Africa,,2001,24.845976
Middle East & North Africa,,2002,24.193218
Middle East & North Africa,,2003,24.301632
Middle East & North Africa,,2004,24.43346
Middle East & North Africa,,2005,23.687336
Middle East & North Africa,,2006,22.760471
Middle East & North Africa,,2007,22.264404
Middle East & North Africa,,2008,21.277267
Middle East & North Africa,,2009,20.285093
Middle East & North Africa,,2010,19.07476
Middle East & North Africa,,2011,18.755886
Middle East & North Africa,,2012,18.056326
Middle East & North Africa,,2013,17.939512
Middle East & North Africa,,2014,17.679838
Middle East & North Africa,,2015,17.13061
Middle East & North Africa,,2016,16.744436
Middle East & North Africa,,2017,16.200048
Middle East & North Africa,,2018,15.240143
Middle East & North Africa,,2019,14.746772
Middle East & North Africa (IDA & IBRD),,1991,33.172474
Middle East & North Africa (IDA & IBRD),,1992,33.065125
Middle East & North Africa (IDA & IBRD),,1993,32.21872
Middle East & North Africa (IDA & IBRD),,1994,31.967299
Middle East & North Africa (IDA & IBRD),,1995,31.35402
Middle East & North Africa (IDA & IBRD),,1996,30.632366
Middle East & North Africa (IDA & IBRD),,1997,30.121866
Middle East & North Africa (IDA & IBRD),,1998,29.493917
Middle East & North Africa (IDA & IBRD),,1999,29.00899
Middle East & North Africa (IDA & IBRD),,2000,29.337217
Middle East & North Africa (IDA & IBRD),,2001,28.60123
Middle East & North Africa (IDA & IBRD),,2002,27.953106
Middle East & North Africa (IDA & IBRD),,2003,28.138924
Middle East & North Africa (IDA & IBRD),,2004,28.353714
Middle East & North Africa (IDA & IBRD),,2005,27.655169
Middle East & North Africa (IDA & IBRD),,2006,26.722912
Middle East & North Africa (IDA & IBRD),,2007,26.345442
Middle East & North Africa (IDA & IBRD),,2008,25.468271
Middle East & North Africa (IDA & IBRD),,2009,24.501198
Middle East & North Africa (IDA & IBRD),,2010,23.252722
Middle East & North Africa (IDA & IBRD),,2011,23.069145
Middle East & North Africa (IDA & IBRD),,2012,22.345818
Middle East & North Africa (IDA & IBRD),,2013,22.282122
Middle East & North Africa (IDA & IBRD),,2014,22.000113
Middle East & North Africa (IDA & IBRD),,2015,21.323208
Middle East & North Africa (IDA & IBRD),,2016,21.005978
Middle East & North Africa (IDA & IBRD),,2017,20.529728
Middle East & North Africa (IDA & IBRD),,2018,19.425375
Middle East & North Africa (IDA & IBRD),,2019,18.809872
Middle East & North Africa (excluding high income),,1991,33.044453
Middle East & North Africa (excluding high income),,1992,32.93432
Middle East & North Africa (excluding high income),,1993,32.090385
Middle East & North Africa (excluding high income),,1994,31.836699
Middle East & North Africa (excluding high income),,1995,31.224556
Middle East & North Africa (excluding high income),,1996,30.507027
Middle East & North Africa (excluding high income),,1997,29.9967
Middle East & North Africa (excluding high income),,1998,29.372122
Middle East & North Africa (excluding high income),,1999,28.889908
Middle East & North Africa (excluding high income),,2000,29.21587
Middle East & North Africa (excluding high income),,2001,28.496862
Middle East & North Africa (excluding high income),,2002,27.880106
Middle East & North Africa (excluding high income),,2003,28.060291
Middle East & North Africa (excluding high income),,2004,28.276827
Middle East & North Africa (excluding high income),,2005,27.569286
Middle East & North Africa (excluding high income),,2006,26.653805
Middle East & North Africa (excluding high income),,2007,26.270811
Middle East & North Africa (excluding high income),,2008,25.38462
Middle East & North Africa (excluding high income),,2009,24.415009
Middle East & North Africa (excluding high income),,2010,23.168404
Middle East & North Africa (excluding high income),,2011,22.975307
Middle East & North Africa (excluding high income),,2012,22.256002
Middle East & North Africa (excluding high income),,2013,22.184937
Middle East & North Africa (excluding high income),,2014,21.90157
Middle East & North Africa (excluding high income),,2015,21.212215
Middle East & North Africa (excluding high income),,2016,20.887234
Middle East & North Africa (excluding high income),,2017,20.40933
Middle East & North Africa (excluding high income),,2018,19.311544
Middle East & North Africa (excluding high income),,2019,18.694424
Middle income,,1991,52.06977
Middle income,,1992,51.60281
Middle income,,1993,50.54914
Middle income,,1994,49.518936
Middle income,,1995,48.35089
Middle income,,1996,47.441242
Middle income,,1997,46.959827
Middle income,,1998,46.894974
Middle income,,1999,46.90955
Middle income,,2000,46.680508
Middle income,,2001,46.204247
Middle income,,2002,45.835697
Middle income,,2003,45.155907
Middle income,,2004,43.748596
Middle income,,2005,42.59194
Middle income,,2006,41.18318
Middle income,,2007,40.01865
Middle income,,2008,39.296997
Middle income,,2009,38.390278
Middle income,,2010,37.48741
Middle income,,2011,36.20131
Middle income,,2012,35.049767
Middle income,,2013,33.963715
Middle income,,2014,32.814926
Middle income,,2015,32.05889
Middle income,,2016,31.409199
Middle income,,2017,30.742836
Middle income,,2018,29.97802
Middle income,,2019,29.35305
Moldova,MDA,1991,43.03
Moldova,MDA,1992,41.16
Moldova,MDA,1993,44.16
Moldova,MDA,1994,46.55
Moldova,MDA,1995,45.05
Moldova,MDA,1996,42.83
Moldova,MDA,1997,41.56
Moldova,MDA,1998,45.68
Moldova,MDA,1999,48.91
Moldova,MDA,2000,50.87
Moldova,MDA,2001,51.03
Moldova,MDA,2002,49.65
Moldova,MDA,2003,43
Moldova,MDA,2004,40.49
Moldova,MDA,2005,40.65
Moldova,MDA,2006,33.6
Moldova,MDA,2007,32.76
Moldova,MDA,2008,31.06
Moldova,MDA,2009,28.17
Moldova,MDA,2010,27.52
Moldova,MDA,2011,27.53
Moldova,MDA,2012,26.45
Moldova,MDA,2013,28.81
Moldova,MDA,2014,30.48
Moldova,MDA,2015,34.15
Moldova,MDA,2016,33.7
Moldova,MDA,2017,32.34
Moldova,MDA,2018,24.46
Moldova,MDA,2019,20.96
Mongolia,MNG,1991,44.1
Mongolia,MNG,1992,44.62
Mongolia,MNG,1993,44.75
Mongolia,MNG,1994,44.7
Mongolia,MNG,1995,46.14
Mongolia,MNG,1996,46.53
Mongolia,MNG,1997,48.95
Mongolia,MNG,1998,49.74
Mongolia,MNG,1999,49.49
Mongolia,MNG,2000,48.64
Mongolia,MNG,2001,48.35
Mongolia,MNG,2002,44.95
Mongolia,MNG,2003,46.7
Mongolia,MNG,2004,40.17
Mongolia,MNG,2005,39.88
Mongolia,MNG,2006,38.76
Mongolia,MNG,2007,41.58
Mongolia,MNG,2008,40.59
Mongolia,MNG,2009,40.01
Mongolia,MNG,2010,33.53
Mongolia,MNG,2011,33.03
Mongolia,MNG,2012,35.02
Mongolia,MNG,2013,29.82
Mongolia,MNG,2014,27.98
Mongolia,MNG,2015,28.45
Mongolia,MNG,2016,30.36
Mongolia,MNG,2017,28.78
Mongolia,MNG,2018,26.66
Mongolia,MNG,2019,25.32
Montenegro,MNE,1991,11.22
Montenegro,MNE,1992,11.42
Montenegro,MNE,1993,11.79
Montenegro,MNE,1994,11.7
Montenegro,MNE,1995,11.37
Montenegro,MNE,1996,10.93
Montenegro,MNE,1997,10.62
Montenegro,MNE,1998,10.35
Montenegro,MNE,1999,10.44
Montenegro,MNE,2000,10.11
Montenegro,MNE,2001,9.83
Montenegro,MNE,2002,9.61
Montenegro,MNE,2003,9.35
Montenegro,MNE,2004,9
Montenegro,MNE,2005,8.63
Montenegro,MNE,2006,8.69
Montenegro,MNE,2007,8.65
Montenegro,MNE,2008,7.61
Montenegro,MNE,2009,6.97
Montenegro,MNE,2010,6.18
Montenegro,MNE,2011,5.47
Montenegro,MNE,2012,5.28
Montenegro,MNE,2013,4.56
Montenegro,MNE,2014,5.68
Montenegro,MNE,2015,7.72
Montenegro,MNE,2016,7.74
Montenegro,MNE,2017,7.94
Montenegro,MNE,2018,8.02
Montenegro,MNE,2019,7.15
Morocco,MAR,1991,46.93
Morocco,MAR,1992,46.92
Morocco,MAR,1993,46.9
Morocco,MAR,1994,46.64
Morocco,MAR,1995,46.68
Morocco,MAR,1996,46.3
Morocco,MAR,1997,46.2
Morocco,MAR,1998,45.82
Morocco,MAR,1999,45.64
Morocco,MAR,2000,45.43
Morocco,MAR,2001,44.84
Morocco,MAR,2002,44.38
Morocco,MAR,2003,43.9
Morocco,MAR,2004,45.83
Morocco,MAR,2005,45.48
Morocco,MAR,2006,43.4
Morocco,MAR,2007,42.74
Morocco,MAR,2008,41.98
Morocco,MAR,2009,41.3
Morocco,MAR,2010,40.57
Morocco,MAR,2011,39.78
Morocco,MAR,2012,39.22
Morocco,MAR,2013,38.4
Morocco,MAR,2014,37.57
Morocco,MAR,2015,36.69
Morocco,MAR,2016,35.96
Morocco,MAR,2017,35.03
Morocco,MAR,2018,34.15
Morocco,MAR,2019,33.25
Mozambique,MOZ,1991,84.43
Mozambique,MOZ,1992,84.54
Mozambique,MOZ,1993,84.36
Mozambique,MOZ,1994,84.23
Mozambique,MOZ,1995,84.16
Mozambique,MOZ,1996,83.82
Mozambique,MOZ,1997,83.42
Mozambique,MOZ,1998,82.97
Mozambique,MOZ,1999,82.41
Mozambique,MOZ,2000,82.22
Mozambique,MOZ,2001,81.52
Mozambique,MOZ,2002,80.95
Mozambique,MOZ,2003,80.47
Mozambique,MOZ,2004,79.98
Mozambique,MOZ,2005,79.51
Mozambique,MOZ,2006,78.86
Mozambique,MOZ,2007,78.26
Mozambique,MOZ,2008,77.65
Mozambique,MOZ,2009,77.05
Mozambique,MOZ,2010,76.39
Mozambique,MOZ,2011,75.63
Mozambique,MOZ,2012,74.85
Mozambique,MOZ,2013,74.02
Mozambique,MOZ,2014,73.12
Mozambique,MOZ,2015,72.12
Mozambique,MOZ,2016,71.56
Mozambique,MOZ,2017,71.06
Mozambique,MOZ,2018,70.59
Mozambique,MOZ,2019,70.22
Myanmar,MMR,1991,70.05
Myanmar,MMR,1992,69.06
Myanmar,MMR,1993,68.89
Myanmar,MMR,1994,68.68
Myanmar,MMR,1995,66.65
Myanmar,MMR,1996,65.14
Myanmar,MMR,1997,63.35
Myanmar,MMR,1998,62.76
Myanmar,MMR,1999,62.35
Myanmar,MMR,2000,61.1
Myanmar,MMR,2001,60.49
Myanmar,MMR,2002,59.34
Myanmar,MMR,2003,57.83
Myanmar,MMR,2004,56.85
Myanmar,MMR,2005,56.1
Myanmar,MMR,2006,55.13
Myanmar,MMR,2007,54.7
Myanmar,MMR,2008,53.89
Myanmar,MMR,2009,53.29
Myanmar,MMR,2010,53.14
Myanmar,MMR,2011,52.8
Myanmar,MMR,2012,52.6
Myanmar,MMR,2013,52.4
Myanmar,MMR,2014,52.2
Myanmar,MMR,2015,51.69
Myanmar,MMR,2016,51.2
Myanmar,MMR,2017,50.62
Myanmar,MMR,2018,48.17
Myanmar,MMR,2019,48.85
Namibia,NAM,1991,48.28
Namibia,NAM,1992,46.58
Namibia,NAM,1993,45.19
Namibia,NAM,1994,43.62
Namibia,NAM,1995,41.9
Namibia,NAM,1996,40.21
Namibia,NAM,1997,38.49
Namibia,NAM,1998,36.12
Namibia,NAM,1999,33.71
Namibia,NAM,2000,31.28
Namibia,NAM,2001,31.14
Namibia,NAM,2002,30.79
Namibia,NAM,2003,30.41
Namibia,NAM,2004,29.97
Namibia,NAM,2005,29.74
Namibia,NAM,2006,29.29
Namibia,NAM,2007,28.92
Namibia,NAM,2008,28.68
Namibia,NAM,2009,28.52
Namibia,NAM,2010,28.11
Namibia,NAM,2011,27.73
Namibia,NAM,2012,27.37
Namibia,NAM,2013,31.39
Namibia,NAM,2014,29.32
Namibia,NAM,2015,24.48
Namibia,NAM,2016,20.07
Namibia,NAM,2017,21.35
Namibia,NAM,2018,22.59
Namibia,NAM,2019,21.85
Nepal,NPL,1991,82.33
Nepal,NPL,1992,82.1
Nepal,NPL,1993,81.75
Nepal,NPL,1994,81.15
Nepal,NPL,1995,80.52
Nepal,NPL,1996,79.68
Nepal,NPL,1997,78.66
Nepal,NPL,1998,77.52
Nepal,NPL,1999,76.11
Nepal,NPL,2000,75.25
Nepal,NPL,2001,74.59
Nepal,NPL,2002,74.19
Nepal,NPL,2003,73.61
Nepal,NPL,2004,73.08
Nepal,NPL,2005,72.64
Nepal,NPL,2006,72.21
Nepal,NPL,2007,71.78
Nepal,NPL,2008,71.13
Nepal,NPL,2009,70.61
Nepal,NPL,2010,70.04
Nepal,NPL,2011,69.54
Nepal,NPL,2012,68.86
Nepal,NPL,2013,68.24
Nepal,NPL,2014,67.48
Nepal,NPL,2015,66.93
Nepal,NPL,2016,66.66
Nepal,NPL,2017,65.81
Nepal,NPL,2018,65.08
Nepal,NPL,2019,64.38
Netherlands,NLD,1500,56.8
Netherlands,NLD,1600,48.7
Netherlands,NLD,1700,41.6
Netherlands,NLD,1750,42.1
Netherlands,NLD,1800,40.7
Netherlands,NLD,1981,5.3
Netherlands,NLD,1991,4.25
Netherlands,NLD,1992,4.17
Netherlands,NLD,1993,4.08
Netherlands,NLD,1994,3.99
Netherlands,NLD,1995,3.83
Netherlands,NLD,1996,3.78
Netherlands,NLD,1997,3.71
Netherlands,NLD,1998,3.49
Netherlands,NLD,1999,3.21
Netherlands,NLD,2000,3.28
Netherlands,NLD,2001,3.12
Netherlands,NLD,2002,2.94
Netherlands,NLD,2003,3.04
Netherlands,NLD,2004,3.31
Netherlands,NLD,2005,3.7
Netherlands,NLD,2006,3.65
Netherlands,NLD,2007,3.34
Netherlands,NLD,2008,3.17
Netherlands,NLD,2009,3.13
Netherlands,NLD,2010,3.06
Netherlands,NLD,2011,2.78
Netherlands,NLD,2012,2.73
Netherlands,NLD,2013,2.1
Netherlands,NLD,2014,2.29
Netherlands,NLD,2015,2.32
Netherlands,NLD,2016,2.26
Netherlands,NLD,2017,2.27
Netherlands,NLD,2018,2.1
Netherlands,NLD,2019,2.08
New Caledonia,NCL,1991,8.36
New Caledonia,NCL,1992,8.18
New Caledonia,NCL,1993,7.99
New Caledonia,NCL,1994,7.76
New Caledonia,NCL,1995,7.5
New Caledonia,NCL,1996,7.24
New Caledonia,NCL,1997,6.57
New Caledonia,NCL,1998,6.01
New Caledonia,NCL,1999,5.5
New Caledonia,NCL,2000,5.03
New Caledonia,NCL,2001,4.56
New Caledonia,NCL,2002,4.12
New Caledonia,NCL,2003,3.73
New Caledonia,NCL,2004,3.39
New Caledonia,NCL,2005,3.07
New Caledonia,NCL,2006,2.91
New Caledonia,NCL,2007,2.89
New Caledonia,NCL,2008,2.74
New Caledonia,NCL,2009,2.63
New Caledonia,NCL,2010,2.54
New Caledonia,NCL,2011,2.44
New Caledonia,NCL,2012,2.35
New Caledonia,NCL,2013,2.27
New Caledonia,NCL,2014,2.21
New Caledonia,NCL,2015,2.13
New Caledonia,NCL,2016,2.06
New Caledonia,NCL,2017,2
New Caledonia,NCL,2018,1.93
New Caledonia,NCL,2019,1.87
New Zealand,NZL,1991,10.99
New Zealand,NZL,1992,10.81
New Zealand,NZL,1993,10.62
New Zealand,NZL,1994,10.37
New Zealand,NZL,1995,9.78
New Zealand,NZL,1996,9.2
New Zealand,NZL,1997,8.64
New Zealand,NZL,1998,8.54
New Zealand,NZL,1999,9.42
New Zealand,NZL,2000,8.71
New Zealand,NZL,2001,9.13
New Zealand,NZL,2002,8.82
New Zealand,NZL,2003,7.87
New Zealand,NZL,2004,7.32
New Zealand,NZL,2005,6.91
New Zealand,NZL,2006,6.97
New Zealand,NZL,2007,6.92
New Zealand,NZL,2008,6.65
New Zealand,NZL,2009,6.49
New Zealand,NZL,2010,6.74
New Zealand,NZL,2011,6.91
New Zealand,NZL,2012,6.75
New Zealand,NZL,2013,6.45
New Zealand,NZL,2014,6.25
New Zealand,NZL,2015,6.14
New Zealand,NZL,2016,6.61
New Zealand,NZL,2017,6.34
New Zealand,NZL,2018,5.91
New Zealand,NZL,2019,5.84
Nicaragua,NIC,1991,34.78
Nicaragua,NIC,1992,34.76
Nicaragua,NIC,1993,34.72
Nicaragua,NIC,1994,34.5
Nicaragua,NIC,1995,34.26
Nicaragua,NIC,1996,33.99
Nicaragua,NIC,1997,33.49
Nicaragua,NIC,1998,33.05
Nicaragua,NIC,1999,32.15
Nicaragua,NIC,2000,31.85
Nicaragua,NIC,2001,31.23
Nicaragua,NIC,2002,30.93
Nicaragua,NIC,2003,30.53
Nicaragua,NIC,2004,30.31
Nicaragua,NIC,2005,28.89
Nicaragua,NIC,2006,29.16
Nicaragua,NIC,2007,29.61
Nicaragua,NIC,2008,28.16
Nicaragua,NIC,2009,28.66
Nicaragua,NIC,2010,29.47
Nicaragua,NIC,2011,30.27
Nicaragua,NIC,2012,30.51
Nicaragua,NIC,2013,30.88
Nicaragua,NIC,2014,31.44
Nicaragua,NIC,2015,30.98
Nicaragua,NIC,2016,30.37
Nicaragua,NIC,2017,29.92
Nicaragua,NIC,2018,30.33
Nicaragua,NIC,2019,30.6
Niger,NER,1991,76.46
Niger,NER,1992,76.48
Niger,NER,1993,76.53
Niger,NER,1994,76.56
Niger,NER,1995,76.57
Niger,NER,1996,76.62
Niger,NER,1997,76.65
Niger,NER,1998,76.46
Niger,NER,1999,76.53
Niger,NER,2000,76.65
Niger,NER,2001,76.46
Niger,NER,2002,76.35
Niger,NER,2003,76.32
Niger,NER,2004,76.35
Niger,NER,2005,76.13
Niger,NER,2006,75.94
Niger,NER,2007,75.84
Niger,NER,2008,75.55
Niger,NER,2009,75.48
Niger,NER,2010,75.14
Niger,NER,2011,75.04
Niger,NER,2012,74.55
Niger,NER,2013,74.27
Niger,NER,2014,73.97
Niger,NER,2015,73.77
Niger,NER,2016,73.48
Niger,NER,2017,73.22
Niger,NER,2018,72.86
Niger,NER,2019,72.54
Nigeria,NGA,1991,50.57
Nigeria,NGA,1992,50.41
Nigeria,NGA,1993,50.36
Nigeria,NGA,1994,50.28
Nigeria,NGA,1995,50.18
Nigeria,NGA,1996,49.93
Nigeria,NGA,1997,49.67
Nigeria,NGA,1998,49.42
Nigeria,NGA,1999,49.21
Nigeria,NGA,2000,48.75
Nigeria,NGA,2001,48.13
Nigeria,NGA,2002,47.1
Nigeria,NGA,2003,46.37
Nigeria,NGA,2004,45.56
Nigeria,NGA,2005,44.95
Nigeria,NGA,2006,44.34
Nigeria,NGA,2007,43.66
Nigeria,NGA,2008,42.95
Nigeria,NGA,2009,42.16
Nigeria,NGA,2010,41.36
Nigeria,NGA,2011,40.58
Nigeria,NGA,2012,39.47
Nigeria,NGA,2013,38.27
Nigeria,NGA,2014,37.51
Nigeria,NGA,2015,36.94
Nigeria,NGA,2016,36.55
Nigeria,NGA,2017,36.05
Nigeria,NGA,2018,35.53
Nigeria,NGA,2019,34.97
North America,OWID_NAM,1991,2.0848377
North America,OWID_NAM,1992,2.0600421
North America,OWID_NAM,1993,2.0430806
North America,OWID_NAM,1994,2.0025136
North America,OWID_NAM,1995,1.9559308
North America,OWID_NAM,1996,1.9240305
North America,OWID_NAM,1997,1.878253
North America,OWID_NAM,1998,1.8409469
North America,OWID_NAM,1999,1.7884784
North America,OWID_NAM,2000,1.7160741
North America,OWID_NAM,2001,1.591679
North America,OWID_NAM,2002,1.5983135
North America,OWID_NAM,2003,1.5625802
North America,OWID_NAM,2004,1.5266386
North America,OWID_NAM,2005,1.4828299
North America,OWID_NAM,2006,1.4638495
North America,OWID_NAM,2007,1.3637931
North America,OWID_NAM,2008,1.4032601
North America,OWID_NAM,2009,1.4144161
North America,OWID_NAM,2010,1.4626112
North America,OWID_NAM,2011,1.4873303
North America,OWID_NAM,2012,1.420336
North America,OWID_NAM,2013,1.3704063
North America,OWID_NAM,2014,1.3890352
North America,OWID_NAM,2015,1.4614925
North America,OWID_NAM,2016,1.4460208
North America,OWID_NAM,2017,1.4396546
North America,OWID_NAM,2018,1.3828976
North America,OWID_NAM,2019,1.376241
North Korea,PRK,1991,48.05
North Korea,PRK,1992,48.6
North Korea,PRK,1993,49.04
North Korea,PRK,1994,49.37
North Korea,PRK,1995,49.84
North Korea,PRK,1996,50.22
North Korea,PRK,1997,50.87
North Korea,PRK,1998,50.99
North Korea,PRK,1999,50.34
North Korea,PRK,2000,50.22
North Korea,PRK,2001,49.7
North Korea,PRK,2002,49.44
North Korea,PRK,2003,49.11
North Korea,PRK,2004,48.73
North Korea,PRK,2005,48.16
North Korea,PRK,2006,48.12
North Korea,PRK,2007,48.03
North Korea,PRK,2008,47.5
North Korea,PRK,2009,47.33
North Korea,PRK,2010,47.09
North Korea,PRK,2011,46.73
North Korea,PRK,2012,46.32
North Korea,PRK,2013,45.92
North Korea,PRK,2014,45.51
North Korea,PRK,2015,45.27
North Korea,PRK,2016,44.64
North Korea,PRK,2017,44.59
North Korea,PRK,2018,44.54
North Korea,PRK,2019,43.82
North Macedonia,MKD,1991,26.35
North Macedonia,MKD,1992,26.46
North Macedonia,MKD,1993,26.61
North Macedonia,MKD,1994,26.62
North Macedonia,MKD,1995,26.49
North Macedonia,MKD,1996,26.32
North Macedonia,MKD,1997,26.07
North Macedonia,MKD,1998,25.7
North Macedonia,MKD,1999,25.16
North Macedonia,MKD,2000,24.59
North Macedonia,MKD,2001,24.4
North Macedonia,MKD,2002,23.92
North Macedonia,MKD,2003,22.04
North Macedonia,MKD,2004,21.41
North Macedonia,MKD,2005,20.8
North Macedonia,MKD,2006,20.12
North Macedonia,MKD,2007,18.25
North Macedonia,MKD,2008,18.25
North Macedonia,MKD,2009,18.53
North Macedonia,MKD,2010,18.62
North Macedonia,MKD,2011,18.74
North Macedonia,MKD,2012,17.31
North Macedonia,MKD,2013,18.74
North Macedonia,MKD,2014,18.46
North Macedonia,MKD,2015,17.87
North Macedonia,MKD,2016,16.63
North Macedonia,MKD,2017,16.24
North Macedonia,MKD,2018,15.72
North Macedonia,MKD,2019,13.92
Norway,NOR,1991,5.78
Norway,NOR,1992,5.51
Norway,NOR,1993,5.51
Norway,NOR,1994,5.26
Norway,NOR,1995,5.46
Norway,NOR,1996,5.38
Norway,NOR,1997,5.09
Norway,NOR,1998,4.74
Norway,NOR,1999,4.6
Norway,NOR,2000,4.29
Norway,NOR,2001,4.09
Norway,NOR,2002,3.95
Norway,NOR,2003,3.83
Norway,NOR,2004,3.59
Norway,NOR,2005,3.3
Norway,NOR,2006,3.25
Norway,NOR,2007,2.86
Norway,NOR,2008,2.64
Norway,NOR,2009,2.7
Norway,NOR,2010,2.55
Norway,NOR,2011,2.37
Norway,NOR,2012,2.23
Norway,NOR,2013,2.21
Norway,NOR,2014,2.25
Norway,NOR,2015,2.01
Norway,NOR,2016,2.09
Norway,NOR,2017,2.06
Norway,NOR,2018,2.11
Norway,NOR,2019,2.04
OECD members,,1991,8.59878
OECD members,,1992,8.466548
OECD members,,1993,8.20721
OECD members,,1994,8.056963
OECD members,,1995,7.845228
OECD members,,1996,7.6742125
OECD members,,1997,7.529703
OECD members,,1998,7.4134283
OECD members,,1999,7.142729
OECD members,,2000,6.854039
OECD members,,2001,6.746658
OECD members,,2002,6.601238
OECD members,,2003,6.40995
OECD members,,2004,6.1588984
OECD members,,2005,6.0284715
OECD members,,2006,5.838526
OECD members,,2007,5.6318765
OECD members,,2008,5.4582314
OECD members,,2009,5.496234
OECD members,,2010,5.5701933
OECD members,,2011,5.556716
OECD members,,2012,5.4971275
OECD members,,2013,5.410534
OECD members,,2014,5.259615
OECD members,,2015,5.186744
OECD members,,2016,5.063186
OECD members,,2017,5.047889
OECD members,,2018,4.9412227
OECD members,,2019,4.8016787
Oman,OMN,1991,9.9
Oman,OMN,1992,9.68
Oman,OMN,1993,9.43
Oman,OMN,1994,8.69
Oman,OMN,1995,7.97
Oman,OMN,1996,7.3
Oman,OMN,1997,7.08
Oman,OMN,1998,6.85
Oman,OMN,1999,6.63
Oman,OMN,2000,6.39
Oman,OMN,2001,6.7
Oman,OMN,2002,7.01
Oman,OMN,2003,7.33
Oman,OMN,2004,7.64
Oman,OMN,2005,7.93
Oman,OMN,2006,8.21
Oman,OMN,2007,8.43
Oman,OMN,2008,8.61
Oman,OMN,2009,6.79
Oman,OMN,2010,5.15
Oman,OMN,2011,5.09
Oman,OMN,2012,5.03
Oman,OMN,2013,4.86
Oman,OMN,2014,4.68
Oman,OMN,2015,4.57
Oman,OMN,2016,4.47
Oman,OMN,2017,4.32
Oman,OMN,2018,4.14
Oman,OMN,2019,3.99
Other small states,,1991,32.398125
Other small states,,1992,32.101574
Other small states,,1993,31.758883
Other small states,,1994,31.332335
Other small states,,1995,30.755396
Other small states,,1996,30.258612
Other small states,,1997,30.02423
Other small states,,1998,29.944412
Other small states,,1999,29.633041
Other small states,,2000,28.800144
Other small states,,2001,28.35437
Other small states,,2002,28.131424
Other small states,,2003,27.899658
Other small states,,2004,27.255281
Other small states,,2005,26.705866
Other small states,,2006,25.978662
Other small states,,2007,25.063385
Other small states,,2008,24.060585
Other small states,,2009,23.510769
Other small states,,2010,22.78544
Other small states,,2011,22.27584
Other small states,,2012,21.797476
Other small states,,2013,21.603958
Other small states,,2014,21.172934
Other small states,,2015,20.606148
Other small states,,2016,19.979664
Other small states,,2017,19.779394
Other small states,,2018,19.501356
Other small states,,2019,19.166502
Pacific island small states,,1991,44.06718
Pacific island small states,,1992,43.917538
Pacific island small states,,1993,43.848526
Pacific island small states,,1994,43.478035
Pacific island small states,,1995,43.202576
Pacific island small states,,1996,42.957752
Pacific island small states,,1997,42.917213
Pacific island small states,,1998,42.497425
Pacific island small states,,1999,42.401096
Pacific island small states,,2000,42.422432
Pacific island small states,,2001,41.67137
Pacific island small states,,2002,42.201183
Pacific island small states,,2003,42.08484
Pacific island small states,,2004,41.5812
Pacific island small states,,2005,40.55726
Pacific island small states,,2006,39.693703
Pacific island small states,,2007,39.07899
Pacific island small states,,2008,37.765285
Pacific island small states,,2009,37.033318
Pacific island small states,,2010,36.85532
Pacific island small states,,2011,35.87243
Pacific island small states,,2012,35.40706
Pacific island small states,,2013,34.912712
Pacific island small states,,2014,34.31637
Pacific island small states,,2015,33.49944
Pacific island small states,,2016,32.914246
Pacific island small states,,2017,32.375458
Pacific island small states,,2018,31.797102
Pacific island small states,,2019,31.339195
Pakistan,PAK,1991,44.81
Pakistan,PAK,1992,44.55
Pakistan,PAK,1993,44.46
Pakistan,PAK,1994,44.3
Pakistan,PAK,1995,44.05
Pakistan,PAK,1996,43.76
Pakistan,PAK,1997,43.7
Pakistan,PAK,1998,43.53
Pakistan,PAK,1999,43.27
Pakistan,PAK,2000,43.01
Pakistan,PAK,2001,42.75
Pakistan,PAK,2002,42.51
Pakistan,PAK,2003,42.09
Pakistan,PAK,2004,42.57
Pakistan,PAK,2005,43.07
Pakistan,PAK,2006,43.39
Pakistan,PAK,2007,43.64
Pakistan,PAK,2008,44.7
Pakistan,PAK,2009,43.31
Pakistan,PAK,2010,43.39
Pakistan,PAK,2011,43.49
Pakistan,PAK,2012,42.89
Pakistan,PAK,2013,42.24
Pakistan,PAK,2014,42.23
Pakistan,PAK,2015,41.01
Pakistan,PAK,2016,42.27
Pakistan,PAK,2017,39.86
Pakistan,PAK,2018,37.42
Pakistan,PAK,2019,36.92
Palestine,PSE,1991,15.51
Palestine,PSE,1992,15.27
Palestine,PSE,1993,15.11
Palestine,PSE,1994,14.76
Palestine,PSE,1995,14.69
Palestine,PSE,1996,14.69
Palestine,PSE,1997,14.3
Palestine,PSE,1998,14.02
Palestine,PSE,1999,13.7
Palestine,PSE,2000,14.06
Palestine,PSE,2001,12.24
Palestine,PSE,2002,15.39
Palestine,PSE,2003,16.24
Palestine,PSE,2004,16.36
Palestine,PSE,2005,15.03
Palestine,PSE,2006,16.74
Palestine,PSE,2007,16.06
Palestine,PSE,2008,13.37
Palestine,PSE,2009,12.6
Palestine,PSE,2010,11.81
Palestine,PSE,2011,11.62
Palestine,PSE,2012,11.48
Palestine,PSE,2013,10.55
Palestine,PSE,2014,10.4
Palestine,PSE,2015,8.66
Palestine,PSE,2016,7.36
Palestine,PSE,2017,6.71
Palestine,PSE,2018,6.32
Palestine,PSE,2019,6.05
Panama,PAN,1991,27.3
Panama,PAN,1992,24.99
Panama,PAN,1993,23.09
Panama,PAN,1994,19.91
Panama,PAN,1995,20.8
Panama,PAN,1996,20.15
Panama,PAN,1997,18.65
Panama,PAN,1998,17.76
Panama,PAN,1999,17.44
Panama,PAN,2000,16.97
Panama,PAN,2001,18.06
Panama,PAN,2002,17.35
Panama,PAN,2003,17.48
Panama,PAN,2004,16.01
Panama,PAN,2005,15.68
Panama,PAN,2006,15.95
Panama,PAN,2007,14.74
Panama,PAN,2008,17.9
Panama,PAN,2009,18.04
Panama,PAN,2010,17.42
Panama,PAN,2011,16.55
Panama,PAN,2012,16.71
Panama,PAN,2013,16.36
Panama,PAN,2014,15.7
Panama,PAN,2015,14.67
Panama,PAN,2016,15.36
Panama,PAN,2017,14.49
Panama,PAN,2018,14.21
Panama,PAN,2019,14.41
Papua New Guinea,PNG,1991,73.85
Papua New Guinea,PNG,1992,73.63
Papua New Guinea,PNG,1993,73.36
Papua New Guinea,PNG,1994,73.16
Papua New Guinea,PNG,1995,73.24
Papua New Guinea,PNG,1996,72.67
Papua New Guinea,PNG,1997,72.68
Papua New Guinea,PNG,1998,72.61
Papua New Guinea,PNG,1999,72.81
Papua New Guinea,PNG,2000,73.32
Papua New Guinea,PNG,2001,72.77
Papua New Guinea,PNG,2002,72.51
Papua New Guinea,PNG,2003,72.12
Papua New Guinea,PNG,2004,71.44
Papua New Guinea,PNG,2005,70.83
Papua New Guinea,PNG,2006,70.02
Papua New Guinea,PNG,2007,68.87
Papua New Guinea,PNG,2008,68.5
Papua New Guinea,PNG,2009,67.21
Papua New Guinea,PNG,2010,65.43
Papua New Guinea,PNG,2011,64.55
Papua New Guinea,PNG,2012,63.17
Papua New Guinea,PNG,2013,62.19
Papua New Guinea,PNG,2014,61.36
Papua New Guinea,PNG,2015,59.8
Papua New Guinea,PNG,2016,59
Papua New Guinea,PNG,2017,58.15
Papua New Guinea,PNG,2018,57.32
Papua New Guinea,PNG,2019,56.15
Paraguay,PRY,1991,35.31
Paraguay,PRY,1992,35.22
Paraguay,PRY,1993,34.95
Paraguay,PRY,1994,34.67
Paraguay,PRY,1995,34.26
Paraguay,PRY,1996,34.12
Paraguay,PRY,1997,33.84
Paraguay,PRY,1998,33.79
Paraguay,PRY,1999,33.75
Paraguay,PRY,2000,33.9
Paraguay,PRY,2001,34.01
Paraguay,PRY,2002,33.83
Paraguay,PRY,2003,31.33
Paraguay,PRY,2004,32.75
Paraguay,PRY,2005,32.02
Paraguay,PRY,2006,30.31
Paraguay,PRY,2007,28.67
Paraguay,PRY,2008,25.3
Paraguay,PRY,2009,27.96
Paraguay,PRY,2010,25.62
Paraguay,PRY,2011,25.52
Paraguay,PRY,2012,26.14
Paraguay,PRY,2013,22.82
Paraguay,PRY,2014,22.08
Paraguay,PRY,2015,19.7
Paraguay,PRY,2016,21.32
Paraguay,PRY,2017,20.18
Paraguay,PRY,2018,20.08
Paraguay,PRY,2019,18.72
Peru,PER,1991,37.1
Peru,PER,1992,37.12
Peru,PER,1993,36.85
Peru,PER,1994,36.2
Peru,PER,1995,35.75
Peru,PER,1996,35.53
Peru,PER,1997,35.11
Peru,PER,1998,35.08
Peru,PER,1999,35.07
Peru,PER,2000,34.8
Peru,PER,2001,34.66
Peru,PER,2002,34.21
Peru,PER,2003,35.98
Peru,PER,2004,34.25
Peru,PER,2005,34.82
Peru,PER,2006,33.08
Peru,PER,2007,29.43
Peru,PER,2008,28.92
Peru,PER,2009,28.52
Peru,PER,2010,27.73
Peru,PER,2011,28.28
Peru,PER,2012,27.44
Peru,PER,2013,27.41
Peru,PER,2014,28.03
Peru,PER,2015,28.26
Peru,PER,2016,28.38
Peru,PER,2017,27.69
Peru,PER,2018,27.79
Peru,PER,2019,27.37
Philippines,PHL,1991,44.91
Philippines,PHL,1992,45.27
Philippines,PHL,1993,45.69
Philippines,PHL,1994,45.09
Philippines,PHL,1995,43.41
Philippines,PHL,1996,42.84
Philippines,PHL,1997,39.51
Philippines,PHL,1998,37.89
Philippines,PHL,1999,38.84
Philippines,PHL,2000,37.11
Philippines,PHL,2001,37.03
Philippines,PHL,2002,37
Philippines,PHL,2003,36.42
Philippines,PHL,2004,35.97
Philippines,PHL,2005,35.39
Philippines,PHL,2006,34.81
Philippines,PHL,2007,34.22
Philippines,PHL,2008,34.03
Philippines,PHL,2009,33.76
Philippines,PHL,2010,32.92
Philippines,PHL,2011,32.68
Philippines,PHL,2012,32.16
Philippines,PHL,2013,31.05
Philippines,PHL,2014,30.42
Philippines,PHL,2015,29.19
Philippines,PHL,2016,26.9
Philippines,PHL,2017,25.44
Philippines,PHL,2018,24.29
Philippines,PHL,2019,22.86
Poland,POL,1400,76.4
Poland,POL,1500,75.3
Poland,POL,1600,67.4
Poland,POL,1700,63.2
Poland,POL,1750,59.3
Poland,POL,1800,56.2
Poland,POL,1981,29.1
Poland,POL,1991,25.57
Poland,POL,1992,25.13
Poland,POL,1993,24.5
Poland,POL,1994,23.71
Poland,POL,1995,22.88
Poland,POL,1996,21.98
Poland,POL,1997,21.07
Poland,POL,1998,20.26
Poland,POL,1999,19.45
Poland,POL,2000,18.67
Poland,POL,2001,19.2
Poland,POL,2002,19.63
Poland,POL,2003,18.2
Poland,POL,2004,17.61
Poland,POL,2005,17.38
Poland,POL,2006,15.79
Poland,POL,2007,14.75
Poland,POL,2008,13.97
Poland,POL,2009,13.29
Poland,POL,2010,13.05
Poland,POL,2011,12.91
Poland,POL,2012,12.58
Poland,POL,2013,12
Poland,POL,2014,11.49
Poland,POL,2015,11.53
Poland,POL,2016,10.58
Poland,POL,2017,10.22
Poland,POL,2018,9.62
Poland,POL,2019,9.15
Portugal,PRT,1991,11.73
Portugal,PRT,1992,11.54
Portugal,PRT,1993,11.56
Portugal,PRT,1994,11.76
Portugal,PRT,1995,11.48
Portugal,PRT,1996,12.2
Portugal,PRT,1997,13.29
Portugal,PRT,1998,13.93
Portugal,PRT,1999,12.79
Portugal,PRT,2000,12.68
Portugal,PRT,2001,13.17
Portugal,PRT,2002,12.63
Portugal,PRT,2003,12.97
Portugal,PRT,2004,12.3
Portugal,PRT,2005,12.05
Portugal,PRT,2006,11.91
Portugal,PRT,2007,11.84
Portugal,PRT,2008,11.44
Portugal,PRT,2009,11.45
Portugal,PRT,2010,11.2
Portugal,PRT,2011,10.21
Portugal,PRT,2012,10.81
Portugal,PRT,2013,10.23
Portugal,PRT,2014,8.65
Portugal,PRT,2015,7.53
Portugal,PRT,2016,6.91
Portugal,PRT,2017,6.4
Portugal,PRT,2018,6.04
Portugal,PRT,2019,5.5
Post-demographic dividend,,1991,6.871455
Post-demographic dividend,,1992,6.743638
Post-demographic dividend,,1993,6.540189
Post-demographic dividend,,1994,6.386723
Post-demographic dividend,,1995,6.1710935
Post-demographic dividend,,1996,5.9714684
Post-demographic dividend,,1997,5.8046656
Post-demographic dividend,,1998,5.67665
Post-demographic dividend,,1999,5.5006046
Post-demographic dividend,,2000,5.3224473
Post-demographic dividend,,2001,5.0973735
Post-demographic dividend,,2002,4.9692473
Post-demographic dividend,,2003,4.8354874
Post-demographic dividend,,2004,4.629937
Post-demographic dividend,,2005,4.4880834
Post-demographic dividend,,2006,4.337381
Post-demographic dividend,,2007,4.152602
Post-demographic dividend,,2008,3.9596426
Post-demographic dividend,,2009,3.968183
Post-demographic dividend,,2010,3.9001865
Post-demographic dividend,,2011,3.8380945
Post-demographic dividend,,2012,3.7303934
Post-demographic dividend,,2013,3.6843505
Post-demographic dividend,,2014,3.367093
Post-demographic dividend,,2015,3.3279831
Post-demographic dividend,,2016,3.2726734
Post-demographic dividend,,2017,3.2181287
Post-demographic dividend,,2018,3.1288035
Post-demographic dividend,,2019,3.0624557
Pre-demographic dividend,,1991,64.15905
Pre-demographic dividend,,1992,64.1234
Pre-demographic dividend,,1993,64.09726
Pre-demographic dividend,,1994,64.008095
Pre-demographic dividend,,1995,63.826397
Pre-demographic dividend,,1996,63.587856
Pre-demographic dividend,,1997,63.378464
Pre-demographic dividend,,1998,63.137196
Pre-demographic dividend,,1999,62.93398
Pre-demographic dividend,,2000,62.889633
Pre-demographic dividend,,2001,62.69409
Pre-demographic dividend,,2002,62.250397
Pre-demographic dividend,,2003,61.837543
Pre-demographic dividend,,2004,61.449078
Pre-demographic dividend,,2005,61.105312
Pre-demographic dividend,,2006,60.46944
Pre-demographic dividend,,2007,59.91792
Pre-demographic dividend,,2008,59.371296
Pre-demographic dividend,,2009,58.703255
Pre-demographic dividend,,2010,57.968353
Pre-demographic dividend,,2011,57.21009
Pre-demographic dividend,,2012,56.32585
Pre-demographic dividend,,2013,55.842495
Pre-demographic dividend,,2014,55.12733
Pre-demographic dividend,,2015,54.49484
Pre-demographic dividend,,2016,54.209
Pre-demographic dividend,,2017,53.73123
Pre-demographic dividend,,2018,53.162617
Pre-demographic dividend,,2019,52.610695
Puerto Rico,PRI,1991,3.58
Puerto Rico,PRI,1992,3.44
Puerto Rico,PRI,1993,3.39
Puerto Rico,PRI,1994,3.51
Puerto Rico,PRI,1995,2.89
Puerto Rico,PRI,1996,2.7
Puerto Rico,PRI,1997,2.82
Puerto Rico,PRI,1998,2.46
Puerto Rico,PRI,1999,2.19
Puerto Rico,PRI,2000,1.89
Puerto Rico,PRI,2001,2.03
Puerto Rico,PRI,2002,1.97
Puerto Rico,PRI,2003,2
Puerto Rico,PRI,2004,2.12
Puerto Rico,PRI,2005,2.08
Puerto Rico,PRI,2006,1.44
Puerto Rico,PRI,2007,1.13
Puerto Rico,PRI,2008,1.49
Puerto Rico,PRI,2009,1.49
Puerto Rico,PRI,2010,1.38
Puerto Rico,PRI,2011,1.32
Puerto Rico,PRI,2012,1.32
Puerto Rico,PRI,2013,1.28
Puerto Rico,PRI,2014,1.24
Puerto Rico,PRI,2015,1.19
Puerto Rico,PRI,2016,1.16
Puerto Rico,PRI,2017,1.13
Puerto Rico,PRI,2018,1.1
Puerto Rico,PRI,2019,1.09
Qatar,QAT,1991,4.42
Qatar,QAT,1992,4.35
Qatar,QAT,1993,4.27
Qatar,QAT,1994,4.14
Qatar,QAT,1995,4
Qatar,QAT,1996,3.87
Qatar,QAT,1997,3.69
Qatar,QAT,1998,3.3
Qatar,QAT,1999,2.93
Qatar,QAT,2000,2.6
Qatar,QAT,2001,2.29
Qatar,QAT,2002,2.44
Qatar,QAT,2003,2.6
Qatar,QAT,2004,2.75
Qatar,QAT,2005,2.86
Qatar,QAT,2006,2.97
Qatar,QAT,2007,2.35
Qatar,QAT,2008,1.57
Qatar,QAT,2009,1.57
Qatar,QAT,2010,1.46
Qatar,QAT,2011,1.36
Qatar,QAT,2012,1.35
Qatar,QAT,2013,1.38
Qatar,QAT,2014,1.31
Qatar,QAT,2015,1.23
Qatar,QAT,2016,1.22
Qatar,QAT,2017,1.25
Qatar,QAT,2018,1.21
Qatar,QAT,2019,1.17
Romania,ROU,1991,29.78
Romania,ROU,1992,32.98
Romania,ROU,1993,35.99
Romania,ROU,1994,39.04
Romania,ROU,1995,40.33
Romania,ROU,1996,37.96
Romania,ROU,1997,40.87
Romania,ROU,1998,41.98
Romania,ROU,1999,44.01
Romania,ROU,2000,45.21
Romania,ROU,2001,44.43
Romania,ROU,2002,37.71
Romania,ROU,2003,37.68
Romania,ROU,2004,32.57
Romania,ROU,2005,32.29
Romania,ROU,2006,30.6
Romania,ROU,2007,29.53
Romania,ROU,2008,28.7
Romania,ROU,2009,29.09
Romania,ROU,2010,31.01
Romania,ROU,2011,29.26
Romania,ROU,2012,29.71
Romania,ROU,2013,29.25
Romania,ROU,2014,28.35
Romania,ROU,2015,25.59
Romania,ROU,2016,23.1
Romania,ROU,2017,22.78
Romania,ROU,2018,22.31
Romania,ROU,2019,21.24
Russia,RUS,1991,14.24
Russia,RUS,1992,15.42
Russia,RUS,1993,15.56
Russia,RUS,1994,16.15
Russia,RUS,1995,15.78
Russia,RUS,1996,15.27
Russia,RUS,1997,12.16
Russia,RUS,1998,11.69
Russia,RUS,1999,15.01
Russia,RUS,2000,14.49
Russia,RUS,2001,12.05
Russia,RUS,2002,11.34
Russia,RUS,2003,10.8
Russia,RUS,2004,10.48
Russia,RUS,2005,10.14
Russia,RUS,2006,9.88
Russia,RUS,2007,8.99
Russia,RUS,2008,8.53
Russia,RUS,2009,8.27
Russia,RUS,2010,7.75
Russia,RUS,2011,7.69
Russia,RUS,2012,7.33
Russia,RUS,2013,6.99
Russia,RUS,2014,6.72
Russia,RUS,2015,6.71
Russia,RUS,2016,6.72
Russia,RUS,2017,5.9
Russia,RUS,2018,5.88
Russia,RUS,2019,5.83
Rwanda,RWA,1991,89.17
Rwanda,RWA,1992,89.03
Rwanda,RWA,1993,88.96
Rwanda,RWA,1994,89
Rwanda,RWA,1995,89.09
Rwanda,RWA,1996,88.92
Rwanda,RWA,1997,88.8
Rwanda,RWA,1998,88.77
Rwanda,RWA,1999,88.75
Rwanda,RWA,2000,88.56
Rwanda,RWA,2001,88.24
Rwanda,RWA,2002,87.71
Rwanda,RWA,2003,87.02
Rwanda,RWA,2004,86.14
Rwanda,RWA,2005,85.16
Rwanda,RWA,2006,84.14
Rwanda,RWA,2007,83.09
Rwanda,RWA,2008,81.87
Rwanda,RWA,2009,80.72
Rwanda,RWA,2010,79.45
Rwanda,RWA,2011,78.09
Rwanda,RWA,2012,76.61
Rwanda,RWA,2013,72.9
Rwanda,RWA,2014,68.45
Rwanda,RWA,2015,66.95
Rwanda,RWA,2016,65.82
Rwanda,RWA,2017,64.62
Rwanda,RWA,2018,63.35
Rwanda,RWA,2019,62.29
Saint Lucia,LCA,1991,24.48
Saint Lucia,LCA,1992,24.19
Saint Lucia,LCA,1993,23.96
Saint Lucia,LCA,1994,27.42
Saint Lucia,LCA,1995,24.4
Saint Lucia,LCA,1996,25.21
Saint Lucia,LCA,1997,20.49
Saint Lucia,LCA,1998,23.14
Saint Lucia,LCA,1999,21.71
Saint Lucia,LCA,2000,21.07
Saint Lucia,LCA,2001,20.67
Saint Lucia,LCA,2002,20.36
Saint Lucia,LCA,2003,19.8
Saint Lucia,LCA,2004,19
Saint Lucia,LCA,2005,17.78
Saint Lucia,LCA,2006,17.01
Saint Lucia,LCA,2007,16.53
Saint Lucia,LCA,2008,15.84
Saint Lucia,LCA,2009,15.35
Saint Lucia,LCA,2010,14.76
Saint Lucia,LCA,2011,13.97
Saint Lucia,LCA,2012,13.32
Saint Lucia,LCA,2013,12.77
Saint Lucia,LCA,2014,12.05
Saint Lucia,LCA,2015,11.47
Saint Lucia,LCA,2016,10.84
Saint Lucia,LCA,2017,10.35
Saint Lucia,LCA,2018,11.35
Saint Lucia,LCA,2019,9.97
Saint Vincent and the Grenadines,VCT,1991,24.78
Saint Vincent and the Grenadines,VCT,1992,23.73
Saint Vincent and the Grenadines,VCT,1993,22.75
Saint Vincent and the Grenadines,VCT,1994,21.89
Saint Vincent and the Grenadines,VCT,1995,20.95
Saint Vincent and the Grenadines,VCT,1996,20.12
Saint Vincent and the Grenadines,VCT,1997,19.2
Saint Vincent and the Grenadines,VCT,1998,18.32
Saint Vincent and the Grenadines,VCT,1999,17.53
Saint Vincent and the Grenadines,VCT,2000,16.81
Saint Vincent and the Grenadines,VCT,2001,16.03
Saint Vincent and the Grenadines,VCT,2002,15.5
Saint Vincent and the Grenadines,VCT,2003,14.97
Saint Vincent and the Grenadines,VCT,2004,14.52
Saint Vincent and the Grenadines,VCT,2005,14.14
Saint Vincent and the Grenadines,VCT,2006,13.65
Saint Vincent and the Grenadines,VCT,2007,13.27
Saint Vincent and the Grenadines,VCT,2008,12.91
Saint Vincent and the Grenadines,VCT,2009,12.66
Saint Vincent and the Grenadines,VCT,2010,12.49
Saint Vincent and the Grenadines,VCT,2011,12.19
Saint Vincent and the Grenadines,VCT,2012,11.91
Saint Vincent and the Grenadines,VCT,2013,11.61
Saint Vincent and the Grenadines,VCT,2014,11.37
Saint Vincent and the Grenadines,VCT,2015,11.08
Saint Vincent and the Grenadines,VCT,2016,10.84
Saint Vincent and the Grenadines,VCT,2017,10.58
Saint Vincent and the Grenadines,VCT,2018,10.32
Saint Vincent and the Grenadines,VCT,2019,10.08
Samoa,WSM,1991,46
Samoa,WSM,1992,45.87
Samoa,WSM,1993,45.55
Samoa,WSM,1994,46.07
Samoa,WSM,1995,44.98
Samoa,WSM,1996,44.41
Samoa,WSM,1997,44.58
Samoa,WSM,1998,43.58
Samoa,WSM,1999,42.82
Samoa,WSM,2000,41.95
Samoa,WSM,2001,40.58
Samoa,WSM,2002,40.02
Samoa,WSM,2003,39.01
Samoa,WSM,2004,38.64
Samoa,WSM,2005,37.87
Samoa,WSM,2006,37.15
Samoa,WSM,2007,35.81
Samoa,WSM,2008,35.38
Samoa,WSM,2009,35.73
Samoa,WSM,2010,34.54
Samoa,WSM,2011,33.8
Samoa,WSM,2012,33.95
Samoa,WSM,2013,33.94
Samoa,WSM,2014,33.09
Samoa,WSM,2015,32.33
Samoa,WSM,2016,31.76
Samoa,WSM,2017,31.41
Samoa,WSM,2018,30.85
Samoa,WSM,2019,30.21
Sao Tome and Principe,STP,1991,33.7
Sao Tome and Principe,STP,1992,33.58
Sao Tome and Principe,STP,1993,33.43
Sao Tome and Principe,STP,1994,33.21
Sao Tome and Principe,STP,1995,32.97
Sao Tome and Principe,STP,1996,32.7
Sao Tome and Principe,STP,1997,32.41
Sao Tome and Principe,STP,1998,32.01
Sao Tome and Principe,STP,1999,31.55
Sao Tome and Principe,STP,2000,31.15
Sao Tome and Principe,STP,2001,30.58
Sao Tome and Principe,STP,2002,30
Sao Tome and Principe,STP,2003,29.21
Sao Tome and Principe,STP,2004,29.31
Sao Tome and Principe,STP,2005,27.91
Sao Tome and Principe,STP,2006,27.03
Sao Tome and Principe,STP,2007,26.48
Sao Tome and Principe,STP,2008,25.65
Sao Tome and Principe,STP,2009,25.12
Sao Tome and Principe,STP,2010,24.39
Sao Tome and Principe,STP,2011,23.76
Sao Tome and Principe,STP,2012,23.2
Sao Tome and Principe,STP,2013,22.54
Sao Tome and Principe,STP,2014,21.83
Sao Tome and Principe,STP,2015,21.24
Sao Tome and Principe,STP,2016,20.66
Sao Tome and Principe,STP,2017,20.1
Sao Tome and Principe,STP,2018,19.61
Sao Tome and Principe,STP,2019,19.14
Saudi Arabia,SAU,1991,7.86
Saudi Arabia,SAU,1992,7.66
Saudi Arabia,SAU,1993,7.45
Saudi Arabia,SAU,1994,7.25
Saudi Arabia,SAU,1995,7.06
Saudi Arabia,SAU,1996,6.87
Saudi Arabia,SAU,1997,6.68
Saudi Arabia,SAU,1998,6.46
Saudi Arabia,SAU,1999,6.26
Saudi Arabia,SAU,2000,6.12
Saudi Arabia,SAU,2001,6.03
Saudi Arabia,SAU,2002,4.66
Saudi Arabia,SAU,2003,4.49
Saudi Arabia,SAU,2004,4.31
Saudi Arabia,SAU,2005,4.15
Saudi Arabia,SAU,2006,3.98
Saudi Arabia,SAU,2007,4.29
Saudi Arabia,SAU,2008,4.29
Saudi Arabia,SAU,2009,4.06
Saudi Arabia,SAU,2010,4.16
Saudi Arabia,SAU,2011,4.26
Saudi Arabia,SAU,2012,4.36
Saudi Arabia,SAU,2013,4.45
Saudi Arabia,SAU,2014,5.26
Saudi Arabia,SAU,2015,6.1
Saudi Arabia,SAU,2016,4.97
Saudi Arabia,SAU,2017,3.56
Saudi Arabia,SAU,2018,2.52
Saudi Arabia,SAU,2019,2.41
Senegal,SEN,1991,48.91
Senegal,SEN,1992,48.84
Senegal,SEN,1993,48.74
Senegal,SEN,1994,48.64
Senegal,SEN,1995,48.36
Senegal,SEN,1996,48.15
Senegal,SEN,1997,47.85
Senegal,SEN,1998,47.36
Senegal,SEN,1999,46.78
Senegal,SEN,2000,46.32
Senegal,SEN,2001,45.63
Senegal,SEN,2002,45.1
Senegal,SEN,2003,44.17
Senegal,SEN,2004,43.25
Senegal,SEN,2005,42.34
Senegal,SEN,2006,41.62
Senegal,SEN,2007,40.7
Senegal,SEN,2008,39.84
Senegal,SEN,2009,39.07
Senegal,SEN,2010,38.19
Senegal,SEN,2011,37.4
Senegal,SEN,2012,36.39
Senegal,SEN,2013,35.49
Senegal,SEN,2014,34.35
Senegal,SEN,2015,33.33
Senegal,SEN,2016,32.49
Senegal,SEN,2017,31.62
Senegal,SEN,2018,30.83
Senegal,SEN,2019,30.1
Serbia,SRB,1991,29.46
Serbia,SRB,1992,30
Serbia,SRB,1993,30.7
Serbia,SRB,1994,30.53
Serbia,SRB,1995,29.6
Serbia,SRB,1996,29.13
Serbia,SRB,1997,28.53
Serbia,SRB,1998,28.03
Serbia,SRB,1999,28.31
Serbia,SRB,2000,27.39
Serbia,SRB,2001,26.43
Serbia,SRB,2002,25.28
Serbia,SRB,2003,24.5
Serbia,SRB,2004,24.05
Serbia,SRB,2005,23.32
Serbia,SRB,2006,20.54
Serbia,SRB,2007,20.81
Serbia,SRB,2008,25.05
Serbia,SRB,2009,23.87
Serbia,SRB,2010,22.34
Serbia,SRB,2011,21.22
Serbia,SRB,2012,20.97
Serbia,SRB,2013,21.29
Serbia,SRB,2014,19.86
Serbia,SRB,2015,19.41
Serbia,SRB,2016,18.61
Serbia,SRB,2017,17.22
Serbia,SRB,2018,15.93
Serbia,SRB,2019,15.61
Sierra Leone,SLE,1991,71.88
Sierra Leone,SLE,1992,72.1
Sierra Leone,SLE,1993,71.9
Sierra Leone,SLE,1994,71.77
Sierra Leone,SLE,1995,71.85
Sierra Leone,SLE,1996,71.58
Sierra Leone,SLE,1997,71.61
Sierra Leone,SLE,1998,71.29
Sierra Leone,SLE,1999,71.2
Sierra Leone,SLE,2000,70.65
Sierra Leone,SLE,2001,70.96
Sierra Leone,SLE,2002,69.67
Sierra Leone,SLE,2003,69.01
Sierra Leone,SLE,2004,68.46
Sierra Leone,SLE,2005,68.14
Sierra Leone,SLE,2006,67.68
Sierra Leone,SLE,2007,66.81
Sierra Leone,SLE,2008,65.98
Sierra Leone,SLE,2009,65.19
Sierra Leone,SLE,2010,64.16
Sierra Leone,SLE,2011,62.97
Sierra Leone,SLE,2012,61.17
Sierra Leone,SLE,2013,59.16
Sierra Leone,SLE,2014,57.65
Sierra Leone,SLE,2015,58.06
Sierra Leone,SLE,2016,57.03
Sierra Leone,SLE,2017,56.14
Sierra Leone,SLE,2018,55.36
Sierra Leone,SLE,2019,54.49
Singapore,SGP,1991,0.28
Singapore,SGP,1992,0.32
Singapore,SGP,1993,0.24
Singapore,SGP,1994,0.3
Singapore,SGP,1995,0.24
Singapore,SGP,1996,0.19
Singapore,SGP,1997,0.18
Singapore,SGP,1998,0.18
Singapore,SGP,1999,0.17
Singapore,SGP,2000,0.16
Singapore,SGP,2001,0.15
Singapore,SGP,2002,0.15
Singapore,SGP,2003,0.14
Singapore,SGP,2004,0.14
Singapore,SGP,2005,0.13
Singapore,SGP,2006,0.13
Singapore,SGP,2007,0.12
Singapore,SGP,2008,0.12
Singapore,SGP,2009,0.11
Singapore,SGP,2010,0.11
Singapore,SGP,2011,0.11
Singapore,SGP,2012,0.1
Singapore,SGP,2013,0.1
Singapore,SGP,2014,0.09
Singapore,SGP,2015,0.08
Singapore,SGP,2016,0.06
Singapore,SGP,2017,0.06
Singapore,SGP,2018,0.06
Singapore,SGP,2019,0.03
Slovakia,SVK,1991,10.66
Slovakia,SVK,1992,10.44
Slovakia,SVK,1993,10.42
Slovakia,SVK,1994,10.17
Slovakia,SVK,1995,9.2
Slovakia,SVK,1996,8.9
Slovakia,SVK,1997,9.17
Slovakia,SVK,1998,8.14
Slovakia,SVK,1999,7.25
Slovakia,SVK,2000,6.94
Slovakia,SVK,2001,6.26
Slovakia,SVK,2002,6.59
Slovakia,SVK,2003,6
Slovakia,SVK,2004,5.09
Slovakia,SVK,2005,4.75
Slovakia,SVK,2006,4.39
Slovakia,SVK,2007,4.21
Slovakia,SVK,2008,3.96
Slovakia,SVK,2009,3.59
Slovakia,SVK,2010,3.23
Slovakia,SVK,2011,3.08
Slovakia,SVK,2012,3.24
Slovakia,SVK,2013,3.31
Slovakia,SVK,2014,3.5
Slovakia,SVK,2015,3.18
Slovakia,SVK,2016,2.89
Slovakia,SVK,2017,2.71
Slovakia,SVK,2018,2.29
Slovakia,SVK,2019,2.79
Slovenia,SVN,1991,10.84
Slovenia,SVN,1992,10.75
Slovenia,SVN,1993,10.66
Slovenia,SVN,1994,11.57
Slovenia,SVN,1995,10.44
Slovenia,SVN,1996,10.23
Slovenia,SVN,1997,12.14
Slovenia,SVN,1998,12.07
Slovenia,SVN,1999,10.84
Slovenia,SVN,2000,9.6
Slovenia,SVN,2001,9.94
Slovenia,SVN,2002,9.66
Slovenia,SVN,2003,8.44
Slovenia,SVN,2004,9.78
Slovenia,SVN,2005,9.11
Slovenia,SVN,2006,9.59
Slovenia,SVN,2007,9.89
Slovenia,SVN,2008,8.59
Slovenia,SVN,2009,9.12
Slovenia,SVN,2010,8.82
Slovenia,SVN,2011,8.6
Slovenia,SVN,2012,8.39
Slovenia,SVN,2013,8.5
Slovenia,SVN,2014,9.63
Slovenia,SVN,2015,7.08
Slovenia,SVN,2016,5.02
Slovenia,SVN,2017,5.56
Slovenia,SVN,2018,5.48
Slovenia,SVN,2019,4.28
Small states,,1991,30.371128
Small states,,1992,30.078114
Small states,,1993,29.484573
Small states,,1994,29.123976
Small states,,1995,28.469294
Small states,,1996,27.972622
Small states,,1997,27.578562
Small states,,1998,27.34033
Small states,,1999,27.08341
Small states,,2000,26.458422
Small states,,2001,26.105768
Small states,,2002,25.849836
Small states,,2003,25.62555
Small states,,2004,24.877388
Small states,,2005,24.375782
Small states,,2006,23.867926
Small states,,2007,23.191544
Small states,,2008,22.422712
Small states,,2009,22.030718
Small states,,2010,21.50557
Small states,,2011,21.077183
Small states,,2012,20.740162
Small states,,2013,20.54057
Small states,,2014,20.184526
Small states,,2015,19.651766
Small states,,2016,19.067812
Small states,,2017,18.882774
Small states,,2018,18.607197
Small states,,2019,18.242367
Solomon Islands,SLB,1991,52.41
Solomon Islands,SLB,1992,52.1
Solomon Islands,SLB,1993,52.03
Solomon Islands,SLB,1994,51.32
Solomon Islands,SLB,1995,51.1
Solomon Islands,SLB,1996,50.68
Solomon Islands,SLB,1997,50.87
Solomon Islands,SLB,1998,50.13
Solomon Islands,SLB,1999,50.06
Solomon Islands,SLB,2000,51.21
Solomon Islands,SLB,2001,49.96
Solomon Islands,SLB,2002,51.86
Solomon Islands,SLB,2003,52.33
Solomon Islands,SLB,2004,51.5
Solomon Islands,SLB,2005,49.42
Solomon Islands,SLB,2006,48.24
Solomon Islands,SLB,2007,47.66
Solomon Islands,SLB,2008,45.96
Solomon Islands,SLB,2009,46.13
Solomon Islands,SLB,2010,45.55
Solomon Islands,SLB,2011,43.51
Solomon Islands,SLB,2012,42.47
Solomon Islands,SLB,2013,41.63
Solomon Islands,SLB,2014,40.97
Solomon Islands,SLB,2015,40.09
Solomon Islands,SLB,2016,39.48
Solomon Islands,SLB,2017,38.76
Solomon Islands,SLB,2018,37.91
Solomon Islands,SLB,2019,37.26
Somalia,SOM,1991,82.96
Somalia,SOM,1992,83.1
Somalia,SOM,1993,83.05
Somalia,SOM,1994,83.33
Somalia,SOM,1995,83.29
Somalia,SOM,1996,83.18
Somalia,SOM,1997,83.3
Somalia,SOM,1998,83.27
Somalia,SOM,1999,83.23
Somalia,SOM,2000,83.18
Somalia,SOM,2001,83.1
Somalia,SOM,2002,82.98
Somalia,SOM,2003,82.84
Somalia,SOM,2004,82.72
Somalia,SOM,2005,82.58
Somalia,SOM,2006,82.46
Somalia,SOM,2007,82.29
Somalia,SOM,2008,82.15
Somalia,SOM,2009,82
Somalia,SOM,2010,81.84
Somalia,SOM,2011,81.68
Somalia,SOM,2012,81.57
Somalia,SOM,2013,81.43
Somalia,SOM,2014,81.26
Somalia,SOM,2015,81.02
Somalia,SOM,2016,80.82
Somalia,SOM,2017,80.69
Somalia,SOM,2018,80.49
Somalia,SOM,2019,80.28
South Africa,ZAF,1991,11.51
South Africa,ZAF,1992,11.48
South Africa,ZAF,1993,11.39
South Africa,ZAF,1994,11.27
South Africa,ZAF,1995,11.13
South Africa,ZAF,1996,10.95
South Africa,ZAF,1997,10.74
South Africa,ZAF,1998,10.54
South Africa,ZAF,1999,10.28
South Africa,ZAF,2000,9.93
South Africa,ZAF,2001,9.32
South Africa,ZAF,2002,8.71
South Africa,ZAF,2003,8.14
South Africa,ZAF,2004,7.57
South Africa,ZAF,2005,7.02
South Africa,ZAF,2006,6.5
South Africa,ZAF,2007,6.01
South Africa,ZAF,2008,5.57
South Africa,ZAF,2009,5.05
South Africa,ZAF,2010,4.85
South Africa,ZAF,2011,4.6
South Africa,ZAF,2012,4.83
South Africa,ZAF,2013,4.98
South Africa,ZAF,2014,4.65
South Africa,ZAF,2015,5.61
South Africa,ZAF,2016,5.57
South Africa,ZAF,2017,5.28
South Africa,ZAF,2018,5.16
South Africa,ZAF,2019,5.28
South Asia,,1991,62.50807
South Asia,,1992,62.219673
South Asia,,1993,61.83395
South Asia,,1994,61.3917
South Asia,,1995,60.894566
South Asia,,1996,60.33607
South Asia,,1997,60.154346
South Asia,,1998,59.838005
South Asia,,1999,59.27415
South Asia,,2000,58.847507
South Asia,,2001,58.159924
South Asia,,2002,57.48332
South Asia,,2003,56.497746
South Asia,,2004,55.47613
South Asia,,2005,54.601444
South Asia,,2006,53.58617
South Asia,,2007,52.788216
South Asia,,2008,52.356495
South Asia,,2009,51.369343
South Asia,,2010,50.523666
South Asia,,2011,48.70911
South Asia,,2012,46.816757
South Asia,,2013,46.243416
South Asia,,2014,45.650417
South Asia,,2015,44.92841
South Asia,,2016,44.423214
South Asia,,2017,43.422462
South Asia,,2018,42.56402
South Asia,,2019,41.831978
South Asia (IDA & IBRD),,1991,62.50807
South Asia (IDA & IBRD),,1992,62.219673
South Asia (IDA & IBRD),,1993,61.83395
South Asia (IDA & IBRD),,1994,61.3917
South Asia (IDA & IBRD),,1995,60.894566
South Asia (IDA & IBRD),,1996,60.33607
South Asia (IDA & IBRD),,1997,60.154346
South Asia (IDA & IBRD),,1998,59.838005
South Asia (IDA & IBRD),,1999,59.27415
South Asia (IDA & IBRD),,2000,58.847507
South Asia (IDA & IBRD),,2001,58.159924
South Asia (IDA & IBRD),,2002,57.48332
South Asia (IDA & IBRD),,2003,56.497746
South Asia (IDA & IBRD),,2004,55.47613
South Asia (IDA & IBRD),,2005,54.601444
South Asia (IDA & IBRD),,2006,53.58617
South Asia (IDA & IBRD),,2007,52.788216
South Asia (IDA & IBRD),,2008,52.356495
South Asia (IDA & IBRD),,2009,51.369343
South Asia (IDA & IBRD),,2010,50.523666
South Asia (IDA & IBRD),,2011,48.70911
South Asia (IDA & IBRD),,2012,46.816757
South Asia (IDA & IBRD),,2013,46.243416
South Asia (IDA & IBRD),,2014,45.650417
South Asia (IDA & IBRD),,2015,44.92841
South Asia (IDA & IBRD),,2016,44.423214
South Asia (IDA & IBRD),,2017,43.422462
South Asia (IDA & IBRD),,2018,42.56402
South Asia (IDA & IBRD),,2019,41.831978
South Korea,KOR,1991,14.61
South Korea,KOR,1992,14.03
South Korea,KOR,1993,13.48
South Korea,KOR,1994,12.56
South Korea,KOR,1995,11.77
South Korea,KOR,1996,11.14
South Korea,KOR,1997,10.77
South Korea,KOR,1998,12.02
South Korea,KOR,1999,11.34
South Korea,KOR,2000,10.6
South Korea,KOR,2001,9.96
South Korea,KOR,2002,9.33
South Korea,KOR,2003,8.81
South Korea,KOR,2004,8.4
South Korea,KOR,2005,7.96
South Korea,KOR,2006,7.65
South Korea,KOR,2007,7.3
South Korea,KOR,2008,7.14
South Korea,KOR,2009,7.01
South Korea,KOR,2010,6.6
South Korea,KOR,2011,6.37
South Korea,KOR,2012,6.13
South Korea,KOR,2013,6.76
South Korea,KOR,2014,5.58
South Korea,KOR,2015,5.23
South Korea,KOR,2016,4.94
South Korea,KOR,2017,4.92
South Korea,KOR,2018,5
South Korea,KOR,2019,5.14
South Sudan,SSD,1991,67.46
South Sudan,SSD,1992,67.21
South Sudan,SSD,1993,66.95
South Sudan,SSD,1994,66.75
South Sudan,SSD,1995,66.51
South Sudan,SSD,1996,66.31
South Sudan,SSD,1997,66.06
South Sudan,SSD,1998,65.94
South Sudan,SSD,1999,65.85
South Sudan,SSD,2000,65.66
South Sudan,SSD,2001,65.39
South Sudan,SSD,2002,65.1
South Sudan,SSD,2003,64.76
South Sudan,SSD,2004,64.53
South Sudan,SSD,2005,64.23
South Sudan,SSD,2006,63.85
South Sudan,SSD,2007,63.41
South Sudan,SSD,2008,63.08
South Sudan,SSD,2009,63.09
South Sudan,SSD,2010,62.78
South Sudan,SSD,2011,62.53
South Sudan,SSD,2012,62.29
South Sudan,SSD,2013,61.05
South Sudan,SSD,2014,61.08
South Sudan,SSD,2015,61.79
South Sudan,SSD,2016,61.84
South Sudan,SSD,2017,61.66
South Sudan,SSD,2018,60.84
South Sudan,SSD,2019,60.38
Spain,ESP,1991,10.22
Spain,ESP,1992,9.96
Spain,ESP,1993,9.78
Spain,ESP,1994,9.49
Spain,ESP,1995,8.99
Spain,ESP,1996,8.36
Spain,ESP,1997,8.04
Spain,ESP,1998,7.7
Spain,ESP,1999,7.21
Spain,ESP,2000,6.69
Spain,ESP,2001,6.56
Spain,ESP,2002,6.01
Spain,ESP,2003,5.71
Spain,ESP,2004,5.48
Spain,ESP,2005,5.3
Spain,ESP,2006,4.81
Spain,ESP,2007,4.52
Spain,ESP,2008,4.05
Spain,ESP,2009,4.13
Spain,ESP,2010,4.2
Spain,ESP,2011,4.1
Spain,ESP,2012,4.22
Spain,ESP,2013,4.3
Spain,ESP,2014,4.24
Spain,ESP,2015,4.12
Spain,ESP,2016,4.22
Spain,ESP,2017,4.35
Spain,ESP,2018,4.2
Spain,ESP,2019,4.03
Sri Lanka,LKA,1991,42.84
Sri Lanka,LKA,1992,45.01
Sri Lanka,LKA,1993,40.65
Sri Lanka,LKA,1994,43.92
Sri Lanka,LKA,1995,39.57
Sri Lanka,LKA,1996,36.48
Sri Lanka,LKA,1997,38.71
Sri Lanka,LKA,1998,42.66
Sri Lanka,LKA,1999,41.95
Sri Lanka,LKA,2000,41.02
Sri Lanka,LKA,2001,40.76
Sri Lanka,LKA,2002,40
Sri Lanka,LKA,2003,39.15
Sri Lanka,LKA,2004,38.28
Sri Lanka,LKA,2005,37.33
Sri Lanka,LKA,2006,36.22
Sri Lanka,LKA,2007,35.26
Sri Lanka,LKA,2008,34.33
Sri Lanka,LKA,2009,33.49
Sri Lanka,LKA,2010,31.82
Sri Lanka,LKA,2011,31.42
Sri Lanka,LKA,2012,30.99
Sri Lanka,LKA,2013,30.22
Sri Lanka,LKA,2014,28.87
Sri Lanka,LKA,2015,28.66
Sri Lanka,LKA,2016,27.1
Sri Lanka,LKA,2017,26.07
Sri Lanka,LKA,2018,25.5
Sri Lanka,LKA,2019,24.98
Sub-Saharan Africa,,1991,63.451183
Sub-Saharan Africa,,1992,63.407566
Sub-Saharan Africa,,1993,63.31685
Sub-Saharan Africa,,1994,63.217865
Sub-Saharan Africa,,1995,63.05352
Sub-Saharan Africa,,1996,62.81531
Sub-Saharan Africa,,1997,62.65508
Sub-Saharan Africa,,1998,62.500034
Sub-Saharan Africa,,1999,62.338177
Sub-Saharan Africa,,2000,62.371014
Sub-Saharan Africa,,2001,62.288292
Sub-Saharan Africa,,2002,62.140797
Sub-Saharan Africa,,2003,61.886726
Sub-Saharan Africa,,2004,61.477283
Sub-Saharan Africa,,2005,61.25129
Sub-Saharan Africa,,2006,60.640312
Sub-Saharan Africa,,2007,60.040318
Sub-Saharan Africa,,2008,59.34593
Sub-Saharan Africa,,2009,58.83718
Sub-Saharan Africa,,2010,58.25282
Sub-Saharan Africa,,2011,57.518612
Sub-Saharan Africa,,2012,56.732933
Sub-Saharan Africa,,2013,56.20828
Sub-Saharan Africa,,2014,55.396835
Sub-Saharan Africa,,2015,54.68707
Sub-Saharan Africa,,2016,54.404514
Sub-Saharan Africa,,2017,53.87566
Sub-Saharan Africa,,2018,53.34079
Sub-Saharan Africa,,2019,52.867123
Sub-Saharan Africa (IDA & IBRD),,1991,63.451183
Sub-Saharan Africa (IDA & IBRD),,1992,63.407566
Sub-Saharan Africa (IDA & IBRD),,1993,63.31685
Sub-Saharan Africa (IDA & IBRD),,1994,63.217865
Sub-Saharan Africa (IDA & IBRD),,1995,63.05352
Sub-Saharan Africa (IDA & IBRD),,1996,62.81531
Sub-Saharan Africa (IDA & IBRD),,1997,62.65508
Sub-Saharan Africa (IDA & IBRD),,1998,62.500034
Sub-Saharan Africa (IDA & IBRD),,1999,62.338177
Sub-Saharan Africa (IDA & IBRD),,2000,62.371014
Sub-Saharan Africa (IDA & IBRD),,2001,62.288292
Sub-Saharan Africa (IDA & IBRD),,2002,62.140797
Sub-Saharan Africa (IDA & IBRD),,2003,61.886726
Sub-Saharan Africa (IDA & IBRD),,2004,61.477283
Sub-Saharan Africa (IDA & IBRD),,2005,61.25129
Sub-Saharan Africa (IDA & IBRD),,2006,60.640312
Sub-Saharan Africa (IDA & IBRD),,2007,60.040318
Sub-Saharan Africa (IDA & IBRD),,2008,59.34593
Sub-Saharan Africa (IDA & IBRD),,2009,58.83718
Sub-Saharan Africa (IDA & IBRD),,2010,58.25282
Sub-Saharan Africa (IDA & IBRD),,2011,57.518612
Sub-Saharan Africa (IDA & IBRD),,2012,56.732933
Sub-Saharan Africa (IDA & IBRD),,2013,56.20828
Sub-Saharan Africa (IDA & IBRD),,2014,55.396835
Sub-Saharan Africa (IDA & IBRD),,2015,54.68707
Sub-Saharan Africa (IDA & IBRD),,2016,54.404514
Sub-Saharan Africa (IDA & IBRD),,2017,53.87566
Sub-Saharan Africa (IDA & IBRD),,2018,53.34079
Sub-Saharan Africa (IDA & IBRD),,2019,52.867123
Sub-Saharan Africa (excluding high income),,1991,63.451183
Sub-Saharan Africa (excluding high income),,1992,63.407566
Sub-Saharan Africa (excluding high income),,1993,63.31685
Sub-Saharan Africa (excluding high income),,1994,63.217865
Sub-Saharan Africa (excluding high income),,1995,63.05352
Sub-Saharan Africa (excluding high income),,1996,62.81531
Sub-Saharan Africa (excluding high income),,1997,62.65508
Sub-Saharan Africa (excluding high income),,1998,62.500034
Sub-Saharan Africa (excluding high income),,1999,62.338177
Sub-Saharan Africa (excluding high income),,2000,62.371014
Sub-Saharan Africa (excluding high income),,2001,62.288292
Sub-Saharan Africa (excluding high income),,2002,62.140797
Sub-Saharan Africa (excluding high income),,2003,61.886726
Sub-Saharan Africa (excluding high income),,2004,61.477283
Sub-Saharan Africa (excluding high income),,2005,61.25129
Sub-Saharan Africa (excluding high income),,2006,60.640312
Sub-Saharan Africa (excluding high income),,2007,60.040318
Sub-Saharan Africa (excluding high income),,2008,59.34593
Sub-Saharan Africa (excluding high income),,2009,58.83718
Sub-Saharan Africa (excluding high income),,2010,58.25282
Sub-Saharan Africa (excluding high income),,2011,57.518612
Sub-Saharan Africa (excluding high income),,2012,56.732933
Sub-Saharan Africa (excluding high income),,2013,56.20828
Sub-Saharan Africa (excluding high income),,2014,55.396835
Sub-Saharan Africa (excluding high income),,2015,54.68707
Sub-Saharan Africa (excluding high income),,2016,54.404514
Sub-Saharan Africa (excluding high income),,2017,53.87566
Sub-Saharan Africa (excluding high income),,2018,53.34079
Sub-Saharan Africa (excluding high income),,2019,52.867123
Sudan,SDN,1991,53.32
Sudan,SDN,1992,53.22
Sudan,SDN,1993,53.15
Sudan,SDN,1994,53.07
Sudan,SDN,1995,52.94
Sudan,SDN,1996,52.73
Sudan,SDN,1997,52.47
Sudan,SDN,1998,52.22
Sudan,SDN,1999,51.95
Sudan,SDN,2000,51.55
Sudan,SDN,2001,51.11
Sudan,SDN,2002,50.64
Sudan,SDN,2003,50.11
Sudan,SDN,2004,49.62
Sudan,SDN,2005,49.04
Sudan,SDN,2006,48.37
Sudan,SDN,2007,47.59
Sudan,SDN,2008,46.88
Sudan,SDN,2009,46.19
Sudan,SDN,2010,45.68
Sudan,SDN,2011,44.6
Sudan,SDN,2012,43.64
Sudan,SDN,2013,42.83
Sudan,SDN,2014,42.11
Sudan,SDN,2015,41.25
Sudan,SDN,2016,40.37
Sudan,SDN,2017,39.52
Sudan,SDN,2018,38.95
Sudan,SDN,2019,38.37
Suriname,SUR,1991,4.42
Suriname,SUR,1992,4.43
Suriname,SUR,1993,4.62
Suriname,SUR,1994,6.33
Suriname,SUR,1995,7.29
Suriname,SUR,1996,6.15
Suriname,SUR,1997,5.45
Suriname,SUR,1998,5.79
Suriname,SUR,1999,6.4
Suriname,SUR,2000,6.58
Suriname,SUR,2001,7
Suriname,SUR,2002,7.61
Suriname,SUR,2003,7.98
Suriname,SUR,2004,8.44
Suriname,SUR,2005,8.49
Suriname,SUR,2006,8.47
Suriname,SUR,2007,8.46
Suriname,SUR,2008,8.4
Suriname,SUR,2009,8.19
Suriname,SUR,2010,8.04
Suriname,SUR,2011,7.89
Suriname,SUR,2012,7.76
Suriname,SUR,2013,7.61
Suriname,SUR,2014,7.6
Suriname,SUR,2015,7.69
Suriname,SUR,2016,8.24
Suriname,SUR,2017,8.14
Suriname,SUR,2018,8.02
Suriname,SUR,2019,8.08
Sweden,SWE,1991,3.84
Sweden,SWE,1992,3.77
Sweden,SWE,1993,3.71
Sweden,SWE,1994,3.61
Sweden,SWE,1995,3.49
Sweden,SWE,1996,3.25
Sweden,SWE,1997,3.25
Sweden,SWE,1998,3.05
Sweden,SWE,1999,2.99
Sweden,SWE,2000,2.91
Sweden,SWE,2001,2.65
Sweden,SWE,2002,2.52
Sweden,SWE,2003,2.55
Sweden,SWE,2004,2.49
Sweden,SWE,2005,2.32
Sweden,SWE,2006,2.23
Sweden,SWE,2007,2.25
Sweden,SWE,2008,2.12
Sweden,SWE,2009,2.18
Sweden,SWE,2010,2.1
Sweden,SWE,2011,1.99
Sweden,SWE,2012,2.06
Sweden,SWE,2013,2.03
Sweden,SWE,2014,1.98
Sweden,SWE,2015,2.04
Sweden,SWE,2016,1.89
Sweden,SWE,2017,1.83
Sweden,SWE,2018,1.73
Sweden,SWE,2019,1.69
Switzerland,CHE,1991,4.3
Switzerland,CHE,1992,4.2
Switzerland,CHE,1993,4.51
Switzerland,CHE,1994,4.41
Switzerland,CHE,1995,4.45
Switzerland,CHE,1996,4.39
Switzerland,CHE,1997,4.6
Switzerland,CHE,1998,4.61
Switzerland,CHE,1999,4.78
Switzerland,CHE,2000,4.85
Switzerland,CHE,2001,4.35
Switzerland,CHE,2002,4.29
Switzerland,CHE,2003,4.24
Switzerland,CHE,2004,3.89
Switzerland,CHE,2005,3.9
Switzerland,CHE,2006,3.81
Switzerland,CHE,2007,4
Switzerland,CHE,2008,3.59
Switzerland,CHE,2009,3.25
Switzerland,CHE,2010,3.47
Switzerland,CHE,2011,3.51
Switzerland,CHE,2012,3.53
Switzerland,CHE,2013,3.53
Switzerland,CHE,2014,3.58
Switzerland,CHE,2015,3.44
Switzerland,CHE,2016,3.36
Switzerland,CHE,2017,3.11
Switzerland,CHE,2018,3.03
Switzerland,CHE,2019,2.59
Syria,SYR,1991,28.21
Syria,SYR,1992,29.7
Syria,SYR,1993,31.09
Syria,SYR,1994,29.8
Syria,SYR,1995,28.38
Syria,SYR,1996,28.3
Syria,SYR,1997,28.29
Syria,SYR,1998,27.98
Syria,SYR,1999,27.84
Syria,SYR,2000,32.89
Syria,SYR,2001,31.02
Syria,SYR,2002,28.91
Syria,SYR,2003,26.98
Syria,SYR,2004,24.96
Syria,SYR,2005,22.92
Syria,SYR,2006,20.99
Syria,SYR,2007,19.14
Syria,SYR,2008,17.55
Syria,SYR,2009,16
Syria,SYR,2010,14.51
Syria,SYR,2011,13.23
Syria,SYR,2012,13.21
Syria,SYR,2013,13.16
Syria,SYR,2014,12.83
Syria,SYR,2015,12.27
Syria,SYR,2016,11.73
Syria,SYR,2017,11.22
Syria,SYR,2018,10.66
Syria,SYR,2019,10.13
Tajikistan,TJK,1991,53.96
Tajikistan,TJK,1992,54.95
Tajikistan,TJK,1993,55.89
Tajikistan,TJK,1994,57
Tajikistan,TJK,1995,58.04
Tajikistan,TJK,1996,58.96
Tajikistan,TJK,1997,59.36
Tajikistan,TJK,1998,59.72
Tajikistan,TJK,1999,59.71
Tajikistan,TJK,2000,59.42
Tajikistan,TJK,2001,58.69
Tajikistan,TJK,2002,57.82
Tajikistan,TJK,2003,56.85
Tajikistan,TJK,2004,55.71
Tajikistan,TJK,2005,55.2
Tajikistan,TJK,2006,54.92
Tajikistan,TJK,2007,54.47
Tajikistan,TJK,2008,53.81
Tajikistan,TJK,2009,53.13
Tajikistan,TJK,2010,52.55
Tajikistan,TJK,2011,51.75
Tajikistan,TJK,2012,51.05
Tajikistan,TJK,2013,50.21
Tajikistan,TJK,2014,49.4
Tajikistan,TJK,2015,48.56
Tajikistan,TJK,2016,47.76
Tajikistan,TJK,2017,46.68
Tajikistan,TJK,2018,45.76
Tajikistan,TJK,2019,44.72
Tanzania,TZA,1991,84.67
Tanzania,TZA,1992,84.65
Tanzania,TZA,1993,84.62
Tanzania,TZA,1994,84.57
Tanzania,TZA,1995,84.47
Tanzania,TZA,1996,84.31
Tanzania,TZA,1997,84.13
Tanzania,TZA,1998,83.85
Tanzania,TZA,1999,83.46
Tanzania,TZA,2000,82.99
Tanzania,TZA,2001,82.29
Tanzania,TZA,2002,80.6
Tanzania,TZA,2003,78.77
Tanzania,TZA,2004,76.75
Tanzania,TZA,2005,74.55
Tanzania,TZA,2006,72.18
Tanzania,TZA,2007,71.75
Tanzania,TZA,2008,71.33
Tanzania,TZA,2009,70.9
Tanzania,TZA,2010,70.39
Tanzania,TZA,2011,69.77
Tanzania,TZA,2012,69.3
Tanzania,TZA,2013,68.69
Tanzania,TZA,2014,68.05
Tanzania,TZA,2015,67.48
Tanzania,TZA,2016,66.86
Tanzania,TZA,2017,66.23
Tanzania,TZA,2018,65.67
Tanzania,TZA,2019,65.09
Thailand,THA,1991,60.33
Thailand,THA,1992,60.91
Thailand,THA,1993,56.77
Thailand,THA,1994,55.99
Thailand,THA,1995,51.98
Thailand,THA,1996,50.06
Thailand,THA,1997,50.35
Thailand,THA,1998,51.27
Thailand,THA,1999,48.52
Thailand,THA,2000,48.79
Thailand,THA,2001,46.04
Thailand,THA,2002,43.85
Thailand,THA,2003,41.64
Thailand,THA,2004,39.29
Thailand,THA,2005,38.68
Thailand,THA,2006,39.78
Thailand,THA,2007,39.53
Thailand,THA,2008,39.75
Thailand,THA,2009,38.99
Thailand,THA,2010,38.25
Thailand,THA,2011,41.01
Thailand,THA,2012,42.14
Thailand,THA,2013,41.75
Thailand,THA,2014,33.44
Thailand,THA,2015,32.28
Thailand,THA,2016,31.16
Thailand,THA,2017,31.46
Thailand,THA,2018,32.14
Thailand,THA,2019,31.43
Togo,TGO,1991,50.02
Togo,TGO,1992,50.05
Togo,TGO,1993,50.35
Togo,TGO,1994,49.83
Togo,TGO,1995,49.44
Togo,TGO,1996,49.01
Togo,TGO,1997,48.33
Togo,TGO,1998,48.38
Togo,TGO,1999,48.15
Togo,TGO,2000,48
Togo,TGO,2001,47.77
Togo,TGO,2002,47.3
Togo,TGO,2003,46.62
Togo,TGO,2004,46.51
Togo,TGO,2005,46.68
Togo,TGO,2006,46.27
Togo,TGO,2007,46.11
Togo,TGO,2008,45.61
Togo,TGO,2009,44.91
Togo,TGO,2010,44.17
Togo,TGO,2011,43.39
Togo,TGO,2012,42.59
Togo,TGO,2013,41.76
Togo,TGO,2014,40.97
Togo,TGO,2015,38.68
Togo,TGO,2016,36.26
Togo,TGO,2017,33.79
Togo,TGO,2018,33.1
Togo,TGO,2019,32.38
Tonga,TON,1991,38.2
Tonga,TON,1992,38.31
Tonga,TON,1993,38.19
Tonga,TON,1994,36.11
Tonga,TON,1995,35.42
Tonga,TON,1996,35.48
Tonga,TON,1997,35.46
Tonga,TON,1998,35.25
Tonga,TON,1999,34.95
Tonga,TON,2000,33.77
Tonga,TON,2001,32.64
Tonga,TON,2002,32.05
Tonga,TON,2003,31.86
Tonga,TON,2004,31.53
Tonga,TON,2005,29.95
Tonga,TON,2006,28.76
Tonga,TON,2007,28.74
Tonga,TON,2008,27.17
Tonga,TON,2009,26.15
Tonga,TON,2010,25.28
Tonga,TON,2011,24.45
Tonga,TON,2012,23.73
Tonga,TON,2013,23.87
Tonga,TON,2014,23.54
Tonga,TON,2015,22.74
Tonga,TON,2016,21.46
Tonga,TON,2017,20.61
Tonga,TON,2018,19.85
Tonga,TON,2019,19.37
Trinidad and Tobago,TTO,1991,11.74
Trinidad and Tobago,TTO,1992,11.54
Trinidad and Tobago,TTO,1993,11.33
Trinidad and Tobago,TTO,1994,12.38
Trinidad and Tobago,TTO,1995,10.64
Trinidad and Tobago,TTO,1996,9.59
Trinidad and Tobago,TTO,1997,9.5
Trinidad and Tobago,TTO,1998,8.15
Trinidad and Tobago,TTO,1999,8.12
Trinidad and Tobago,TTO,2000,7.23
Trinidad and Tobago,TTO,2001,7.86
Trinidad and Tobago,TTO,2002,6.89
Trinidad and Tobago,TTO,2003,5.9
Trinidad and Tobago,TTO,2004,4.64
Trinidad and Tobago,TTO,2005,4.34
Trinidad and Tobago,TTO,2006,4.41
Trinidad and Tobago,TTO,2007,3.81
Trinidad and Tobago,TTO,2008,3.83
Trinidad and Tobago,TTO,2009,3.87
Trinidad and Tobago,TTO,2010,3.76
Trinidad and Tobago,TTO,2011,3.72
Trinidad and Tobago,TTO,2012,3.74
Trinidad and Tobago,TTO,2013,3.53
Trinidad and Tobago,TTO,2014,3.61
Trinidad and Tobago,TTO,2015,3.43
Trinidad and Tobago,TTO,2016,3.25
Trinidad and Tobago,TTO,2017,3.18
Trinidad and Tobago,TTO,2018,3.11
Trinidad and Tobago,TTO,2019,3.03
Tunisia,TUN,1991,22.13
Tunisia,TUN,1992,21.99
Tunisia,TUN,1993,21.91
Tunisia,TUN,1994,21.8
Tunisia,TUN,1995,21.71
Tunisia,TUN,1996,21.49
Tunisia,TUN,1997,21.27
Tunisia,TUN,1998,21
Tunisia,TUN,1999,20.66
Tunisia,TUN,2000,20.3
Tunisia,TUN,2001,19.92
Tunisia,TUN,2002,19.72
Tunisia,TUN,2003,19.3
Tunisia,TUN,2004,18.75
Tunisia,TUN,2005,18.53
Tunisia,TUN,2006,19.44
Tunisia,TUN,2007,18.7
Tunisia,TUN,2008,18.02
Tunisia,TUN,2009,18.47
Tunisia,TUN,2010,17.95
Tunisia,TUN,2011,16.36
Tunisia,TUN,2012,17.07
Tunisia,TUN,2013,15.37
Tunisia,TUN,2014,14.87
Tunisia,TUN,2015,14.75
Tunisia,TUN,2016,14.77
Tunisia,TUN,2017,14.81
Tunisia,TUN,2018,14.28
Tunisia,TUN,2019,13.8
Turkey,TUR,1991,29.76
Turkey,TUR,1992,29.57
Turkey,TUR,1993,29.33
Turkey,TUR,1994,29.41
Turkey,TUR,1995,29.12
Turkey,TUR,1996,28.81
Turkey,TUR,1997,28.21
Turkey,TUR,1998,28.21
Turkey,TUR,1999,27.82
Turkey,TUR,2000,27.3
Turkey,TUR,2001,27.14
Turkey,TUR,2002,26.87
Turkey,TUR,2003,26.31
Turkey,TUR,2004,25.51
Turkey,TUR,2005,24.8
Turkey,TUR,2006,24.06
Turkey,TUR,2007,23.48
Turkey,TUR,2008,23.14
Turkey,TUR,2009,22.95
Turkey,TUR,2010,23.7
Turkey,TUR,2011,24.16
Turkey,TUR,2012,23.56
Turkey,TUR,2013,22.92
Turkey,TUR,2014,21.09
Turkey,TUR,2015,20.41
Turkey,TUR,2016,19.5
Turkey,TUR,2017,19.38
Turkey,TUR,2018,18.43
Turkey,TUR,2019,18.11
Turkmenistan,TKM,1991,32.98
Turkmenistan,TKM,1992,33.61
Turkmenistan,TKM,1993,33.78
Turkmenistan,TKM,1994,34.33
Turkmenistan,TKM,1995,34.54
Turkmenistan,TKM,1996,34.74
Turkmenistan,TKM,1997,34.74
Turkmenistan,TKM,1998,34.65
Turkmenistan,TKM,1999,34.57
Turkmenistan,TKM,2000,34.28
Turkmenistan,TKM,2001,34.36
Turkmenistan,TKM,2002,34.34
Turkmenistan,TKM,2003,34
Turkmenistan,TKM,2004,33.6
Turkmenistan,TKM,2005,32.85
Turkmenistan,TKM,2006,32.33
Turkmenistan,TKM,2007,31.68
Turkmenistan,TKM,2008,30.91
Turkmenistan,TKM,2009,30.18
Turkmenistan,TKM,2010,29.36
Turkmenistan,TKM,2011,28.36
Turkmenistan,TKM,2012,27.43
Turkmenistan,TKM,2013,26.47
Turkmenistan,TKM,2014,25.45
Turkmenistan,TKM,2015,24.52
Turkmenistan,TKM,2016,23.62
Turkmenistan,TKM,2017,22.68
Turkmenistan,TKM,2018,21.69
Turkmenistan,TKM,2019,20.68
Uganda,UGA,1991,72.34
Uganda,UGA,1992,72.26
Uganda,UGA,1993,72.04
Uganda,UGA,1994,71.85
Uganda,UGA,1995,71.48
Uganda,UGA,1996,71.13
Uganda,UGA,1997,70.88
Uganda,UGA,1998,70.6
Uganda,UGA,1999,70.17
Uganda,UGA,2000,69.95
Uganda,UGA,2001,69.61
Uganda,UGA,2002,69.08
Uganda,UGA,2003,68.7
Uganda,UGA,2004,68.51
Uganda,UGA,2005,68.34
Uganda,UGA,2006,67.92
Uganda,UGA,2007,67.61
Uganda,UGA,2008,67.26
Uganda,UGA,2009,67.06
Uganda,UGA,2010,66.84
Uganda,UGA,2011,66.45
Uganda,UGA,2012,66.14
Uganda,UGA,2013,71.92
Uganda,UGA,2014,72.39
Uganda,UGA,2015,72.26
Uganda,UGA,2016,72.41
Uganda,UGA,2017,72.68
Uganda,UGA,2018,72.45
Uganda,UGA,2019,72.13
Ukraine,UKR,1991,25.11
Ukraine,UKR,1992,25.4
Ukraine,UKR,1993,25.79
Ukraine,UKR,1994,26.17
Ukraine,UKR,1995,26.48
Ukraine,UKR,1996,26.8
Ukraine,UKR,1997,26.72
Ukraine,UKR,1998,26.85
Ukraine,UKR,1999,26.94
Ukraine,UKR,2000,26.5
Ukraine,UKR,2001,25.97
Ukraine,UKR,2002,25.47
Ukraine,UKR,2003,24.69
Ukraine,UKR,2004,23.94
Ukraine,UKR,2005,23.34
Ukraine,UKR,2006,22.56
Ukraine,UKR,2007,21.89
Ukraine,UKR,2008,21.38
Ukraine,UKR,2009,21.3
Ukraine,UKR,2010,20.33
Ukraine,UKR,2011,20.34
Ukraine,UKR,2012,19.89
Ukraine,UKR,2013,20.01
Ukraine,UKR,2014,14.77
Ukraine,UKR,2015,15.26
Ukraine,UKR,2016,15.6
Ukraine,UKR,2017,15.41
Ukraine,UKR,2018,14.42
Ukraine,UKR,2019,13.82
United Arab Emirates,ARE,1991,8.46
United Arab Emirates,ARE,1992,8.37
United Arab Emirates,ARE,1993,8.24
United Arab Emirates,ARE,1994,8.13
United Arab Emirates,ARE,1995,8
United Arab Emirates,ARE,1996,7.99
United Arab Emirates,ARE,1997,7.96
United Arab Emirates,ARE,1998,7.92
United Arab Emirates,ARE,1999,7.92
United Arab Emirates,ARE,2000,7.9
United Arab Emirates,ARE,2001,7.25
United Arab Emirates,ARE,2002,6.67
United Arab Emirates,ARE,2003,6.11
United Arab Emirates,ARE,2004,5.63
United Arab Emirates,ARE,2005,5.19
United Arab Emirates,ARE,2006,4.78
United Arab Emirates,ARE,2007,4.39
United Arab Emirates,ARE,2008,4.04
United Arab Emirates,ARE,2009,3.68
United Arab Emirates,ARE,2010,3.38
United Arab Emirates,ARE,2011,3.08
United Arab Emirates,ARE,2012,2.79
United Arab Emirates,ARE,2013,2.51
United Arab Emirates,ARE,2014,2.25
United Arab Emirates,ARE,2015,2.01
United Arab Emirates,ARE,2016,1.81
United Arab Emirates,ARE,2017,1.62
United Arab Emirates,ARE,2018,1.46
United Arab Emirates,ARE,2019,1.39
United Kingdom,GBR,1400,57.2
United Kingdom,GBR,1500,58.1
United Kingdom,GBR,1700,38.9
United Kingdom,GBR,1750,36.8
United Kingdom,GBR,1800,31.7
United Kingdom,GBR,1980,2.6
United Kingdom,GBR,1991,2.16
United Kingdom,GBR,1992,2.11
United Kingdom,GBR,1993,2.05
United Kingdom,GBR,1994,2.08
United Kingdom,GBR,1995,2.05
United Kingdom,GBR,1996,1.95
United Kingdom,GBR,1997,1.85
United Kingdom,GBR,1998,1.72
United Kingdom,GBR,1999,1.55
United Kingdom,GBR,2000,1.54
United Kingdom,GBR,2001,1.39
United Kingdom,GBR,2002,1.39
United Kingdom,GBR,2003,1.25
United Kingdom,GBR,2004,1.28
United Kingdom,GBR,2005,1.38
United Kingdom,GBR,2006,1.35
United Kingdom,GBR,2007,1.37
United Kingdom,GBR,2008,1.08
United Kingdom,GBR,2009,1.11
United Kingdom,GBR,2010,1.22
United Kingdom,GBR,2011,1.22
United Kingdom,GBR,2012,1.19
United Kingdom,GBR,2013,1.06
United Kingdom,GBR,2014,1.26
United Kingdom,GBR,2015,1.14
United Kingdom,GBR,2016,1.13
United Kingdom,GBR,2017,1.16
United Kingdom,GBR,2018,1.07
United Kingdom,GBR,2019,1.05
United States,USA,1991,1.93
United States,USA,1992,1.91
United States,USA,1993,1.89
United States,USA,1994,1.86
United States,USA,1995,1.83
United States,USA,1996,1.8
United States,USA,1997,1.76
United States,USA,1998,1.72
United States,USA,1999,1.68
United States,USA,2000,1.63
United States,USA,2001,1.53
United States,USA,2002,1.54
United States,USA,2003,1.5
United States,USA,2004,1.47
United States,USA,2005,1.41
United States,USA,2006,1.39
United States,USA,2007,1.29
United States,USA,2008,1.34
United States,USA,2009,1.35
United States,USA,2010,1.42
United States,USA,2011,1.45
United States,USA,2012,1.38
United States,USA,2013,1.32
United States,USA,2014,1.35
United States,USA,2015,1.44
United States,USA,2016,1.43
United States,USA,2017,1.43
United States,USA,2018,1.37
United States,USA,2019,1.36
United States Virgin Islands,VIR,1991,3.43
United States Virgin Islands,VIR,1992,3.41
United States Virgin Islands,VIR,1993,3.38
United States Virgin Islands,VIR,1994,3.33
United States Virgin Islands,VIR,1995,3.28
United States Virgin Islands,VIR,1996,3.23
United States Virgin Islands,VIR,1997,3.17
United States Virgin Islands,VIR,1998,3.12
United States Virgin Islands,VIR,1999,3.05
United States Virgin Islands,VIR,2000,2.97
United States Virgin Islands,VIR,2001,2.89
United States Virgin Islands,VIR,2002,2.82
United States Virgin Islands,VIR,2003,2.75
United States Virgin Islands,VIR,2004,2.66
United States Virgin Islands,VIR,2005,2.57
United States Virgin Islands,VIR,2006,2.48
United States Virgin Islands,VIR,2007,2.4
United States Virgin Islands,VIR,2008,2.35
United States Virgin Islands,VIR,2009,2.33
United States Virgin Islands,VIR,2010,2.28
United States Virgin Islands,VIR,2011,2.28
United States Virgin Islands,VIR,2012,2.25
United States Virgin Islands,VIR,2013,2.23
United States Virgin Islands,VIR,2014,2.18
United States Virgin Islands,VIR,2015,2.13
United States Virgin Islands,VIR,2016,2.07
United States Virgin Islands,VIR,2017,2.03
United States Virgin Islands,VIR,2018,1.97
United States Virgin Islands,VIR,2019,1.93
Upper middle income,,1991,47.856632
Upper middle income,,1992,47.200104
Upper middle income,,1993,45.76257
Upper middle income,,1994,44.446064
Upper middle income,,1995,42.926964
Upper middle income,,1996,41.635418
Upper middle income,,1997,40.998768
Upper middle income,,1998,40.87219
Upper middle income,,1999,41.08192
Upper middle income,,2000,40.86723
Upper middle income,,2001,40.444237
Upper middle income,,2002,40.13043
Upper middle income,,2003,39.30283
Upper middle income,,2004,37.557705
Upper middle income,,2005,35.929855
Upper middle income,,2006,34.23614
Upper middle income,,2007,32.71544
Upper middle income,,2008,31.704384
Upper middle income,,2009,30.65375
Upper middle income,,2010,29.587349
Upper middle income,,2011,28.313265
Upper middle income,,2012,27.41864
Upper middle income,,2013,25.84978
Upper middle income,,2014,24.189196
Upper middle income,,2015,23.46974
Upper middle income,,2016,22.794712
Upper middle income,,2017,22.230692
Upper middle income,,2018,21.563713
Upper middle income,,2019,20.946907
Uruguay,URY,1991,11.73
Uruguay,URY,1992,11.73
Uruguay,URY,1993,11.73
Uruguay,URY,1994,11.73
Uruguay,URY,1995,11.74
Uruguay,URY,1996,11.71
Uruguay,URY,1997,11.67
Uruguay,URY,1998,11.6
Uruguay,URY,1999,11.53
Uruguay,URY,2000,11.47
Uruguay,URY,2001,11.39
Uruguay,URY,2002,11.32
Uruguay,URY,2003,11.2
Uruguay,URY,2004,11.04
Uruguay,URY,2005,10.87
Uruguay,URY,2006,10.74
Uruguay,URY,2007,10.68
Uruguay,URY,2008,10.58
Uruguay,URY,2009,10.95
Uruguay,URY,2010,11.57
Uruguay,URY,2011,9.79
Uruguay,URY,2012,8.61
Uruguay,URY,2013,9.29
Uruguay,URY,2014,9.14
Uruguay,URY,2015,8.82
Uruguay,URY,2016,8.22
Uruguay,URY,2017,8.74
Uruguay,URY,2018,8.36
Uruguay,URY,2019,8.41
Uzbekistan,UZB,1991,40.67
Uzbekistan,UZB,1992,40.45
Uzbekistan,UZB,1993,40.79
Uzbekistan,UZB,1994,41.29
Uzbekistan,UZB,1995,41.24
Uzbekistan,UZB,1996,41.55
Uzbekistan,UZB,1997,41.58
Uzbekistan,UZB,1998,40.86
Uzbekistan,UZB,1999,39.8
Uzbekistan,UZB,2000,39.08
Uzbekistan,UZB,2001,38.17
Uzbekistan,UZB,2002,37.21
Uzbekistan,UZB,2003,36.17
Uzbekistan,UZB,2004,34.96
Uzbekistan,UZB,2005,33.69
Uzbekistan,UZB,2006,32.37
Uzbekistan,UZB,2007,30.91
Uzbekistan,UZB,2008,29.47
Uzbekistan,UZB,2009,28.09
Uzbekistan,UZB,2010,26.81
Uzbekistan,UZB,2011,27.09
Uzbekistan,UZB,2012,26.6
Uzbekistan,UZB,2013,27.17
Uzbekistan,UZB,2014,27.53
Uzbekistan,UZB,2015,27.58
Uzbekistan,UZB,2016,27.42
Uzbekistan,UZB,2017,27.15
Uzbekistan,UZB,2018,26.65
Uzbekistan,UZB,2019,25.71
Vanuatu,VUT,1991,69.72
Vanuatu,VUT,1992,69.74
Vanuatu,VUT,1993,70.04
Vanuatu,VUT,1994,69.7
Vanuatu,VUT,1995,69.99
Vanuatu,VUT,1996,69.98
Vanuatu,VUT,1997,69.68
Vanuatu,VUT,1998,69.21
Vanuatu,VUT,1999,69.22
Vanuatu,VUT,2000,68.66
Vanuatu,VUT,2001,69.06
Vanuatu,VUT,2002,69.66
Vanuatu,VUT,2003,68.96
Vanuatu,VUT,2004,68.67
Vanuatu,VUT,2005,67.95
Vanuatu,VUT,2006,67.11
Vanuatu,VUT,2007,66.07
Vanuatu,VUT,2008,64.21
Vanuatu,VUT,2009,60.55
Vanuatu,VUT,2010,63.83
Vanuatu,VUT,2011,64.1
Vanuatu,VUT,2012,63.8
Vanuatu,VUT,2013,62.88
Vanuatu,VUT,2014,62.42
Vanuatu,VUT,2015,60.62
Vanuatu,VUT,2016,59.42
Vanuatu,VUT,2017,58.57
Vanuatu,VUT,2018,57.64
Vanuatu,VUT,2019,56.78
Venezuela,VEN,1991,12.64
Venezuela,VEN,1992,11.78
Venezuela,VEN,1993,11.27
Venezuela,VEN,1994,13.9
Venezuela,VEN,1995,13.52
Venezuela,VEN,1996,13.53
Venezuela,VEN,1997,10.82
Venezuela,VEN,1998,9.99
Venezuela,VEN,1999,10.19
Venezuela,VEN,2000,10.61
Venezuela,VEN,2001,9.65
Venezuela,VEN,2002,9.97
Venezuela,VEN,2003,10.77
Venezuela,VEN,2004,10.5
Venezuela,VEN,2005,10.29
Venezuela,VEN,2006,9.42
Venezuela,VEN,2007,8.84
Venezuela,VEN,2008,8.52
Venezuela,VEN,2009,8.37
Venezuela,VEN,2010,8.28
Venezuela,VEN,2011,7.99
Venezuela,VEN,2012,7.66
Venezuela,VEN,2013,7.45
Venezuela,VEN,2014,7.33
Venezuela,VEN,2015,7.33
Venezuela,VEN,2016,7.4
Venezuela,VEN,2017,7.45
Venezuela,VEN,2018,7.54
Venezuela,VEN,2019,7.86
Vietnam,VNM,1991,70.88
Vietnam,VNM,1992,69.81
Vietnam,VNM,1993,68.78
Vietnam,VNM,1994,67.82
Vietnam,VNM,1995,66.97
Vietnam,VNM,1996,66.31
Vietnam,VNM,1997,65.28
Vietnam,VNM,1998,64.77
Vietnam,VNM,1999,64.99
Vietnam,VNM,2000,65.25
Vietnam,VNM,2001,63.99
Vietnam,VNM,2002,62.04
Vietnam,VNM,2003,59.68
Vietnam,VNM,2004,57.9
Vietnam,VNM,2005,54.83
Vietnam,VNM,2006,51.67
Vietnam,VNM,2007,49.28
Vietnam,VNM,2008,48.62
Vietnam,VNM,2009,47.55
Vietnam,VNM,2010,48.71
Vietnam,VNM,2011,48.31
Vietnam,VNM,2012,47.37
Vietnam,VNM,2013,46.81
Vietnam,VNM,2014,46.34
Vietnam,VNM,2015,44.02
Vietnam,VNM,2016,41.87
Vietnam,VNM,2017,40.16
Vietnam,VNM,2018,38.7
Vietnam,VNM,2019,37.22
World,OWID_WRL,1991,43.69909
World,OWID_WRL,1992,43.474453
World,OWID_WRL,1993,42.761868
World,OWID_WRL,1994,42.020775
World,OWID_WRL,1995,41.115856
World,OWID_WRL,1996,40.45169
World,OWID_WRL,1997,40.078907
World,OWID_WRL,1998,40.05212
World,OWID_WRL,1999,40.06743
World,OWID_WRL,2000,39.910355
World,OWID_WRL,2001,39.57007
World,OWID_WRL,2002,39.34763
World,OWID_WRL,2003,38.87109
World,OWID_WRL,2004,37.823814
World,OWID_WRL,2005,36.930977
World,OWID_WRL,2006,35.79818
World,OWID_WRL,2007,34.852097
World,OWID_WRL,2008,34.261242
World,OWID_WRL,2009,33.697765
World,OWID_WRL,2010,33.03143
World,OWID_WRL,2011,32.048603
World,OWID_WRL,2012,31.14652
World,OWID_WRL,2013,30.339811
World,OWID_WRL,2014,29.430202
World,OWID_WRL,2015,28.834824
World,OWID_WRL,2016,28.32059
World,OWID_WRL,2017,27.801733
World,OWID_WRL,2018,27.22024
World,OWID_WRL,2019,26.756779
Yemen,YEM,1991,54.82
Yemen,YEM,1992,54.69
Yemen,YEM,1993,54.74
Yemen,YEM,1994,54.65
Yemen,YEM,1995,52.49
Yemen,YEM,1996,50.31
Yemen,YEM,1997,47.99
Yemen,YEM,1998,45.57
Yemen,YEM,1999,43.26
Yemen,YEM,2000,40.84
Yemen,YEM,2001,38.42
Yemen,YEM,2002,35.96
Yemen,YEM,2003,33.48
Yemen,YEM,2004,31.03
Yemen,YEM,2005,29.9
Yemen,YEM,2006,28.82
Yemen,YEM,2007,27.72
Yemen,YEM,2008,26.53
Yemen,YEM,2009,25.3
Yemen,YEM,2010,24.11
Yemen,YEM,2011,25.87
Yemen,YEM,2012,27.01
Yemen,YEM,2013,28.02
Yemen,YEM,2014,29.25
Yemen,YEM,2015,29.47
Yemen,YEM,2016,29.26
Yemen,YEM,2017,28.9
Yemen,YEM,2018,28.31
Yemen,YEM,2019,27.55
Zambia,ZMB,1991,70.21
Zambia,ZMB,1992,70.21
Zambia,ZMB,1993,70.07
Zambia,ZMB,1994,70.42
Zambia,ZMB,1995,70.3
Zambia,ZMB,1996,70.05
Zambia,ZMB,1997,69.89
Zambia,ZMB,1998,69.97
Zambia,ZMB,1999,70.42
Zambia,ZMB,2000,70.88
Zambia,ZMB,2001,71.23
Zambia,ZMB,2002,71.57
Zambia,ZMB,2003,71.78
Zambia,ZMB,2004,71.98
Zambia,ZMB,2005,72.26
Zambia,ZMB,2006,72.02
Zambia,ZMB,2007,71.73
Zambia,ZMB,2008,71.43
Zambia,ZMB,2009,68.09
Zambia,ZMB,2010,64.33
Zambia,ZMB,2011,60.43
Zambia,ZMB,2012,56.03
Zambia,ZMB,2013,54.47
Zambia,ZMB,2014,53.28
Zambia,ZMB,2015,52.27
Zambia,ZMB,2016,51.37
Zambia,ZMB,2017,50.71
Zambia,ZMB,2018,50.11
Zambia,ZMB,2019,49.64
Zimbabwe,ZWE,1991,61.43
Zimbabwe,ZWE,1992,61.47
Zimbabwe,ZWE,1993,61.4
Zimbabwe,ZWE,1994,61.08
Zimbabwe,ZWE,1995,60.92
Zimbabwe,ZWE,1996,60.52
Zimbabwe,ZWE,1997,60.31
Zimbabwe,ZWE,1998,60.08
Zimbabwe,ZWE,1999,60.03
Zimbabwe,ZWE,2000,60.62
Zimbabwe,ZWE,2001,61
Zimbabwe,ZWE,2002,61.9
Zimbabwe,ZWE,2003,62.95
Zimbabwe,ZWE,2004,63.67
Zimbabwe,ZWE,2005,64.51
Zimbabwe,ZWE,2006,64.72
Zimbabwe,ZWE,2007,65.55
Zimbabwe,ZWE,2008,66.5
Zimbabwe,ZWE,2009,66.07
Zimbabwe,ZWE,2010,65.54
Zimbabwe,ZWE,2011,65.86
Zimbabwe,ZWE,2012,65.99
Zimbabwe,ZWE,2013,66.77
Zimbabwe,ZWE,2014,67.24
Zimbabwe,ZWE,2015,67.06
Zimbabwe,ZWE,2016,66.88
Zimbabwe,ZWE,2017,66.48
Zimbabwe,ZWE,2018,66.02
Zimbabwe,ZWE,2019,66.19